==========================================
NBA 3PT Props Model Run: Fri Dec 12 05:00:04 EST 2025
==========================================
Running NBA 3PT Props model...

[1m[96m================================================================================[0m
[1m[96mNBA 3-POINT PROPS A.I. MODEL[0m
[1m[96m================================================================================[0m

[96mChecking 5 pending picks...[0m
[92m✓ Updated 1 picks[0m

[96mFetching REAL NBA player 3PT statistics...[0m
[92m✓ Using cached player stats (less than 6 hours old)[0m

[96mFetching opponent 3PT defense stats...[0m
[92m✓ Using cached defense stats[0m

[96mFetching player prop odds...[0m
[96m  Found 9 upcoming games[0m
[96m  Game 1/9: Atlanta Hawks @ Detroit Pistons - 20 props[0m
[96m  Game 2/9: Chicago Bulls @ Charlotte Hornets - 18 props[0m
[96m  Game 3/9: Cleveland Cavaliers @ Washington Wizards - 20 props[0m
[96m  Game 4/9: Indiana Pacers @ Philadelphia 76ers - 18 props[0m
[96m  Game 5/9: Utah Jazz @ Memphis Grizzlies - 24 props[0m
[96m  Game 6/9: Brooklyn Nets @ Dallas Mavericks - 18 props[0m
[96m  Game 7/9: Minnesota Timberwolves @ Golden State Warriors - 20 props[0m
[96m  Game 8/9: New York Knicks @ Orlando Magic - 24 props[0m
[96m  Game 9/9: San Antonio Spurs @ Oklahoma City Thunder - 24 props[0m
[92m✓ Fetched 186 total player props[0m
[93m  API requests remaining: 32[0m

[96mAnalyzing 186 player props with REAL stats...[0m
[92m✓ Found 2 top OVER plays (A.I. Score >= 9.5)[0m
[92m✓ Found 5 top UNDER plays (A.I. Score >= 9.5)[0m
[93m  Skipped 6 props (no player stats found)[0m
[93m  Skipped 346 props (score below 9.5)[0m

[96mAuto-tracking picks with A.I. Score >= 9.7...[0m
[93m  No new picks to track (all already tracked)[0m

[1m[96m================================================================================[0m
[1m[96mTRACKING SUMMARY[0m
[1m[96m================================================================================[0m
Total Picks: 43 | Wins: 14 | Losses: 25 | Pending: 4
Win Rate: 35.9% | ROI: -12.26u (-28.5%)

[1m[92m================================================================================[0m
[1m[92mTOP OVER PLAYS[0m
[1m[92m================================================================================[0m
📊 [96m 1. Anthony Edwards          [0m | [92mOVER 2.5 3PT   [0m | Minnesota Timberwolves vs Golden State Warriors | [1mA.I.: 10.00[0m
   [96m 2. Max Christie             [0m | [92mOVER 1.5 3PT   [0m | Dallas Mavericks vs Brooklyn Nets | [1mA.I.: 9.50[0m

[1m[91m================================================================================[0m
[1m[91mTOP UNDER PLAYS[0m
[1m[91m================================================================================[0m
📊 [96m 1. Brandon Miller           [0m | [91mUNDER 3.5 3PT  [0m | Charlotte Hornets vs Chicago Bulls | [1mA.I.: 10.00[0m
📊 [96m 2. Jalen Williams           [0m | [91mUNDER 1.5 3PT  [0m | Oklahoma City Thunder vs San Antonio Spurs | [1mA.I.: 10.00[0m
📊 [96m 3. Ja Morant                [0m | [91mUNDER 1.5 3PT  [0m | Memphis Grizzlies vs Utah Jazz | [1mA.I.: 9.70[0m
   [96m 4. Cooper Flagg             [0m | [91mUNDER 1.5 3PT  [0m | Dallas Mavericks vs Brooklyn Nets | [1mA.I.: 9.69[0m
   [96m 5. Joel Embiid              [0m | [91mUNDER 1.5 3PT  [0m | Philadelphia 76ers vs Indiana Pacers | [1mA.I.: 9.68[0m

[93m📊 = Auto-tracked (A.I. Score >= 9.7)[0m

[96mGenerating HTML report...[0m

[92m✓ HTML report saved: /Users/rico/sports-models/nba/nba_3pt_props.html[0m

[1m[92m================================================================================[0m
[1m[92m✓ Model execution complete![0m
[1m[92m================================================================================[0m

[96mUpdating unified dashboard...[0m
[92m✓ Dashboard updated[0m


==========================================
✅ Model completed successfully!
==========================================

📤 Pushing updates to GitHub...
[main 07ce35e] Update model outputs - 2025-12-12 05:00:10
 Committer: Ricardo Hill <rico@Ricos-M1-Mac-2.local>
Your name and email address were configured automatically based
on your username and hostname. Please check that they are accurate.
You can suppress this message by setting them explicitly. Run the
following command and follow the instructions in your editor to edit
your configuration file:

    git config --global --edit

After doing this, you may fix the identity used for this commit with:

    git commit --amend --reset-author

 2 files changed, 81 insertions(+), 16 deletions(-)
To https://github.com/BangLetsGetIt/NBA-NCAA-Betting-Models.git
   df08b46..07ce35e  main -> main
✅ Successfully pushed to GitHub!
==========================================
NBA 3PT Props Model Run: Sat Dec 13 05:00:04 EST 2025
==========================================
Running NBA 3PT Props model...

[1m[96m================================================================================[0m
[1m[96mNBA 3-POINT PROPS A.I. MODEL[0m
[1m[96m================================================================================[0m

[96mChecking 12 pending picks...[0m
[96m  Checking Brandon Miller (Charlotte Hornets) from 2025-12-12...[0m
    [92mWIN[0m: Brandon Miller made 2 3-pointers (line: 3.5, bet: UNDER)
[96m  Checking Anthony Edwards (Minnesota Timberwolves) from 2025-12-12...[0m
[93m    Could not fetch stats, skipping...[0m
[96m  Checking Ja Morant (Memphis Grizzlies) from 2025-12-12...[0m
    [91mLOSS[0m: Ja Morant made 2 3-pointers (line: 1.5, bet: UNDER)
[96m  Checking Klay Thompson (Dallas Mavericks) from 2025-12-12...[0m
    [92mWIN[0m: Klay Thompson made 3 3-pointers (line: 1.5, bet: OVER)
[96m  Checking Donte DiVincenzo (Minnesota Timberwolves) from 2025-12-12...[0m
    [92mWIN[0m: Donte DiVincenzo made 4 3-pointers (line: 1.5, bet: OVER)
[96m  Checking Brandin Podziemski (Golden State Warriors) from 2025-12-12...[0m
    [91mLOSS[0m: Brandin Podziemski made 0 3-pointers (line: 0.5, bet: OVER)
[96m  Checking Moses Moody (Golden State Warriors) from 2025-12-12...[0m
    [92mWIN[0m: Moses Moody made 1 3-pointers (line: 0.5, bet: OVER)
[96m  Checking Buddy Hield (Golden State Warriors) from 2025-12-12...[0m
    [92mWIN[0m: Buddy Hield made 2 3-pointers (line: 2.5, bet: UNDER)
[96m  Checking Quinten Post (Golden State Warriors) from 2025-12-12...[0m
    [91mLOSS[0m: Quinten Post made 4 3-pointers (line: 3.5, bet: UNDER)
[96m  Checking Naz Reid (Minnesota Timberwolves) from 2025-12-12...[0m
    [92mWIN[0m: Naz Reid made 3 3-pointers (line: 3.5, bet: UNDER)
[96m  Checking Quinten Post (Golden State Warriors) from 2025-12-12...[0m
    [91mLOSS[0m: Quinten Post made 4 3-pointers (line: 2.5, bet: UNDER)

[92m✓ Updated 10 picks[0m

[96mFetching REAL NBA player 3PT statistics...[0m
[96m  Fetching season stats...[0m
[96m  Fetching recent form (last 10 games)...[0m
[92m✓ Fetched REAL stats for 499 players[0m

[96mFetching opponent 3PT defense stats...[0m
[92m✓ Fetched defense stats for 43 teams[0m

[96mFetching player prop odds...[0m
[96m  Found 10 upcoming games[0m
[96m  Game 1/10: New York Knicks @ Orlando Magic - 24 props[0m
[96m  Game 2/10: San Antonio Spurs @ Oklahoma City Thunder - 24 props[0m
[96m  Game 3/10: Washington Wizards @ Indiana Pacers - 14 props[0m
[96m  Game 4/10: Charlotte Hornets @ Cleveland Cavaliers - 14 props[0m
[96m  Game 5/10: Philadelphia 76ers @ Atlanta Hawks - 22 props[0m
[96m  Game 6/10: Milwaukee Bucks @ Brooklyn Nets - 12 props[0m
[96m  Game 7/10: New Orleans Pelicans @ Chicago Bulls - 18 props[0m
[96m  Game 8/10: Sacramento Kings @ Minnesota Timberwolves - 18 props[0m
[96m  Game 9/10: Los Angeles Lakers @ Phoenix Suns - 16 props[0m
[96m  Game 10/10: Golden State Warriors @ Portland Trail Blazers - 14 props[0m
[92m✓ Fetched 176 total player props[0m
[93m  API requests remaining: 19662[0m

[96mAnalyzing 176 player props with REAL stats...[0m
[92m✓ Found 0 top OVER plays (A.I. Score >= 9.5)[0m
[92m✓ Found 4 top UNDER plays (A.I. Score >= 9.5)[0m
[93m  Skipped 6 props (no player stats found)[0m
[93m  Skipped 332 props (score below 9.5)[0m

[96mAuto-tracking picks with A.I. Score >= 9.7...[0m
[92m✓ Tracked 3 new picks[0m

[1m[96m================================================================================[0m
[1m[96mTRACKING SUMMARY[0m
[1m[96m================================================================================[0m
Total Picks: 54 | Wins: 21 | Losses: 28 | Pending: 5
Win Rate: 42.9% | ROI: -8.89u (-16.5%)

[1m[92m================================================================================[0m
[1m[92mTOP OVER PLAYS[0m
[1m[92m================================================================================[0m

[1m[91m================================================================================[0m
[1m[91mTOP UNDER PLAYS[0m
[1m[91m================================================================================[0m
📊 [96m 1. Jalen Williams           [0m | [91mUNDER 1.5 3PT  [0m | Oklahoma City Thunder vs San Antonio Spurs | [1mA.I.: 10.00[0m
📊 [96m 2. Darius Garland           [0m | [91mUNDER 2.5 3PT  [0m | Cleveland Cavaliers vs Charlotte Hornets | [1mA.I.: 10.00[0m
📊 [96m 3. Keegan Murray            [0m | [91mUNDER 2.5 3PT  [0m | Sacramento Kings vs Minnesota Timberwolves | [1mA.I.: 10.00[0m
📊 [96m 4. Dennis Schroder          [0m | [91mUNDER 1.5 3PT  [0m | Minnesota Timberwolves vs Sacramento Kings | [1mA.I.: 9.88[0m

[93m📊 = Auto-tracked (A.I. Score >= 9.7)[0m

[96mGenerating HTML report...[0m

[92m✓ HTML report saved: /Users/rico/sports-models/nba/nba_3pt_props.html[0m

[1m[92m================================================================================[0m
[1m[92m✓ Model execution complete![0m
[1m[92m================================================================================[0m

[96mUpdating unified dashboard...[0m
[92m✓ Dashboard updated[0m


==========================================
✅ Model completed successfully!
==========================================

📤 Pushing updates to GitHub...
[main b9fba05] Update model outputs - 2025-12-13 05:00:20
 Committer: Ricardo Hill <rico@Ricos-M1-Mac-2.local>
Your name and email address were configured automatically based
on your username and hostname. Please check that they are accurate.
You can suppress this message by setting them explicitly. Run the
following command and follow the instructions in your editor to edit
your configuration file:

    git config --global --edit

After doing this, you may fix the identity used for this commit with:

    git commit --amend --reset-author

 2 files changed, 150 insertions(+), 280 deletions(-)
To https://github.com/BangLetsGetIt/NBA-NCAA-Betting-Models.git
   3d3f11b..b9fba05  main -> main
✅ Successfully pushed to GitHub!
==========================================
NBA 3PT Props Model Run: Sun Dec 14 05:00:05 EST 2025
==========================================
Running NBA 3PT Props model...

[1m[96m================================================================================[0m
[1m[96mNBA 3-POINT PROPS A.I. MODEL[0m
[1m[96m================================================================================[0m

[96mChecking 5 pending picks...[0m
[96m  Checking Anthony Edwards (Minnesota Timberwolves) from 2025-12-12...[0m
[93m    Could not fetch stats, skipping...[0m
[96m  Checking Jalen Williams (Oklahoma City Thunder) from 2025-12-13...[0m
    [91mLOSS[0m: Jalen Williams made 2 3-pointers (line: 1.5, bet: UNDER)

[92m✓ Updated 1 picks[0m

[96mFetching REAL NBA player 3PT statistics...[0m
[92m✓ Using cached player stats (less than 6 hours old)[0m

[96mFetching opponent 3PT defense stats...[0m
[92m✓ Using cached defense stats[0m

[96mFetching player prop odds...[0m
[96m  Found 9 upcoming games[0m
[96m  Game 1/9: Washington Wizards @ Indiana Pacers - 18 props[0m
[96m  Game 2/9: Charlotte Hornets @ Cleveland Cavaliers - 18 props[0m
[96m  Game 3/9: Philadelphia 76ers @ Atlanta Hawks - 20 props[0m
[96m  Game 4/9: Milwaukee Bucks @ Brooklyn Nets - 20 props[0m
[96m  Game 5/9: New Orleans Pelicans @ Chicago Bulls - 18 props[0m
[96m  Game 6/9: Sacramento Kings @ Minnesota Timberwolves - 18 props[0m
[96m  Game 7/9: Los Angeles Lakers @ Phoenix Suns - 18 props[0m
[96m  Game 8/9: Golden State Warriors @ Portland Trail Blazers - 20 props[0m
[96m  Game 9/9: San Antonio Spurs @ New York Knicks - 22 props[0m
[92m✓ Fetched 172 total player props[0m
[93m  API requests remaining: 18426[0m

[96mAnalyzing 172 player props with REAL stats...[0m
[92m✓ Found 1 top OVER plays (A.I. Score >= 9.5)[0m
[92m✓ Found 2 top UNDER plays (A.I. Score >= 9.5)[0m
[93m  Skipped 8 props (no player stats found)[0m
[93m  Skipped 322 props (score below 9.5)[0m

[96mAuto-tracking picks with A.I. Score >= 9.7...[0m
[93m  No new picks to track (all already tracked)[0m

[1m[96m================================================================================[0m
[1m[96mTRACKING SUMMARY[0m
[1m[96m================================================================================[0m
Total Picks: 55 | Wins: 21 | Losses: 30 | Pending: 2
Win Rate: 41.2% | ROI: -10.89u (-19.8%)

[1m[92m================================================================================[0m
[1m[92mTOP OVER PLAYS[0m
[1m[92m================================================================================[0m
   [96m 1. De'Aaron Fox             [0m | [92mOVER 1.5 3PT   [0m | New York Knicks vs San Antonio Spurs | [1mA.I.: 9.50[0m | Rating: 2.6 

[1m[91m================================================================================[0m
[1m[91mTOP UNDER PLAYS[0m
[1m[91m================================================================================[0m
📊 [96m 1. Darius Garland           [0m | [91mUNDER 2.5 3PT  [0m | Cleveland Cavaliers vs Charlotte Hornets | [1mA.I.: 10.00[0m | Rating: 4.9 ⭐⭐
📊 [96m 2. Keegan Murray            [0m | [91mUNDER 2.5 3PT  [0m | Sacramento Kings vs Minnesota Timberwolves | [1mA.I.: 10.00[0m | Rating: 4.9 ⭐⭐

[93m📊 = Auto-tracked (A.I. Score >= 9.7)[0m

[96mGenerating HTML report...[0m

[92m✓ HTML report saved: /Users/rico/sports-models/nba/nba_3pt_props.html[0m

[1m[92m================================================================================[0m
[1m[92m✓ Model execution complete![0m
[1m[92m================================================================================[0m

[96mUpdating unified dashboard...[0m
[92m✓ Dashboard updated[0m


==========================================
✅ Model completed successfully!
==========================================

📤 Pushing updates to GitHub...
[main 43f1e1c] Update model outputs - 2025-12-14 05:00:12
 Committer: Ricardo Hill <rico@Ricos-M1-Mac-2.local>
Your name and email address were configured automatically based
on your username and hostname. Please check that they are accurate.
You can suppress this message by setting them explicitly. Run the
following command and follow the instructions in your editor to edit
your configuration file:

    git config --global --edit

After doing this, you may fix the identity used for this commit with:

    git commit --amend --reset-author

 2 files changed, 15 insertions(+), 13 deletions(-)
To https://github.com/BangLetsGetIt/NBA-NCAA-Betting-Models.git
   8dbe0c8..43f1e1c  main -> main
✅ Successfully pushed to GitHub!
==========================================
NBA 3PT Props Model Run: Wed Dec 17 05:00:00 EST 2025
==========================================
Running NBA 3PT Props model...

[1m[96m================================================================================[0m
[1m[96mNBA 3PT PROPS A.I. MODEL[0m
[1m[96m================================================================================[0m

[96m==========================================================================================[0m
[96m🎯 GRADING PENDING PICKS[0m
[96m==========================================================================================[0m

[93m📋 Found 6 pending picks...[0m

[93m  ⚠ Could not find stats for Max Christie on 2025-12-16[0m
[93m  ⚠ Could not find stats for Cam Spencer on 2025-12-16[0m
[93m  ⚠ Could not find stats for Jamal Murray on 2025-12-16[0m
[93m  ⚠ Could not find stats for De'Aaron Fox on 2025-12-17[0m
[93m  ⚠ Could not find stats for Jamal Murray on 2025-12-16[0m
[93m  ⚠ Could not find stats for Kris Dunn on 2025-12-16[0m

[93mNo picks ready for grading yet[0m

[96mFetching REAL NBA player 3-pointers statistics...[0m
[92m✓ Using cached player 3-pointers stats (less than 6 hours old)[0m

[96mFetching opponent 3-pointers factors...[0m
[92m✓ Using cached 3-pointers factors[0m

[96mFetching player 3-pointers prop odds...[0m
[96m  Found 12 upcoming games[0m
[96m  Game 1/10: Cleveland Cavaliers @ Chicago Bulls[0m
[96m  Game 2/10: Memphis Grizzlies @ Minnesota Timberwolves[0m
[96m  Game 3/10: Atlanta Hawks @ Charlotte Hornets[0m
[96m  Game 4/10: Miami Heat @ Brooklyn Nets[0m
[96m  Game 5/10: Houston Rockets @ New Orleans Pelicans[0m
[96m  Game 6/10: Los Angeles Clippers @ Oklahoma City Thunder[0m
[96m  Game 7/10: Toronto Raptors @ Milwaukee Bucks[0m
[96m  Game 8/10: Detroit Pistons @ Dallas Mavericks[0m
[96m  Game 9/10: Orlando Magic @ Denver Nuggets[0m
[96m  Game 10/10: Golden State Warriors @ Phoenix Suns[0m
[92m✓ Fetched 33 player 3-pointers props (grouped)[0m

[96mAnalyzing 33 player props with REAL stats...[0m
[92m✓ Found 0 top OVER plays (A.I. Score >= 9.5)[0m
[92m✓ Found 0 top UNDER plays (A.I. Score >= 9.5)[0m
[93m  Skipped 2 props (no player stats found)[0m
[93m  Skipped 62 props (score below 9.5 or failed checks)[0m

[96m==========================================================================================[0m
[96m📊 TRACKING NEW PICKS[0m
[96m==========================================================================================[0m
[96mNo new picks to track[0m

[1m[92m================================================================================[0m
[1m[92mTOP OVER PLAYS[0m
[1m[92m================================================================================[0m

[1m[91m================================================================================[0m
[1m[91mTOP UNDER PLAYS[0m
[1m[91m================================================================================[0m

[96mGenerating HTML report...[0m

[92m✓ HTML report saved: /Users/rico/sports-models/nba/nba_3pt_props.html[0m

[1m[92m================================================================================[0m
[1m[92m✓ Model execution complete![0m
[1m[92m================================================================================[0m


==========================================
✅ Model completed successfully!
==========================================

📤 Pushing updates to GitHub...
No changes to commit
==========================================
NBA 3PT Props Model Run: Thu Dec 18 05:00:05 EST 2025
==========================================
Running NBA 3PT Props model...

[1m[96m================================================================================[0m
[1m[96mNBA 3PT PROPS A.I. MODEL[0m
[1m[96m================================================================================[0m

[96m==========================================================================================[0m
[96m🎯 GRADING PENDING PICKS[0m
[96m==========================================================================================[0m

[93m📋 Found 6 pending picks...[0m

[93m  ⚠ Could not find stats for De'Aaron Fox on 2025-12-16[0m

[93mNo picks ready for grading yet[0m

[96mFetching REAL NBA player 3-pointers statistics...[0m
[92m✓ Using cached player 3-pointers stats (less than 6 hours old)[0m

[96mFetching opponent 3-pointers factors...[0m
[92m✓ Using cached 3-pointers factors[0m

[96mFetching player 3-pointers prop odds...[0m
[96m  Found 12 upcoming games[0m
[96m  Filtered to 12 upcoming games[0m
[96m  Game 1/10: Atlanta Hawks @ Charlotte Hornets[0m
[96m  Game 2/10: New York Knicks @ Indiana Pacers[0m
[96m  Game 3/10: Miami Heat @ Brooklyn Nets[0m
[96m  Game 4/10: Houston Rockets @ New Orleans Pelicans[0m
[96m  Game 5/10: Los Angeles Clippers @ Oklahoma City Thunder[0m
[96m  Game 6/10: Toronto Raptors @ Milwaukee Bucks[0m
[96m  Game 7/10: Washington Wizards @ San Antonio Spurs[0m
[96m  Game 8/10: Detroit Pistons @ Dallas Mavericks[0m
[96m  Game 9/10: Orlando Magic @ Denver Nuggets[0m
[96m  Game 10/10: Golden State Warriors @ Phoenix Suns[0m
[92m✓ Fetched 81 player 3-pointers props (grouped)[0m

[96mAnalyzing 81 player props with REAL stats...[0m
[92m✓ Found 4 top OVER plays (A.I. Score >= 7.5)[0m
[92m✓ Found 1 top UNDER plays (A.I. Score >= 7.5)[0m
[93m  Skipped 3 props (no player stats found)[0m
[93m  Skipped 151 props (score below 7.5 or failed checks)[0m

[96m==========================================================================================[0m
[96m📊 TRACKING NEW PICKS[0m
[96m==========================================================================================[0m
[93m✓ Updated odds for 2 existing picks[0m

[1m[92m================================================================================[0m
[1m[92mTOP OVER PLAYS[0m
[1m[92m================================================================================[0m
  [96m 1. C.J. McCollum            [0m | [92mOVER 2.5 3PT   [0m | San Antonio Spurs         vs Washington Wizards        | [1mA.I.: 10.00[0m | Rating: 4.1 ⭐⭐
  [96m 2. Harrison Barnes          [0m | [92mOVER 1.5 3PT   [0m | San Antonio Spurs         vs Washington Wizards        | [1mA.I.: 7.64[0m | Rating: 3.8 ⭐
  [96m 3. Bennedict Mathurin       [0m | [92mOVER 1.5 3PT   [0m | Indiana Pacers            vs New York Knicks           | [1mA.I.: 10.00[0m | Rating: 3.1 ⭐
  [96m 4. Jamal Murray             [0m | [92mOVER 2.5 3PT   [0m | Denver Nuggets            vs Orlando Magic             | [1mA.I.: 8.75[0m | Rating: 2.9 

[1m[91m================================================================================[0m
[1m[91mTOP UNDER PLAYS[0m
[1m[91m================================================================================[0m
  [96m 1. Jay Huff                 [0m | [91mUNDER 2.5 3PT  [0m | Indiana Pacers            vs New York Knicks           | [1mA.I.: 7.60[0m | Rating: 3.6 ⭐

[96mGenerating HTML report...[0m

[92m✓ HTML report saved: /Users/rico/sports-models/nba/nba_3pt_props.html[0m

[1m[92m================================================================================[0m
[1m[92m✓ Model execution complete![0m
[1m[92m================================================================================[0m


==========================================
✅ Model completed successfully!
==========================================

📤 Pushing updates to GitHub...
[main 66af44a] Update model outputs - 2025-12-18 05:00:11
 Committer: Ricardo Hill <rico@Ricos-M1-Mac-2.local>
Your name and email address were configured automatically based
on your username and hostname. Please check that they are accurate.
You can suppress this message by setting them explicitly. Run the
following command and follow the instructions in your editor to edit
your configuration file:

    git config --global --edit

After doing this, you may fix the identity used for this commit with:

    git commit --amend --reset-author

 2 files changed, 8 insertions(+), 8 deletions(-)
To https://github.com/BangLetsGetIt/NBA-NCAA-Betting-Models.git
   34730db..66af44a  main -> main
✅ Successfully pushed to GitHub!
==========================================
NBA 3PT Props Model Run: Fri Dec 19 05:00:02 EST 2025
==========================================
Running NBA 3PT Props model...

[1m[96m================================================================================[0m
[1m[96mNBA 3PT PROPS A.I. MODEL[0m
[1m[96m================================================================================[0m

[96m==========================================================================================[0m
[96m🎯 GRADING PENDING PICKS[0m
[96m==========================================================================================[0m

[93m📋 Found 7 pending picks...[0m

  Fetching team stats to verify completed games for 2025-12-16...
[93m  ⚠ Could not find stats for De'Aaron Fox on 2025-12-16[0m
  Fetching team stats to verify completed games for 2025-12-19...

[93mNo picks ready for grading yet[0m

[96mFetching REAL NBA player 3-pointers statistics...[0m
[92m✓ Using cached player 3-pointers stats (less than 6 hours old)[0m

[96mFetching opponent 3-pointers factors...[0m
[92m✓ Using cached 3-pointers factors[0m

[96mFetching player 3-pointers prop odds...[0m
[96m  Found 5 upcoming games[0m
[96m  Filtered to 5 upcoming games[0m
[96m  Game 1/5: Miami Heat @ Boston Celtics[0m
[96m  Game 2/5: Philadelphia 76ers @ New York Knicks[0m
[96m  Game 3/5: San Antonio Spurs @ Atlanta Hawks[0m
[96m  Game 4/5: Chicago Bulls @ Cleveland Cavaliers[0m
[96m  Game 5/5: Oklahoma City Thunder @ Minnesota Timberwolves[0m
[92m✓ Fetched 44 player 3-pointers props (grouped)[0m

[96mAnalyzing 44 player props with REAL stats...[0m
[92m✓ Found 5 top OVER plays (A.I. Score >= 7.5)[0m
[92m✓ Found 1 top UNDER plays (A.I. Score >= 7.5)[0m
[93m  Skipped 2 props (no player stats found)[0m
[93m  Skipped 78 props (score below 7.5 or failed checks)[0m

[96m==========================================================================================[0m
[96m📊 TRACKING NEW PICKS[0m
[96m==========================================================================================[0m
[93m✓ Updated odds for 1 existing picks[0m

[1m[92m================================================================================[0m
[1m[92mTOP OVER PLAYS[0m
[1m[92m================================================================================[0m
  [96m 1. Anthony Edwards          [0m | [92mOVER 2.5 3PT   [0m | Minnesota Timberwolves    vs Oklahoma City Thunder     | [1mA.I.: 10.00[0m | Rating: 4.0 ⭐⭐
  [96m 2. Mikal Bridges            [0m | [92mOVER 1.5 3PT   [0m | New York Knicks           vs Philadelphia 76ers        | [1mA.I.: 7.54[0m | Rating: 3.5 ⭐
  [96m 3. Naz Reid                 [0m | [92mOVER 1.5 3PT   [0m | Minnesota Timberwolves    vs Oklahoma City Thunder     | [1mA.I.: 10.00[0m | Rating: 3.3 ⭐
  [96m 4. Donte DiVincenzo         [0m | [92mOVER 2.5 3PT   [0m | Minnesota Timberwolves    vs Oklahoma City Thunder     | [1mA.I.: 7.80[0m | Rating: 2.6 
  [96m 5. Donovan Mitchell         [0m | [92mOVER 3.5 3PT   [0m | Cleveland Cavaliers       vs Chicago Bulls             | [1mA.I.: 8.60[0m | Rating: 2.5 

[1m[91m================================================================================[0m
[1m[91mTOP UNDER PLAYS[0m
[1m[91m================================================================================[0m
  [96m 1. Trae Young               [0m | [91mUNDER 2.5 3PT  [0m | Atlanta Hawks             vs San Antonio Spurs         | [1mA.I.: 10.00[0m | Rating: 2.6 

[96mGenerating HTML report...[0m

[92m✓ HTML report saved: /Users/rico/sports-models/nba/nba_3pt_props.html[0m

[1m[92m================================================================================[0m
[1m[92m✓ Model execution complete![0m
[1m[92m================================================================================[0m


==========================================
✅ Model completed successfully!
==========================================

📤 Pushing updates to GitHub...
[main 8c4667c] Update model outputs - 2025-12-19 05:00:15
 Committer: Ricardo Hill <rico@Ricos-M1-Mac-2.local>
Your name and email address were configured automatically based
on your username and hostname. Please check that they are accurate.
You can suppress this message by setting them explicitly. Run the
following command and follow the instructions in your editor to edit
your configuration file:

    git config --global --edit

After doing this, you may fix the identity used for this commit with:

    git commit --amend --reset-author

 2 files changed, 5 insertions(+), 4 deletions(-)
To https://github.com/BangLetsGetIt/NBA-NCAA-Betting-Models.git
   791774b..8c4667c  main -> main
✅ Successfully pushed to GitHub!
==========================================
NBA 3PT Props Model Run: Sat Dec 20 05:00:02 EST 2025
==========================================
Running NBA 3PT Props model...

[1m[96m================================================================================[0m
[1m[96mNBA 3PT PROPS A.I. MODEL[0m
[1m[96m================================================================================[0m

[96m==========================================================================================[0m
[96m🎯 GRADING PENDING PICKS[0m
[96m==========================================================================================[0m

[93m📋 Found 5 pending picks...[0m

  Fetching team stats to verify completed games for 2025-12-16...
[93m  ⚠ Could not find stats for De'Aaron Fox on 2025-12-16[0m
  Fetching team stats to verify completed games for 2025-12-20...

[93mNo picks ready for grading yet[0m

[96mFetching REAL NBA player 3-pointers statistics...[0m
[92m✓ Using cached player 3-pointers stats (less than 6 hours old)[0m

[96mFetching opponent 3-pointers factors...[0m
[92m✓ Using cached 3-pointers factors[0m

[96mFetching player 3-pointers prop odds...[0m
[96m  Found 10 upcoming games[0m
[96m  Filtered to 10 upcoming games[0m
[96m  Game 1/10: Houston Rockets @ Denver Nuggets[0m
[96m  Game 2/10: Boston Celtics @ Toronto Raptors[0m
[96m  Game 3/10: Dallas Mavericks @ Philadelphia 76ers[0m
[96m  Game 4/10: Indiana Pacers @ New Orleans Pelicans[0m
[96m  Game 5/10: Charlotte Hornets @ Detroit Pistons[0m
[96m  Game 6/10: Washington Wizards @ Memphis Grizzlies[0m
[96m  Game 7/10: Phoenix Suns @ Golden State Warriors[0m
[96m  Game 8/10: Orlando Magic @ Utah Jazz[0m
[96m  Game 9/10: Portland Trail Blazers @ Sacramento Kings[0m
[96m  Game 10/10: Los Angeles Lakers @ Los Angeles Clippers[0m
[92m✓ Fetched 72 player 3-pointers props (grouped)[0m

[96mAnalyzing 72 player props with REAL stats...[0m
[92m✓ Found 3 top OVER plays (A.I. Score >= 7.5)[0m
[92m✓ Found 1 top UNDER plays (A.I. Score >= 7.5)[0m
[93m  Skipped 3 props (no player stats found)[0m
[93m  Skipped 134 props (score below 7.5 or failed checks)[0m

[96m==========================================================================================[0m
[96m📊 TRACKING NEW PICKS[0m
[96m==========================================================================================[0m
[93m✓ Updated odds for 2 existing picks[0m

[1m[92m================================================================================[0m
[1m[92mTOP OVER PLAYS[0m
[1m[92m================================================================================[0m
  [96m 1. Jamal Murray             [0m | [92mOVER 2.5 3PT   [0m | Denver Nuggets            vs Houston Rockets           | [1mA.I.: 10.00[0m | Rating: 3.5 ⭐
  [96m 2. Kon Knueppel             [0m | [92mOVER 2.5 3PT   [0m | Charlotte Hornets         vs Detroit Pistons           | [1mA.I.: 10.00[0m | Rating: 3.4 ⭐
  [96m 3. Tyrese Maxey             [0m | [92mOVER 2.5 3PT   [0m | Philadelphia 76ers        vs Dallas Mavericks          | [1mA.I.: 9.58[0m | Rating: 3.1 ⭐

[1m[91m================================================================================[0m
[1m[91mTOP UNDER PLAYS[0m
[1m[91m================================================================================[0m
  [96m 1. Desmond Bane             [0m | [91mUNDER 2.5 3PT  [0m | Utah Jazz                 vs Orlando Magic             | [1mA.I.: 9.74[0m | Rating: 2.8 

[96mGenerating HTML report...[0m

[92m✓ HTML report saved: /Users/rico/sports-models/nba/nba_3pt_props.html[0m

[1m[92m================================================================================[0m
[1m[92m✓ Model execution complete![0m
[1m[92m================================================================================[0m


==========================================
✅ Model completed successfully!
==========================================

📤 Pushing updates to GitHub...
[main 49dfbdb] Update model outputs - 2025-12-20 05:00:12
 Committer: Ricardo Hill <rico@Ricos-M1-Mac-2.local>
Your name and email address were configured automatically based
on your username and hostname. Please check that they are accurate.
You can suppress this message by setting them explicitly. Run the
following command and follow the instructions in your editor to edit
your configuration file:

    git config --global --edit

After doing this, you may fix the identity used for this commit with:

    git commit --amend --reset-author

 2 files changed, 8 insertions(+), 8 deletions(-)
To https://github.com/BangLetsGetIt/NBA-NCAA-Betting-Models.git
   04676d4..49dfbdb  main -> main
✅ Successfully pushed to GitHub!
==========================================
NBA 3PT Props Model Run: Sun Dec 21 05:00:05 EST 2025
==========================================
Running NBA 3PT Props model...

[1m[96m================================================================================[0m
[1m[96mNBA 3PT PROPS A.I. MODEL[0m
[1m[96m================================================================================[0m

[96m==========================================================================================[0m
[96m🎯 GRADING PENDING PICKS[0m
[96m==========================================================================================[0m

[93m📋 Found 7 pending picks...[0m

  Fetching team stats to verify completed games for 2025-12-16...
[93m  ⚠ Could not find stats for De'Aaron Fox on 2025-12-16[0m
  Fetching team stats to verify completed games for 2025-12-21...

[93mNo picks ready for grading yet[0m

[96mFetching REAL NBA player 3-pointers statistics...[0m
[92m✓ Using cached player 3-pointers stats (less than 6 hours old)[0m

[96mFetching opponent 3-pointers factors...[0m
[92m✓ Using cached 3-pointers factors[0m

[96mFetching player 3-pointers prop odds...[0m
[96m  Found 11 upcoming games[0m
[96m  Filtered to 11 upcoming games[0m
[96m  Game 1/10: Chicago Bulls @ Atlanta Hawks[0m
[96m  Game 2/10: Toronto Raptors @ Brooklyn Nets[0m
[96m  Game 3/10: Miami Heat @ New York Knicks[0m
[96m  Game 4/10: Milwaukee Bucks @ Minnesota Timberwolves[0m
[96m  Game 5/10: San Antonio Spurs @ Washington Wizards[0m
[96m  Game 6/10: Houston Rockets @ Sacramento Kings[0m
[96m  Game 7/10: Cleveland Cavaliers @ New York Knicks[0m
[96m  Game 8/10: San Antonio Spurs @ Oklahoma City Thunder[0m
[96m  Game 9/10: Dallas Mavericks @ Golden State Warriors[0m
[96m  Game 10/10: Houston Rockets @ Los Angeles Lakers[0m
[92m✓ Fetched 51 player 3-pointers props (grouped)[0m

[96mAnalyzing 51 player props with REAL stats...[0m
[92m✓ Found 4 top OVER plays (A.I. Score >= 7.5)[0m
[92m✓ Found 0 top UNDER plays (A.I. Score >= 7.5)[0m
[93m  Skipped 3 props (no player stats found)[0m
[93m  Skipped 92 props (score below 7.5 or failed checks)[0m

[96m==========================================================================================[0m
[96m📊 TRACKING NEW PICKS[0m
[96m==========================================================================================[0m
[93m✓ Updated odds for 3 existing picks[0m

[1m[92m================================================================================[0m
[1m[92mTOP OVER PLAYS[0m
[1m[92m================================================================================[0m
  [96m 1. A.J. Green               [0m | [92mOVER 2.5 3PT   [0m | Minnesota Timberwolves    vs Milwaukee Bucks           | [1mA.I.: 10.00[0m | Rating: 4.9 ⭐⭐
  [96m 2. C.J. McCollum            [0m | [92mOVER 2.5 3PT   [0m | Washington Wizards        vs San Antonio Spurs         | [1mA.I.: 9.30[0m | Rating: 3.7 ⭐
  [96m 3. Harrison Barnes          [0m | [92mOVER 1.5 3PT   [0m | San Antonio Spurs         vs Washington Wizards        | [1mA.I.: 7.60[0m | Rating: 3.4 ⭐
  [96m 4. Kevin Porter Jr.         [0m | [92mOVER 1.5 3PT   [0m | Minnesota Timberwolves    vs Milwaukee Bucks           | [1mA.I.: 10.00[0m | Rating: 3.1 ⭐

[1m[91m================================================================================[0m
[1m[91mTOP UNDER PLAYS[0m
[1m[91m================================================================================[0m

[96mGenerating HTML report...[0m

[92m✓ HTML report saved: /Users/rico/sports-models/nba/nba_3pt_props.html[0m

[1m[92m================================================================================[0m
[1m[92m✓ Model execution complete![0m
[1m[92m================================================================================[0m


==========================================
✅ Model completed successfully!
==========================================

📤 Pushing updates to GitHub...
[main 57d51a4] Update model outputs - 2025-12-21 05:00:14
 Committer: Ricardo Hill <rico@Ricos-M1-Mac-2.local>
Your name and email address were configured automatically based
on your username and hostname. Please check that they are accurate.
You can suppress this message by setting them explicitly. Run the
following command and follow the instructions in your editor to edit
your configuration file:

    git config --global --edit

After doing this, you may fix the identity used for this commit with:

    git commit --amend --reset-author

 15 files changed, 8106 insertions(+), 8044 deletions(-)
To https://github.com/BangLetsGetIt/NBA-NCAA-Betting-Models.git
   48d5864..57d51a4  main -> main
✅ Successfully pushed to GitHub!
==========================================
NBA 3PT Props Model Run: Mon Dec 22 05:00:05 EST 2025
==========================================
Running NBA 3PT Props model...

[1m[96m================================================================================[0m
[1m[96mNBA 3PT PROPS A.I. MODEL[0m
[1m[96m================================================================================[0m

[96m==========================================================================================[0m
[96m🎯 GRADING PENDING PICKS[0m
[96m==========================================================================================[0m

[93m📋 Found 7 pending picks...[0m

  Fetching team stats to verify completed games for 2025-12-16...
[93m  ⚠ Could not find stats for De'Aaron Fox on 2025-12-16[0m
  Fetching team stats to verify completed games for 2025-12-22...

[93mNo picks ready for grading yet[0m

[96mFetching REAL NBA player 3-pointers statistics...[0m
[92m✓ Using cached player 3-pointers stats (less than 6 hours old)[0m

[96mFetching opponent 3-pointers factors...[0m
[92m✓ Using cached 3-pointers factors[0m

[96mFetching player 3-pointers prop odds...[0m
[96m  Found 12 upcoming games[0m
[96m  Filtered to 12 upcoming games[0m
[96m  Game 1/10: Charlotte Hornets @ Cleveland Cavaliers[0m
[96m  Game 2/10: Indiana Pacers @ Boston Celtics[0m
[96m  Game 3/10: Dallas Mavericks @ New Orleans Pelicans[0m
[96m  Game 4/10: Utah Jazz @ Denver Nuggets[0m
[96m  Game 5/10: Memphis Grizzlies @ Oklahoma City Thunder[0m
[96m  Game 6/10: Detroit Pistons @ Portland Trail Blazers[0m
[96m  Game 7/10: Orlando Magic @ Golden State Warriors[0m
[96m  Game 8/10: Cleveland Cavaliers @ New York Knicks[0m
[96m  Game 9/10: San Antonio Spurs @ Oklahoma City Thunder[0m
[96m  Game 10/10: Dallas Mavericks @ Golden State Warriors[0m
[92m✓ Fetched 63 player 3-pointers props (grouped)[0m

[96mAnalyzing 63 player props with REAL stats...[0m
[92m✓ Found 3 top OVER plays (A.I. Score >= 7.5)[0m
[92m✓ Found 3 top UNDER plays (A.I. Score >= 7.5)[0m
[93m  Skipped 1 props (no player stats found)[0m
[93m  Skipped 118 props (score below 7.5 or failed checks)[0m

[96m==========================================================================================[0m
[96m📊 TRACKING NEW PICKS[0m
[96m==========================================================================================[0m
[93m✓ Updated odds for 4 existing picks[0m

[1m[92m================================================================================[0m
[1m[92mTOP OVER PLAYS[0m
[1m[92m================================================================================[0m
  [96m 1. Shai Gilgeous-Alexander  [0m | [92mOVER 1.5 3PT   [0m | Oklahoma City Thunder     vs Memphis Grizzlies         | [1mA.I.: 7.54[0m | Rating: 3.6 ⭐
  [96m 2. Svi Mykhailiuk           [0m | [92mOVER 1.5 3PT   [0m | Denver Nuggets            vs Utah Jazz                 | [1mA.I.: 7.64[0m | Rating: 3.0 ⭐
  [96m 3. Donovan Mitchell         [0m | [92mOVER 3.5 3PT   [0m | Cleveland Cavaliers       vs Charlotte Hornets         | [1mA.I.: 7.60[0m | Rating: 2.8 

[1m[91m================================================================================[0m
[1m[91mTOP UNDER PLAYS[0m
[1m[91m================================================================================[0m
  [96m 1. Naji Marshall            [0m | [91mUNDER 1.5 3PT  [0m | New Orleans Pelicans      vs Dallas Mavericks          | [1mA.I.: 7.63[0m | Rating: 4.4 ⭐⭐
  [96m 2. Keyonte George           [0m | [91mUNDER 3.5 3PT  [0m | Denver Nuggets            vs Utah Jazz                 | [1mA.I.: 7.64[0m | Rating: 3.8 ⭐
  [96m 3. Paolo Banchero           [0m | [91mUNDER 1.5 3PT  [0m | Orlando Magic             vs Golden State Warriors     | [1mA.I.: 7.64[0m | Rating: 2.9 

[96mGenerating HTML report...[0m

[92m✓ HTML report saved: /Users/rico/sports-models/nba/nba_3pt_props.html[0m

[1m[92m================================================================================[0m
[1m[92m✓ Model execution complete![0m
[1m[92m================================================================================[0m


==========================================
✅ Model completed successfully!
==========================================

📤 Pushing updates to GitHub...
[main 64a4670] Update model outputs - 2025-12-22 05:00:11
 Committer: Ricardo Hill <rico@Ricos-M1-Mac-2.local>
Your name and email address were configured automatically based
on your username and hostname. Please check that they are accurate.
You can suppress this message by setting them explicitly. Run the
following command and follow the instructions in your editor to edit
your configuration file:

    git config --global --edit

After doing this, you may fix the identity used for this commit with:

    git commit --amend --reset-author

 2 files changed, 18 insertions(+), 16 deletions(-)
To https://github.com/BangLetsGetIt/NBA-NCAA-Betting-Models.git
   53e3c0f..64a4670  main -> main
✅ Successfully pushed to GitHub!
==========================================
NBA 3PT Props Model Run: Tue Dec 23 05:00:04 EST 2025
==========================================
Running NBA 3PT Props model...

[1m[96m================================================================================[0m
[1m[96mNBA 3PT PROPS A.I. MODEL[0m
[1m[96m================================================================================[0m

[96m==========================================================================================[0m
[96m🎯 GRADING PENDING PICKS[0m
[96m==========================================================================================[0m

[93m📋 Found 8 pending picks...[0m

  Fetching team stats to verify completed games for 2025-12-16...
[93m  ⚠ Could not find stats for De'Aaron Fox on 2025-12-16[0m
  Fetching team stats to verify completed games for 2025-12-23...

[93mNo picks ready for grading yet[0m

[96mFetching REAL NBA player 3-pointers statistics...[0m
[92m✓ Using cached player 3-pointers stats (less than 6 hours old)[0m

[96mFetching opponent 3-pointers factors...[0m
[92m✓ Using cached 3-pointers factors[0m

[96mFetching player 3-pointers prop odds...[0m
[96m  Found 19 upcoming games[0m
[96m  Filtered to 19 upcoming games[0m
[96m  Game 1/10: Brooklyn Nets @ Philadelphia 76ers[0m
[96m  Game 2/10: Washington Wizards @ Charlotte Hornets[0m
[96m  Game 3/10: Chicago Bulls @ Atlanta Hawks[0m
[96m  Game 4/10: New Orleans Pelicans @ Cleveland Cavaliers[0m
[96m  Game 5/10: Milwaukee Bucks @ Indiana Pacers[0m
[96m  Game 6/10: Toronto Raptors @ Miami Heat[0m
[96m  Game 7/10: Denver Nuggets @ Dallas Mavericks[0m
[96m  Game 8/10: New York Knicks @ Minnesota Timberwolves[0m
[96m  Game 9/10: Oklahoma City Thunder @ San Antonio Spurs[0m
[96m  Game 10/10: Los Angeles Lakers @ Phoenix Suns[0m
[92m✓ Fetched 93 player 3-pointers props (grouped)[0m

[96mAnalyzing 93 player props with REAL stats...[0m
[92m✓ Found 5 top OVER plays (A.I. Score >= 7.5)[0m
[92m✓ Found 2 top UNDER plays (A.I. Score >= 7.5)[0m
[93m  Skipped 4 props (no player stats found)[0m
[93m  Skipped 171 props (score below 7.5 or failed checks)[0m

[96m==========================================================================================[0m
[96m📊 TRACKING NEW PICKS[0m
[96m==========================================================================================[0m
[93m✓ Updated odds for 3 existing picks[0m

[1m[92m================================================================================[0m
[1m[92mTOP OVER PLAYS[0m
[1m[92m================================================================================[0m
  [96m 1. Tre Johnson              [0m | [92mOVER 1.5 3PT   [0m | Charlotte Hornets         vs Washington Wizards        | [1mA.I.: 8.00[0m | Rating: 3.8 ⭐
  [96m 2. A.J. Green               [0m | [92mOVER 2.5 3PT   [0m | Indiana Pacers            vs Milwaukee Bucks           | [1mA.I.: 8.30[0m | Rating: 3.6 ⭐
  [96m 3. Anthony Edwards          [0m | [92mOVER 2.5 3PT   [0m | Minnesota Timberwolves    vs New York Knicks           | [1mA.I.: 8.28[0m | Rating: 3.2 ⭐
  [96m 4. Kevin Porter Jr.         [0m | [92mOVER 1.5 3PT   [0m | Indiana Pacers            vs Milwaukee Bucks           | [1mA.I.: 10.00[0m | Rating: 3.1 ⭐
  [96m 5. Jamal Murray             [0m | [92mOVER 2.5 3PT   [0m | Denver Nuggets            vs Dallas Mavericks          | [1mA.I.: 8.78[0m | Rating: 2.9 

[1m[91m================================================================================[0m
[1m[91mTOP UNDER PLAYS[0m
[1m[91m================================================================================[0m
  [96m 1. Devin Booker             [0m | [91mUNDER 2.5 3PT  [0m | Phoenix Suns              vs Los Angeles Lakers        | [1mA.I.: 10.00[0m | Rating: 3.0 ⭐
  [96m 2. Jordan Clarkson          [0m | [91mUNDER 2.5 3PT  [0m | Minnesota Timberwolves    vs New York Knicks           | [1mA.I.: 9.66[0m | Rating: 2.9 

[96mGenerating HTML report...[0m

[92m✓ HTML report saved: /Users/rico/sports-models/nba/nba_3pt_props.html[0m

[1m[92m================================================================================[0m
[1m[92m✓ Model execution complete![0m
[1m[92m================================================================================[0m


==========================================
✅ Model completed successfully!
==========================================

📤 Pushing updates to GitHub...
[main 98ff21a] Update model outputs - 2025-12-23 05:00:10
 Committer: Ricardo Hill <rico@Ricos-M1-Mac-2.local>
Your name and email address were configured automatically based
on your username and hostname. Please check that they are accurate.
You can suppress this message by setting them explicitly. Run the
following command and follow the instructions in your editor to edit
your configuration file:

    git config --global --edit

After doing this, you may fix the identity used for this commit with:

    git commit --amend --reset-author

 6 files changed, 137 insertions(+), 107 deletions(-)
To https://github.com/BangLetsGetIt/NBA-NCAA-Betting-Models.git
   75e19a3..98ff21a  main -> main
✅ Successfully pushed to GitHub!
==========================================
NBA 3PT Props Model Run: Wed Dec 24 05:00:04 EST 2025
==========================================
Running NBA 3PT Props model...

[1m[96m================================================================================[0m
[1m[96mNBA 3PT PROPS A.I. MODEL[0m
[1m[96m================================================================================[0m

[96m==========================================================================================[0m
[96m🎯 GRADING PENDING PICKS[0m
[96m==========================================================================================[0m

[93m📋 Found 11 pending picks...[0m

  Fetching team stats to verify completed games for 2025-12-16...
[93m  ⚠ Could not find stats for De'Aaron Fox on 2025-12-16[0m
  Fetching team stats to verify completed games for 2025-12-25...

[93mNo picks ready for grading yet[0m

[96mFetching REAL NBA player 3-pointers statistics...[0m
[92m✓ Using cached player 3-pointers stats (less than 6 hours old)[0m

[96mFetching opponent 3-pointers factors...[0m
[92m✓ Using cached 3-pointers factors[0m

[96mFetching player 3-pointers prop odds...[0m
[96m  Found 5 upcoming games[0m
[96m  Filtered to 5 upcoming games[0m
[96m  Game 1/5: Cleveland Cavaliers @ New York Knicks[0m
[96m  Game 2/5: San Antonio Spurs @ Oklahoma City Thunder[0m
[96m  Game 3/5: Dallas Mavericks @ Golden State Warriors[0m
[96m  Game 4/5: Houston Rockets @ Los Angeles Lakers[0m
[96m  Game 5/5: Minnesota Timberwolves @ Denver Nuggets[0m
[92m✓ Fetched 0 player 3-pointers props (grouped)[0m

[96mAnalyzing 0 player props with REAL stats...[0m
[92m✓ Found 0 top OVER plays (A.I. Score >= 7.5)[0m
[92m✓ Found 0 top UNDER plays (A.I. Score >= 7.5)[0m

[96m==========================================================================================[0m
[96m📊 TRACKING NEW PICKS[0m
[96m==========================================================================================[0m
[96mNo new picks to track[0m

[1m[92m================================================================================[0m
[1m[92mTOP OVER PLAYS[0m
[1m[92m================================================================================[0m

[1m[91m================================================================================[0m
[1m[91mTOP UNDER PLAYS[0m
[1m[91m================================================================================[0m

[96mGenerating HTML report...[0m

[92m✓ HTML report saved: /Users/rico/sports-models/nba/nba_3pt_props.html[0m

[1m[92m================================================================================[0m
[1m[92m✓ Model execution complete![0m
[1m[92m================================================================================[0m


==========================================
✅ Model completed successfully!
==========================================

📤 Pushing updates to GitHub...
[main 6ea62ba] Update model outputs - 2025-12-24 05:00:06
 Committer: Ricardo Hill <rico@Ricos-M1-Mac-2.local>
Your name and email address were configured automatically based
on your username and hostname. Please check that they are accurate.
You can suppress this message by setting them explicitly. Run the
following command and follow the instructions in your editor to edit
your configuration file:

    git config --global --edit

After doing this, you may fix the identity used for this commit with:

    git commit --amend --reset-author

 2 files changed, 3 insertions(+), 3 deletions(-)
To https://github.com/BangLetsGetIt/NBA-NCAA-Betting-Models.git
   9c43284..6ea62ba  main -> main
✅ Successfully pushed to GitHub!
==========================================
NBA 3PT Props Model Run: Thu Dec 25 05:00:31 EST 2025
==========================================
Running NBA 3PT Props model...

[1m[96m================================================================================[0m
[1m[96mNBA 3PT PROPS A.I. MODEL[0m
[1m[96m================================================================================[0m

[96m==========================================================================================[0m
[96m🎯 GRADING PENDING PICKS[0m
[96m==========================================================================================[0m

[93m📋 Found 11 pending picks...[0m

  Fetching team stats to verify completed games for 2025-12-16...
[93m  ⚠ Could not find stats for De'Aaron Fox on 2025-12-16[0m
  Fetching team stats to verify completed games for 2025-12-25...

[93mNo picks ready for grading yet[0m

[96mFetching REAL NBA player 3-pointers statistics...[0m
[92m✓ Using cached player 3-pointers stats (less than 6 hours old)[0m

[96mFetching opponent 3-pointers factors...[0m
[92m✓ Using cached 3-pointers factors[0m

[96mFetching player 3-pointers prop odds...[0m
[96m  Found 5 upcoming games[0m
[96m  Filtered to 5 upcoming games[0m
[96m  Game 1/5: Cleveland Cavaliers @ New York Knicks[0m
[96m  Game 2/5: San Antonio Spurs @ Oklahoma City Thunder[0m
[96m  Game 3/5: Dallas Mavericks @ Golden State Warriors[0m
[96m  Game 4/5: Houston Rockets @ Los Angeles Lakers[0m
[96m  Game 5/5: Minnesota Timberwolves @ Denver Nuggets[0m
[92m✓ Fetched 0 player 3-pointers props (grouped)[0m

[96mAnalyzing 0 player props with REAL stats...[0m
[92m✓ Found 0 top OVER plays (A.I. Score >= 7.5)[0m
[92m✓ Found 0 top UNDER plays (A.I. Score >= 7.5)[0m

[96m==========================================================================================[0m
[96m📊 TRACKING NEW PICKS[0m
[96m==========================================================================================[0m
[96mNo new picks to track[0m

[1m[92m================================================================================[0m
[1m[92mTOP OVER PLAYS[0m
[1m[92m================================================================================[0m

[1m[91m================================================================================[0m
[1m[91mTOP UNDER PLAYS[0m
[1m[91m================================================================================[0m

[96mGenerating HTML report...[0m

[92m✓ HTML report saved: /Users/rico/sports-models/nba/nba_3pt_props.html[0m

[1m[92m================================================================================[0m
[1m[92m✓ Model execution complete![0m
[1m[92m================================================================================[0m


==========================================
✅ Model completed successfully!
==========================================

📤 Pushing updates to GitHub...
No changes to commit
==========================================
NBA 3PT Props Model Run: Fri Dec 26 05:00:05 EST 2025
==========================================
Running NBA 3PT Props model...

[1m[96m================================================================================[0m
[1m[96mNBA 3PT PROPS A.I. MODEL[0m
[1m[96m================================================================================[0m

[96m==========================================================================================[0m
[96m🎯 GRADING PENDING PICKS[0m
[96m==========================================================================================[0m

[93m📋 Found 4 pending picks...[0m

  Fetching team stats to verify completed games for 2025-12-16...
[93m  ⚠ Could not find stats for De'Aaron Fox on 2025-12-16[0m
  Fetching team stats to verify completed games for 2025-12-26...

[93mNo picks ready for grading yet[0m

[96mFetching REAL NBA player 3-pointers statistics...[0m
[92m✓ Using cached player 3-pointers stats (less than 6 hours old)[0m

[96mFetching opponent 3-pointers factors...[0m
[92m✓ Using cached 3-pointers factors[0m

[96mFetching player 3-pointers prop odds...[0m
[96m  Found 9 upcoming games[0m
[96m  Filtered to 9 upcoming games[0m
[96m  Game 1/9: Miami Heat @ Atlanta Hawks[0m
[96m  Game 2/9: Boston Celtics @ Indiana Pacers[0m
[96m  Game 3/9: Charlotte Hornets @ Orlando Magic[0m
[96m  Game 4/9: Toronto Raptors @ Washington Wizards[0m
[96m  Game 5/9: Philadelphia 76ers @ Chicago Bulls[0m
[96m  Game 6/9: Phoenix Suns @ New Orleans Pelicans[0m
[96m  Game 7/9: Milwaukee Bucks @ Memphis Grizzlies[0m
[96m  Game 8/9: Detroit Pistons @ Utah Jazz[0m
[96m  Game 9/9: Los Angeles Clippers @ Portland Trail Blazers[0m
[92m✓ Fetched 70 player 3-pointers props (grouped)[0m

[96mAnalyzing 70 player props with REAL stats...[0m
[92m✓ Found 2 top OVER plays (A.I. Score >= 7.5)[0m
[92m✓ Found 0 top UNDER plays (A.I. Score >= 7.5)[0m
[93m  Skipped 2 props (no player stats found)[0m
[93m  Skipped 134 props (score below 7.5 or failed checks)[0m

[96m==========================================================================================[0m
[96m📊 TRACKING NEW PICKS[0m
[96m==========================================================================================[0m
[96mNo new picks to track[0m

[1m[92m================================================================================[0m
[1m[92mTOP OVER PLAYS[0m
[1m[92m================================================================================[0m
  [96m 1. LaMelo Ball              [0m | [92mOVER 2.5 3PT   [0m | Charlotte Hornets         vs Orlando Magic             | [1mA.I.: 8.30[0m | Rating: 3.6 ⭐
  [96m 2. Trey Murphy III          [0m | [92mOVER 1.5 3PT   [0m | New Orleans Pelicans      vs Phoenix Suns              | [1mA.I.: 9.11[0m | Rating: 3.5 ⭐

[1m[91m================================================================================[0m
[1m[91mTOP UNDER PLAYS[0m
[1m[91m================================================================================[0m

[96mGenerating HTML report...[0m

[92m✓ HTML report saved: /Users/rico/sports-models/nba/nba_3pt_props.html[0m

[1m[92m================================================================================[0m
[1m[92m✓ Model execution complete![0m
[1m[92m================================================================================[0m


==========================================
✅ Model completed successfully!
==========================================

📤 Pushing updates to GitHub...
[main 0c88f41] Update model outputs - 2025-12-26 05:01:10
 Committer: Ricardo Hill <rico@Ricos-M1-Mac-2.local>
Your name and email address were configured automatically based
on your username and hostname. Please check that they are accurate.
You can suppress this message by setting them explicitly. Run the
following command and follow the instructions in your editor to edit
your configuration file:

    git config --global --edit

After doing this, you may fix the identity used for this commit with:

    git commit --amend --reset-author

 1 file changed, 47 deletions(-)
To https://github.com/BangLetsGetIt/NBA-NCAA-Betting-Models.git
   d4b5dc6..0c88f41  main -> main
✅ Successfully pushed to GitHub!
==========================================
NBA 3PT Props Model Run: Sat Dec 27 05:00:01 EST 2025
==========================================
Running NBA 3PT Props model...

[1m[96m================================================================================[0m
[1m[96mNBA 3PT PROPS A.I. MODEL[0m
[1m[96m================================================================================[0m

[96m==========================================================================================[0m
[96m🎯 GRADING PENDING PICKS[0m
[96m==========================================================================================[0m

[93m📋 Found 9 pending picks...[0m

  Fetching team stats to verify completed games for 2025-12-16...
[96m  Fetching batch stats for 12/16/2025...[0m
  Fetching team stats to verify completed games for 2025-12-27...

[93mNo picks ready for grading yet[0m

[96mFetching REAL NBA player 3-pointers statistics...[0m
[92m✓ Using cached player 3-pointers stats (less than 6 hours old)[0m

[96mFetching opponent 3-pointers factors...[0m
[92m✓ Using cached 3-pointers factors[0m

[96mFetching player 3-pointers prop odds...[0m
[96m  Found 9 upcoming games[0m
[96m  Filtered to 9 upcoming games[0m
[96m  Game 1/9: Dallas Mavericks @ Sacramento Kings[0m
[96m  Game 2/9: Denver Nuggets @ Orlando Magic[0m
[96m  Game 3/9: Phoenix Suns @ New Orleans Pelicans[0m
[96m  Game 4/9: New York Knicks @ Atlanta Hawks[0m
[96m  Game 5/9: Brooklyn Nets @ Minnesota Timberwolves[0m
[96m  Game 6/9: Milwaukee Bucks @ Chicago Bulls[0m
[96m  Game 7/9: Cleveland Cavaliers @ Houston Rockets[0m
[96m  Game 8/9: Indiana Pacers @ Miami Heat[0m
[96m  Game 9/9: Utah Jazz @ San Antonio Spurs[0m
[92m✓ Fetched 78 player 3-pointers props (grouped)[0m

[96mAnalyzing 78 player props with REAL stats...[0m
[92m✓ Found 4 top OVER plays (A.I. Score >= 7.5)[0m
[92m✓ Found 2 top UNDER plays (A.I. Score >= 7.5)[0m
[93m  Skipped 3 props (no player stats found)[0m
[93m  Skipped 144 props (score below 7.5 or failed checks)[0m

[96m==========================================================================================[0m
[96m📊 TRACKING NEW PICKS[0m
[96m==========================================================================================[0m
[92m✓ Tracked 1 new picks[0m
[93m✓ Updated odds for 3 existing picks[0m

[1m[92m================================================================================[0m
[1m[92mTOP OVER PLAYS[0m
[1m[92m================================================================================[0m
  [96m 1. Jalen Brunson            [0m | [92mOVER 2.5 3PT   [0m | New York Knicks           vs Atlanta Hawks             | [1mA.I.: 10.00[0m | Rating: 3.8 ⭐
  [96m 2. Harrison Barnes          [0m | [92mOVER 1.5 3PT   [0m | San Antonio Spurs         vs Utah Jazz                 | [1mA.I.: 7.61[0m | Rating: 3.6 ⭐
  [96m 3. Mikal Bridges            [0m | [92mOVER 1.5 3PT   [0m | New York Knicks           vs Atlanta Hawks             | [1mA.I.: 7.56[0m | Rating: 3.4 ⭐
  [96m 4. Donovan Mitchell         [0m | [92mOVER 3.5 3PT   [0m | Cleveland Cavaliers       vs Houston Rockets           | [1mA.I.: 7.60[0m | Rating: 2.8 

[1m[91m================================================================================[0m
[1m[91mTOP UNDER PLAYS[0m
[1m[91m================================================================================[0m
  [96m 1. Brice Sensabaugh         [0m | [91mUNDER 2.5 3PT  [0m | San Antonio Spurs         vs Utah Jazz                 | [1mA.I.: 9.55[0m | Rating: 3.7 ⭐
  [96m 2. Nique Clifford           [0m | [91mUNDER 1.5 3PT  [0m | Sacramento Kings          vs Dallas Mavericks          | [1mA.I.: 10.00[0m | Rating: 2.7 

[96mGenerating HTML report...[0m

[92m✓ HTML report saved: /Users/rico/sports-models/nba/nba_3pt_props.html[0m

[1m[92m================================================================================[0m
[1m[92m✓ Model execution complete![0m
[1m[92m================================================================================[0m


==========================================
✅ Model completed successfully!
==========================================

📤 Pushing updates to GitHub...
[main c5ba20b] Update model outputs - 2025-12-27 05:00:09
 Committer: Ricardo Hill <rico@Ricos-M1-Mac-2.local>
Your name and email address were configured automatically based
on your username and hostname. Please check that they are accurate.
You can suppress this message by setting them explicitly. Run the
following command and follow the instructions in your editor to edit
your configuration file:

    git config --global --edit

After doing this, you may fix the identity used for this commit with:

    git commit --amend --reset-author

 2 files changed, 69 insertions(+), 46 deletions(-)
To https://github.com/BangLetsGetIt/NBA-NCAA-Betting-Models.git
   25a3a40..c5ba20b  main -> main
✅ Successfully pushed to GitHub!
==========================================
NBA 3PT Props Model Run: Sun Dec 28 05:00:00 EST 2025
==========================================
Running NBA 3PT Props model...

[1m[96m================================================================================[0m
[1m[96mNBA 3PT PROPS A.I. MODEL[0m
[1m[96m================================================================================[0m

[96m==========================================================================================[0m
[96m🎯 GRADING PENDING PICKS[0m
[96m==========================================================================================[0m

[93m📋 Found 3 pending picks...[0m

  Fetching team stats to verify completed games for 2025-12-16...
[96m  Fetching batch stats for 12/16/2025...[0m
  Fetching team stats to verify completed games for 2025-12-28...

[93mNo picks ready for grading yet[0m

[96mFetching REAL NBA player 3-pointers statistics...[0m
[92m✓ Using cached player 3-pointers stats (less than 6 hours old)[0m

[96mFetching opponent 3-pointers factors...[0m
[92m✓ Using cached 3-pointers factors[0m

[96mFetching player 3-pointers prop odds...[0m
[96m  Found 7 upcoming games[0m
[96m  Filtered to 7 upcoming games[0m
[96m  Game 1/7: Golden State Warriors @ Toronto Raptors[0m
[96m  Game 2/7: Philadelphia 76ers @ Oklahoma City Thunder[0m
[96m  Game 3/7: Boston Celtics @ Portland Trail Blazers[0m
[96m  Game 4/7: Memphis Grizzlies @ Washington Wizards[0m
[96m  Game 5/7: Detroit Pistons @ Los Angeles Clippers[0m
[96m  Game 6/7: Sacramento Kings @ Los Angeles Lakers[0m
[96m  Game 7/7: Cleveland Cavaliers @ San Antonio Spurs[0m
[92m✓ Fetched 50 player 3-pointers props (grouped)[0m

[96mAnalyzing 50 player props with REAL stats...[0m
[92m✓ Found 2 top OVER plays (A.I. Score >= 7.5)[0m
[92m✓ Found 0 top UNDER plays (A.I. Score >= 7.5)[0m
[93m  Skipped 1 props (no player stats found)[0m
[93m  Skipped 96 props (score below 7.5 or failed checks)[0m

[96m==========================================================================================[0m
[96m📊 TRACKING NEW PICKS[0m
[96m==========================================================================================[0m
[93m✓ Updated odds for 1 existing picks[0m

[1m[92m================================================================================[0m
[1m[92mTOP OVER PLAYS[0m
[1m[92m================================================================================[0m
  [96m 1. Kyshawn George           [0m | [92mOVER 1.5 3PT   [0m | Washington Wizards        vs Memphis Grizzlies         | [1mA.I.: 7.57[0m | Rating: 3.9 ⭐
  [96m 2. Sam Hauser               [0m | [92mOVER 1.5 3PT   [0m | Boston Celtics            vs Portland Trail Blazers    | [1mA.I.: 8.60[0m | Rating: 3.1 ⭐

[1m[91m================================================================================[0m
[1m[91mTOP UNDER PLAYS[0m
[1m[91m================================================================================[0m

[96mGenerating HTML report...[0m

[92m✓ HTML report saved: /Users/rico/sports-models/nba/nba_3pt_props.html[0m

[1m[92m================================================================================[0m
[1m[92m✓ Model execution complete![0m
[1m[92m================================================================================[0m


==========================================
✅ Model completed successfully!
==========================================

📤 Pushing updates to GitHub...
[main 134b9df] Update model outputs - 2025-12-28 05:00:04
 Committer: Ricardo Hill <rico@Ricos-M1-Mac-2.local>
Your name and email address were configured automatically based
on your username and hostname. Please check that they are accurate.
You can suppress this message by setting them explicitly. Run the
following command and follow the instructions in your editor to edit
your configuration file:

    git config --global --edit

After doing this, you may fix the identity used for this commit with:

    git commit --amend --reset-author

 2 files changed, 4 insertions(+), 4 deletions(-)
To https://github.com/BangLetsGetIt/NBA-NCAA-Betting-Models.git
   c75fb6c..134b9df  main -> main
✅ Successfully pushed to GitHub!
==========================================
NBA 3PT Props Model Run: Mon Dec 29 05:00:04 EST 2025
==========================================
Running NBA 3PT Props model...

[1m[96m================================================================================[0m
[1m[96mNBA 3PT PROPS A.I. MODEL[0m
[1m[96m================================================================================[0m

[96m==========================================================================================[0m
[96m🎯 GRADING PENDING PICKS[0m
[96m==========================================================================================[0m

[93m📋 Found 7 pending picks...[0m

  Fetching team stats to verify completed games for 2025-12-16...
[96m  Fetching batch stats for 12/16/2025...[0m
  Fetching team stats to verify completed games for 2025-12-29...

[93mNo picks ready for grading yet[0m

[96mFetching REAL NBA player 3-pointers statistics...[0m
[92m✓ Using cached player 3-pointers stats (less than 6 hours old)[0m

[96mFetching opponent 3-pointers factors...[0m
[92m✓ Using cached 3-pointers factors[0m

[96mFetching player 3-pointers prop odds...[0m
[96m  Found 11 upcoming games[0m
[96m  Filtered to 11 upcoming games[0m
[96m  Game 1/10: Milwaukee Bucks @ Charlotte Hornets[0m
[96m  Game 2/10: Phoenix Suns @ Washington Wizards[0m
[96m  Game 3/10: Golden State Warriors @ Brooklyn Nets[0m
[96m  Game 4/10: Denver Nuggets @ Miami Heat[0m
[96m  Game 5/10: Orlando Magic @ Toronto Raptors[0m
[96m  Game 6/10: Atlanta Hawks @ Oklahoma City Thunder[0m
[96m  Game 7/10: Minnesota Timberwolves @ Chicago Bulls[0m
[96m  Game 8/10: Cleveland Cavaliers @ San Antonio Spurs[0m
[96m  Game 9/10: Indiana Pacers @ Houston Rockets[0m
[96m  Game 10/10: New York Knicks @ New Orleans Pelicans[0m
[92m✓ Fetched 93 player 3-pointers props (grouped)[0m

[96mAnalyzing 93 player props with REAL stats...[0m
[92m✓ Found 5 top OVER plays (A.I. Score >= 7.5)[0m
[92m✓ Found 1 top UNDER plays (A.I. Score >= 7.5)[0m
[93m  Skipped 4 props (no player stats found)[0m
[93m  Skipped 169 props (score below 7.5 or failed checks)[0m

[96m==========================================================================================[0m
[96m📊 TRACKING NEW PICKS[0m
[96m==========================================================================================[0m
[92m✓ Tracked 2 new picks[0m
[93m✓ Updated odds for 3 existing picks[0m

[1m[92m================================================================================[0m
[1m[92mTOP OVER PLAYS[0m
[1m[92m================================================================================[0m
  [96m 1. Jalen Brunson            [0m | [92mOVER 2.5 3PT   [0m | New York Knicks           vs New Orleans Pelicans      | [1mA.I.: 10.00[0m | Rating: 4.9 ⭐⭐
  [96m 2. Miles McBride            [0m | [92mOVER 1.5 3PT   [0m | New York Knicks           vs New Orleans Pelicans      | [1mA.I.: 10.00[0m | Rating: 3.9 ⭐
  [96m 3. Mikal Bridges            [0m | [92mOVER 1.5 3PT   [0m | New York Knicks           vs New Orleans Pelicans      | [1mA.I.: 7.56[0m | Rating: 3.6 ⭐
  [96m 4. Sam Merrill              [0m | [92mOVER 2.5 3PT   [0m | Cleveland Cavaliers       vs San Antonio Spurs         | [1mA.I.: 7.80[0m | Rating: 3.2 ⭐
  [96m 5. Cam Thomas               [0m | [92mOVER 1.5 3PT   [0m | Brooklyn Nets             vs Golden State Warriors     | [1mA.I.: 7.63[0m | Rating: 3.2 ⭐

[1m[91m================================================================================[0m
[1m[91mTOP UNDER PLAYS[0m
[1m[91m================================================================================[0m
  [96m 1. Devin Booker             [0m | [91mUNDER 2.5 3PT  [0m | Phoenix Suns              vs Washington Wizards        | [1mA.I.: 10.00[0m | Rating: 3.0 ⭐

[96mGenerating HTML report...[0m

[92m✓ HTML report saved: /Users/rico/sports-models/nba/nba_3pt_props.html[0m

[1m[92m================================================================================[0m
[1m[92m✓ Model execution complete![0m
[1m[92m================================================================================[0m


==========================================
✅ Model completed successfully!
==========================================

📤 Pushing updates to GitHub...
[main 071de66] Update model outputs - 2025-12-29 05:00:26
 Committer: Ricardo Hill <rico@Ricos-M1-Mac-2.local>
Your name and email address were configured automatically based
on your username and hostname. Please check that they are accurate.
You can suppress this message by setting them explicitly. Run the
following command and follow the instructions in your editor to edit
your configuration file:

    git config --global --edit

After doing this, you may fix the identity used for this commit with:

    git commit --amend --reset-author

 2 files changed, 112 insertions(+), 24 deletions(-)
To https://github.com/BangLetsGetIt/NBA-NCAA-Betting-Models.git
   266aebb..071de66  main -> main
✅ Successfully pushed to GitHub!
==========================================
NBA 3PT Props Model Run: Tue Dec 30 05:00:04 EST 2025
==========================================
Running NBA 3PT Props model...

[1m[96m================================================================================[0m
[1m[96mNBA 3PT PROPS A.I. MODEL[0m
[1m[96m================================================================================[0m

[96m==========================================================================================[0m
[96m🎯 GRADING PENDING PICKS[0m
[96m==========================================================================================[0m

[93m📋 Found 5 pending picks...[0m

  Fetching team stats to verify completed games for 2025-12-16...
[96m  Fetching batch stats for 12/16/2025...[0m
  Fetching team stats to verify completed games for 2025-12-29...
[96m  Fetching batch stats for 12/29/2025...[0m
    [92mWIN[0m: Cooper Flagg had 1 3-pointers (line: 1.5, bet: UNDER) | Profit: 0.41 units
  Fetching team stats to verify completed games for 2025-12-30...

[92m✓ Graded 1 picks[0m

[96mFetching REAL NBA player 3-pointers statistics...[0m
[92m✓ Using cached player 3-pointers stats (less than 6 hours old)[0m

[96mFetching opponent 3-pointers factors...[0m
[92m✓ Using cached 3-pointers factors[0m

[96mFetching player 3-pointers prop odds...[0m
[96m  Found 4 upcoming games[0m
[96m  Filtered to 4 upcoming games[0m
[96m  Game 1/4: Philadelphia 76ers @ Memphis Grizzlies[0m
[96m  Game 2/4: Boston Celtics @ Utah Jazz[0m
[96m  Game 3/4: Detroit Pistons @ Los Angeles Lakers[0m
[96m  Game 4/4: Sacramento Kings @ Los Angeles Clippers[0m
[92m✓ Fetched 37 player 3-pointers props (grouped)[0m

[96mAnalyzing 37 player props with REAL stats...[0m
[92m✓ Found 2 top OVER plays (A.I. Score >= 7.5)[0m
[92m✓ Found 1 top UNDER plays (A.I. Score >= 7.5)[0m
[93m  Skipped 1 props (no player stats found)[0m
[93m  Skipped 69 props (score below 7.5 or failed checks)[0m

[96m==========================================================================================[0m
[96m📊 TRACKING NEW PICKS[0m
[96m==========================================================================================[0m
[93m✓ Updated odds for 2 existing picks[0m

[1m[92m================================================================================[0m
[1m[92mTOP OVER PLAYS[0m
[1m[92m================================================================================[0m
  [96m 1. Sam Hauser               [0m | [92mOVER 1.5 3PT   [0m | Boston Celtics            vs Utah Jazz                 | [1mA.I.: 9.80[0m | Rating: 3.5 ⭐
  [96m 2. Lauri Markkanen          [0m | [92mOVER 2.5 3PT   [0m | Utah Jazz                 vs Boston Celtics            | [1mA.I.: 7.70[0m | Rating: 3.5 ⭐

[1m[91m================================================================================[0m
[1m[91mTOP UNDER PLAYS[0m
[1m[91m================================================================================[0m
  [96m 1. Brice Sensabaugh         [0m | [91mUNDER 2.5 3PT  [0m | Utah Jazz                 vs Boston Celtics            | [1mA.I.: 7.54[0m | Rating: 2.9 

[96mGenerating HTML report...[0m

[92m✓ HTML report saved: /Users/rico/sports-models/nba/nba_3pt_props.html[0m

[1m[92m================================================================================[0m
[1m[92m✓ Model execution complete![0m
[1m[92m================================================================================[0m


==========================================
✅ Model completed successfully!
==========================================

📤 Pushing updates to GitHub...
[main 02c12cd] Update model outputs - 2025-12-30 05:00:29
 Committer: Ricardo Hill <rico@Ricos-M1-Mac-2.local>
Your name and email address were configured automatically based
on your username and hostname. Please check that they are accurate.
You can suppress this message by setting them explicitly. Run the
following command and follow the instructions in your editor to edit
your configuration file:

    git config --global --edit

After doing this, you may fix the identity used for this commit with:

    git commit --amend --reset-author

 2 files changed, 53 insertions(+), 49 deletions(-)
To https://github.com/BangLetsGetIt/NBA-NCAA-Betting-Models.git
   84f8efa..02c12cd  main -> main
✅ Successfully pushed to GitHub!
==========================================
NBA 3PT Props Model Run: Wed Dec 31 05:00:05 EST 2025
==========================================
Running NBA 3PT Props model...

[1m[96m================================================================================[0m
[1m[96mNBA 3PT PROPS A.I. MODEL[0m
[1m[96m================================================================================[0m

[96m==========================================================================================[0m
[96m🎯 GRADING PENDING PICKS[0m
[96m==========================================================================================[0m

[93m📋 Found 7 pending picks...[0m

  Fetching team stats to verify completed games for 2025-12-16...
[96m  Fetching batch stats for 12/16/2025...[0m
  Fetching team stats to verify completed games for 2025-12-31...

[93mNo picks ready for grading yet[0m

[96mFetching REAL NBA player 3-pointers statistics...[0m
[92m✓ Using cached player 3-pointers stats (less than 6 hours old)[0m

[96mFetching opponent 3-pointers factors...[0m
[92m✓ Using cached 3-pointers factors[0m

[96mFetching player 3-pointers prop odds...[0m
[96m  Found 9 upcoming games[0m
[96m  Filtered to 9 upcoming games[0m
[96m  Game 1/9: Golden State Warriors @ Charlotte Hornets[0m
[96m  Game 2/9: Minnesota Timberwolves @ Atlanta Hawks[0m
[96m  Game 3/9: Orlando Magic @ Indiana Pacers[0m
[96m  Game 4/9: Phoenix Suns @ Cleveland Cavaliers[0m
[96m  Game 5/9: New Orleans Pelicans @ Chicago Bulls[0m
[96m  Game 6/9: New York Knicks @ San Antonio Spurs[0m
[96m  Game 7/9: Denver Nuggets @ Toronto Raptors[0m
[96m  Game 8/9: Washington Wizards @ Milwaukee Bucks[0m
[96m  Game 9/9: Portland Trail Blazers @ Oklahoma City Thunder[0m
[92m✓ Fetched 79 player 3-pointers props (grouped)[0m

[96mAnalyzing 79 player props with REAL stats...[0m
[92m✓ Found 5 top OVER plays (A.I. Score >= 7.5)[0m
[92m✓ Found 1 top UNDER plays (A.I. Score >= 7.5)[0m
[93m  Skipped 2 props (no player stats found)[0m
[93m  Skipped 148 props (score below 7.5 or failed checks)[0m

[96m==========================================================================================[0m
[96m📊 TRACKING NEW PICKS[0m
[96m==========================================================================================[0m
[93m✓ Updated odds for 1 existing picks[0m

[1m[92m================================================================================[0m
[1m[92mTOP OVER PLAYS[0m
[1m[92m================================================================================[0m
  [96m 1. Tre Johnson              [0m | [92mOVER 1.5 3PT   [0m | Washington Wizards        vs Milwaukee Bucks           | [1mA.I.: 8.20[0m | Rating: 3.4 ⭐
  [96m 2. Jalen Brunson            [0m | [92mOVER 2.5 3PT   [0m | New York Knicks           vs San Antonio Spurs         | [1mA.I.: 9.02[0m | Rating: 3.3 ⭐
  [96m 3. Kevin Porter Jr.         [0m | [92mOVER 1.5 3PT   [0m | Milwaukee Bucks           vs Washington Wizards        | [1mA.I.: 7.55[0m | Rating: 3.3 ⭐
  [96m 4. Ryan Rollins             [0m | [92mOVER 1.5 3PT   [0m | Milwaukee Bucks           vs Washington Wizards        | [1mA.I.: 7.61[0m | Rating: 3.2 ⭐
  [96m 5. Donte DiVincenzo         [0m | [92mOVER 2.5 3PT   [0m | Minnesota Timberwolves    vs Atlanta Hawks             | [1mA.I.: 8.10[0m | Rating: 3.1 ⭐

[1m[91m================================================================================[0m
[1m[91mTOP UNDER PLAYS[0m
[1m[91m================================================================================[0m
  [96m 1. De'Anthony Melton        [0m | [91mUNDER 1.5 3PT  [0m | Golden State Warriors     vs Charlotte Hornets         | [1mA.I.: 9.64[0m | Rating: 3.2 ⭐

[96mGenerating HTML report...[0m

[92m✓ HTML report saved: /Users/rico/sports-models/nba/nba_3pt_props.html[0m

[1m[92m================================================================================[0m
[1m[92m✓ Model execution complete![0m
[1m[92m================================================================================[0m


==========================================
✅ Model completed successfully!
==========================================

📤 Pushing updates to GitHub...
[main 7d68d1e] Update model outputs - 2025-12-31 05:00:17
 Committer: Ricardo Hill <rico@Ricos-M1-Mac-2.local>
Your name and email address were configured automatically based
on your username and hostname. Please check that they are accurate.
You can suppress this message by setting them explicitly. Run the
following command and follow the instructions in your editor to edit
your configuration file:

    git config --global --edit

After doing this, you may fix the identity used for this commit with:

    git commit --amend --reset-author

 2 files changed, 6 insertions(+), 5 deletions(-)
To https://github.com/BangLetsGetIt/NBA-NCAA-Betting-Models.git
   6068b00..7d68d1e  main -> main
✅ Successfully pushed to GitHub!
==========================================
NBA 3PT Props Model Run: Thu Jan  1 05:00:04 EST 2026
==========================================
Running NBA 3PT Props model...

[1m[96m================================================================================[0m
[1m[96mNBA 3PT PROPS A.I. MODEL[0m
[1m[96m================================================================================[0m

[96m==========================================================================================[0m
[96m🎯 GRADING PENDING PICKS[0m
[96m==========================================================================================[0m

[93m📋 Found 3 pending picks...[0m

  Fetching team stats to verify completed games for 2025-12-16...
[96m  Fetching batch stats for 12/16/2025...[0m
  Fetching team stats to verify completed games for 2026-01-01...

[93mNo picks ready for grading yet[0m

[96mFetching REAL NBA player 3-pointers statistics...[0m
[96m  Fetching season 3-pointers stats...[0m
[96m  Fetching recent form (last 10 games)...[0m
[92m✓ Fetched REAL 3-pointers stats for 505 players[0m

[96mFetching opponent 3-pointers factors...[0m
[92m✓ Fetched 3-pointers factors for 30 teams[0m

[96mFetching player 3-pointers prop odds...[0m
[96m  Found 5 upcoming games[0m
[96m  Filtered to 5 upcoming games[0m
[96m  Game 1/5: Houston Rockets @ Brooklyn Nets[0m
[96m  Game 2/5: Miami Heat @ Detroit Pistons[0m
[96m  Game 3/5: Philadelphia 76ers @ Dallas Mavericks[0m
[96m  Game 4/5: Boston Celtics @ Sacramento Kings[0m
[96m  Game 5/5: Utah Jazz @ Los Angeles Clippers[0m
[92m✓ Fetched 37 player 3-pointers props (grouped)[0m

[96mAnalyzing 37 player props with REAL stats...[0m
[92m✓ Found 0 top OVER plays (A.I. Score >= 7.5)[0m
[92m✓ Found 2 top UNDER plays (A.I. Score >= 7.5)[0m
[93m  Skipped 1 props (no player stats found)[0m
[93m  Skipped 70 props (score below 7.5 or failed checks)[0m

[96m==========================================================================================[0m
[96m📊 TRACKING NEW PICKS[0m
[96m==========================================================================================[0m
[93m✓ Updated odds for 1 existing picks[0m

[1m[92m================================================================================[0m
[1m[92mTOP OVER PLAYS[0m
[1m[92m================================================================================[0m

[1m[91m================================================================================[0m
[1m[91mTOP UNDER PLAYS[0m
[1m[91m================================================================================[0m
  [96m 1. Brice Sensabaugh         [0m | [91mUNDER 2.5 3PT  [0m | Utah Jazz                 vs Los Angeles Clippers      | [1mA.I.: 10.00[0m | Rating: 4.9 ⭐⭐
  [96m 2. Nique Clifford           [0m | [91mUNDER 1.5 3PT  [0m | Sacramento Kings          vs Boston Celtics            | [1mA.I.: 9.11[0m | Rating: 4.3 ⭐⭐

[96mGenerating HTML report...[0m

[92m✓ HTML report saved: /Users/rico/sports-models/nba/nba_3pt_props.html[0m

[1m[92m================================================================================[0m
[1m[92m✓ Model execution complete![0m
[1m[92m================================================================================[0m


==========================================
✅ Model completed successfully!
==========================================

📤 Pushing updates to GitHub...
[main 04c1b46] Update model outputs - 2026-01-01 05:00:28
 Committer: Ricardo Hill <rico@Ricos-M1-Mac-2.local>
Your name and email address were configured automatically based
on your username and hostname. Please check that they are accurate.
You can suppress this message by setting them explicitly. Run the
following command and follow the instructions in your editor to edit
your configuration file:

    git config --global --edit

After doing this, you may fix the identity used for this commit with:

    git commit --amend --reset-author

 2 files changed, 6 insertions(+), 5 deletions(-)
To https://github.com/BangLetsGetIt/NBA-NCAA-Betting-Models.git
   8089540..04c1b46  main -> main
✅ Successfully pushed to GitHub!
==========================================
NBA 3PT Props Model Run: Fri Jan  2 05:00:05 EST 2026
==========================================
Running NBA 3PT Props model...

[1m[96m================================================================================[0m
[1m[96mNBA 3PT PROPS A.I. MODEL[0m
[1m[96m================================================================================[0m

[96m==========================================================================================[0m
[96m🎯 GRADING PENDING PICKS[0m
[96m==========================================================================================[0m

[93m📋 Found 11 pending picks...[0m

  Fetching team stats to verify completed games for 2025-12-16...
[96m  Fetching batch stats for 12/16/2025...[0m
  Fetching team stats to verify completed games for 2026-01-02...

[93mNo picks ready for grading yet[0m

[96mFetching REAL NBA player 3-pointers statistics...[0m
[92m✓ Using cached player 3-pointers stats (less than 6 hours old)[0m

[96mFetching opponent 3-pointers factors...[0m
[92m✓ Using cached 3-pointers factors[0m

[96mFetching player 3-pointers prop odds...[0m
[96m  Found 10 upcoming games[0m
[96m  Filtered to 10 upcoming games[0m
[96m  Game 1/10: Brooklyn Nets @ Washington Wizards[0m
[96m  Game 2/10: San Antonio Spurs @ Indiana Pacers[0m
[96m  Game 3/10: Atlanta Hawks @ New York Knicks[0m
[96m  Game 4/10: Denver Nuggets @ Cleveland Cavaliers[0m
[96m  Game 5/10: Charlotte Hornets @ Milwaukee Bucks[0m
[96m  Game 6/10: Orlando Magic @ Chicago Bulls[0m
[96m  Game 7/10: Portland Trail Blazers @ New Orleans Pelicans[0m
[96m  Game 8/10: Sacramento Kings @ Phoenix Suns[0m
[96m  Game 9/10: Oklahoma City Thunder @ Golden State Warriors[0m
[96m  Game 10/10: Memphis Grizzlies @ Los Angeles Lakers[0m
[92m✓ Fetched 86 player 3-pointers props (grouped)[0m

[96mAnalyzing 86 player props with REAL stats...[0m
[92m✓ Found 7 top OVER plays (A.I. Score >= 7.5)[0m
[92m✓ Found 3 top UNDER plays (A.I. Score >= 7.5)[0m
[93m  Skipped 4 props (no player stats found)[0m
[93m  Skipped 154 props (score below 7.5 or failed checks)[0m

[96m==========================================================================================[0m
[96m📊 TRACKING NEW PICKS[0m
[96m==========================================================================================[0m
[92m✓ Tracked 1 new picks[0m
[93m✓ Updated odds for 5 existing picks[0m

[1m[92m================================================================================[0m
[1m[92mTOP OVER PLAYS[0m
[1m[92m================================================================================[0m
  [96m 1. Isaiah Joe               [0m | [92mOVER 1.5 3PT   [0m | Oklahoma City Thunder     vs Golden State Warriors     | [1mA.I.: 10.00[0m | Rating: 4.9 ⭐⭐
  [96m 2. Ryan Rollins             [0m | [92mOVER 1.5 3PT   [0m | Milwaukee Bucks           vs Charlotte Hornets         | [1mA.I.: 7.63[0m | Rating: 3.7 ⭐
  [96m 3. Jamal Murray             [0m | [92mOVER 2.5 3PT   [0m | Denver Nuggets            vs Cleveland Cavaliers       | [1mA.I.: 10.00[0m | Rating: 3.6 ⭐
  [96m 4. Kevin Porter Jr.         [0m | [92mOVER 1.5 3PT   [0m | Milwaukee Bucks           vs Charlotte Hornets         | [1mA.I.: 7.52[0m | Rating: 3.2 ⭐
  [96m 5. Jalen Brunson            [0m | [92mOVER 2.5 3PT   [0m | New York Knicks           vs Atlanta Hawks             | [1mA.I.: 10.00[0m | Rating: 3.1 ⭐
  [96m 6. Cam Spencer              [0m | [92mOVER 1.5 3PT   [0m | Memphis Grizzlies         vs Los Angeles Lakers        | [1mA.I.: 10.00[0m | Rating: 2.9 
  [96m 7. Mikal Bridges            [0m | [92mOVER 1.5 3PT   [0m | New York Knicks           vs Atlanta Hawks             | [1mA.I.: 7.54[0m | Rating: 2.8 

[1m[91m================================================================================[0m
[1m[91mTOP UNDER PLAYS[0m
[1m[91m================================================================================[0m
  [96m 1. Bilal Coulibaly          [0m | [91mUNDER 1.5 3PT  [0m | Washington Wizards        vs Brooklyn Nets             | [1mA.I.: 7.60[0m | Rating: 4.4 ⭐⭐
  [96m 2. Kevin Huerter            [0m | [91mUNDER 2.5 3PT  [0m | Chicago Bulls             vs Orlando Magic             | [1mA.I.: 9.13[0m | Rating: 3.5 ⭐
  [96m 3. Dylan Harper             [0m | [91mUNDER 1.5 3PT  [0m | San Antonio Spurs         vs Indiana Pacers            | [1mA.I.: 10.00[0m | Rating: 2.5 

[96mGenerating HTML report...[0m

[92m✓ HTML report saved: /Users/rico/sports-models/nba/nba_3pt_props.html[0m

[1m[92m================================================================================[0m
[1m[92m✓ Model execution complete![0m
[1m[92m================================================================================[0m


==========================================
✅ Model completed successfully!
==========================================

📤 Pushing updates to GitHub...
[main 9c3a3be] Update model outputs - 2026-01-02 05:00:11
 Committer: Ricardo Hill <rico@Ricos-M1-Mac-2.local>
Your name and email address were configured automatically based
on your username and hostname. Please check that they are accurate.
You can suppress this message by setting them explicitly. Run the
following command and follow the instructions in your editor to edit
your configuration file:

    git config --global --edit

After doing this, you may fix the identity used for this commit with:

    git commit --amend --reset-author

 2 files changed, 128 insertions(+), 102 deletions(-)
To https://github.com/BangLetsGetIt/NBA-NCAA-Betting-Models.git
   84a5fc1..9c3a3be  main -> main
✅ Successfully pushed to GitHub!
==========================================
NBA 3PT Props Model Run: Sat Jan  3 05:00:05 EST 2026
==========================================
Running NBA 3PT Props model...

[1m[96m================================================================================[0m
[1m[96mNBA 3PT PROPS A.I. MODEL[0m
[1m[96m================================================================================[0m

[96m==========================================================================================[0m
[96m🎯 GRADING PENDING PICKS[0m
[96m==========================================================================================[0m

[93m📋 Found 4 pending picks...[0m

  Fetching team stats to verify completed games for 2025-12-16...
[96m  Fetching batch stats for 12/16/2025...[0m
  Fetching team stats to verify completed games for 2026-01-03...

[93mNo picks ready for grading yet[0m

[96mFetching REAL NBA player 3-pointers statistics...[0m
[92m✓ Using cached player 3-pointers stats (less than 6 hours old)[0m

[96mFetching opponent 3-pointers factors...[0m
[92m✓ Using cached 3-pointers factors[0m

[96mFetching player 3-pointers prop odds...[0m
[96m  Found 8 upcoming games[0m
[96m  Filtered to 8 upcoming games[0m
[96m  Game 1/8: Minnesota Timberwolves @ Miami Heat[0m
[96m  Game 2/8: Atlanta Hawks @ Toronto Raptors[0m
[96m  Game 3/8: Philadelphia 76ers @ New York Knicks[0m
[96m  Game 4/8: Charlotte Hornets @ Chicago Bulls[0m
[96m  Game 5/8: Portland Trail Blazers @ San Antonio Spurs[0m
[96m  Game 6/8: Houston Rockets @ Dallas Mavericks[0m
[96m  Game 7/8: Utah Jazz @ Golden State Warriors[0m
[96m  Game 8/8: Boston Celtics @ Los Angeles Clippers[0m
[92m✓ Fetched 70 player 3-pointers props (grouped)[0m

[96mAnalyzing 70 player props with REAL stats...[0m
[92m✓ Found 4 top OVER plays (A.I. Score >= 7.5)[0m
[92m✓ Found 1 top UNDER plays (A.I. Score >= 7.5)[0m
[93m  Skipped 2 props (no player stats found)[0m
[93m  Skipped 131 props (score below 7.5 or failed checks)[0m

[96m==========================================================================================[0m
[96m📊 TRACKING NEW PICKS[0m
[96m==========================================================================================[0m
[92m✓ Tracked 2 new picks[0m
[93m✓ Updated odds for 1 existing picks[0m

[1m[92m================================================================================[0m
[1m[92mTOP OVER PLAYS[0m
[1m[92m================================================================================[0m
  [96m 1. Klay Thompson            [0m | [92mOVER 1.5 3PT   [0m | Dallas Mavericks          vs Houston Rockets           | [1mA.I.: 10.00[0m | Rating: 3.5 ⭐
  [96m 2. Donte DiVincenzo         [0m | [92mOVER 2.5 3PT   [0m | Minnesota Timberwolves    vs Miami Heat                | [1mA.I.: 7.78[0m | Rating: 3.0 ⭐
  [96m 3. VJ Edgecombe             [0m | [92mOVER 1.5 3PT   [0m | Philadelphia 76ers        vs New York Knicks           | [1mA.I.: 9.01[0m | Rating: 2.5 
  [96m 4. Jalen Brunson            [0m | [92mOVER 2.5 3PT   [0m | New York Knicks           vs Philadelphia 76ers        | [1mA.I.: 8.72[0m | Rating: 2.4 

[1m[91m================================================================================[0m
[1m[91mTOP UNDER PLAYS[0m
[1m[91m================================================================================[0m
  [96m 1. Brice Sensabaugh         [0m | [91mUNDER 2.5 3PT  [0m | Utah Jazz                 vs Golden State Warriors     | [1mA.I.: 10.00[0m | Rating: 4.4 ⭐⭐

[96mGenerating HTML report...[0m

[92m✓ HTML report saved: /Users/rico/sports-models/nba/nba_3pt_props.html[0m

[1m[92m================================================================================[0m
[1m[92m✓ Model execution complete![0m
[1m[92m================================================================================[0m


==========================================
✅ Model completed successfully!
==========================================

📤 Pushing updates to GitHub...
[main eaba1e8] Update model outputs - 2026-01-03 05:00:18
 Committer: Ricardo Hill <rico@Ricos-M1-Mac-2.local>
Your name and email address were configured automatically based
on your username and hostname. Please check that they are accurate.
You can suppress this message by setting them explicitly. Run the
following command and follow the instructions in your editor to edit
your configuration file:

    git config --global --edit

After doing this, you may fix the identity used for this commit with:

    git commit --amend --reset-author

 2 files changed, 192 insertions(+), 4 deletions(-)
To https://github.com/BangLetsGetIt/NBA-NCAA-Betting-Models.git
   0500b0c..eaba1e8  main -> main
✅ Successfully pushed to GitHub!
==========================================
NBA 3PT Props Model Run: Sun Jan  4 05:00:04 EST 2026
==========================================
Running NBA 3PT Props model...

[1m[96m================================================================================[0m
[1m[96mNBA 3PT PROPS A.I. MODEL[0m
[1m[96m================================================================================[0m

[96m==========================================================================================[0m
[96m🎯 GRADING PENDING PICKS[0m
[96m==========================================================================================[0m

[93m📋 Found 8 pending picks...[0m

  Fetching team stats to verify completed games for 2025-12-16...
[96m  Fetching batch stats for 12/16/2025...[0m
  Fetching team stats to verify completed games for 2026-01-04...

[93mNo picks ready for grading yet[0m

[96mFetching REAL NBA player 3-pointers statistics...[0m
[92m✓ Using cached player 3-pointers stats (less than 6 hours old)[0m

[96mFetching opponent 3-pointers factors...[0m
[92m✓ Using cached 3-pointers factors[0m

[96mFetching player 3-pointers prop odds...[0m
[96m  Found 8 upcoming games[0m
[96m  Filtered to 8 upcoming games[0m
[96m  Game 1/8: Detroit Pistons @ Cleveland Cavaliers[0m
[96m  Game 2/8: Indiana Pacers @ Orlando Magic[0m
[96m  Game 3/8: Denver Nuggets @ Brooklyn Nets[0m
[96m  Game 4/8: New Orleans Pelicans @ Miami Heat[0m
[96m  Game 5/8: Minnesota Timberwolves @ Washington Wizards[0m
[96m  Game 6/8: Oklahoma City Thunder @ Phoenix Suns[0m
[96m  Game 7/8: Milwaukee Bucks @ Sacramento Kings[0m
[96m  Game 8/8: Memphis Grizzlies @ Los Angeles Lakers[0m
[92m✓ Fetched 67 player 3-pointers props (grouped)[0m

[96mAnalyzing 67 player props with REAL stats...[0m
[92m✓ Found 5 top OVER plays (A.I. Score >= 7.5)[0m
[92m✓ Found 2 top UNDER plays (A.I. Score >= 7.5)[0m
[93m  Skipped 2 props (no player stats found)[0m
[93m  Skipped 123 props (score below 7.5 or failed checks)[0m

[96m==========================================================================================[0m
[96m📊 TRACKING NEW PICKS[0m
[96m==========================================================================================[0m
[93m✓ Updated odds for 3 existing picks[0m

[1m[92m================================================================================[0m
[1m[92mTOP OVER PLAYS[0m
[1m[92m================================================================================[0m
  [96m 1. Bobby Portis             [0m | [92mOVER 1.5 3PT   [0m | Milwaukee Bucks           vs Sacramento Kings          | [1mA.I.: 9.20[0m | Rating: 4.9 ⭐⭐
  [96m 2. Donte DiVincenzo         [0m | [92mOVER 2.5 3PT   [0m | Minnesota Timberwolves    vs Washington Wizards        | [1mA.I.: 7.78[0m | Rating: 3.8 ⭐
  [96m 3. Carlton Carrington       [0m | [92mOVER 1.5 3PT   [0m | Washington Wizards        vs Minnesota Timberwolves    | [1mA.I.: 8.61[0m | Rating: 3.4 ⭐
  [96m 4. Jamal Murray             [0m | [92mOVER 2.5 3PT   [0m | Denver Nuggets            vs Brooklyn Nets             | [1mA.I.: 10.00[0m | Rating: 3.3 ⭐
  [96m 5. Collin Gillespie         [0m | [92mOVER 2.5 3PT   [0m | Phoenix Suns              vs Oklahoma City Thunder     | [1mA.I.: 8.30[0m | Rating: 2.6 

[1m[91m================================================================================[0m
[1m[91mTOP UNDER PLAYS[0m
[1m[91m================================================================================[0m
  [96m 1. Tyus Jones               [0m | [91mUNDER 1.5 3PT  [0m | Orlando Magic             vs Indiana Pacers            | [1mA.I.: 10.00[0m | Rating: 3.2 ⭐
  [96m 2. Justin Champagnie        [0m | [91mUNDER 1.5 3PT  [0m | Washington Wizards        vs Minnesota Timberwolves    | [1mA.I.: 9.65[0m | Rating: 3.0 ⭐

[96mGenerating HTML report...[0m

[92m✓ HTML report saved: /Users/rico/sports-models/nba/nba_3pt_props.html[0m

[1m[92m================================================================================[0m
[1m[92m✓ Model execution complete![0m
[1m[92m================================================================================[0m


==========================================
✅ Model completed successfully!
==========================================

📤 Pushing updates to GitHub...
[main c0ac016] Update model outputs - 2026-01-04 05:00:09
 Committer: Ricardo Hill <rico@Ricos-M1-Mac-2.local>
Your name and email address were configured automatically based
on your username and hostname. Please check that they are accurate.
You can suppress this message by setting them explicitly. Run the
following command and follow the instructions in your editor to edit
your configuration file:

    git config --global --edit

After doing this, you may fix the identity used for this commit with:

    git commit --amend --reset-author

 2 files changed, 18 insertions(+), 15 deletions(-)
To https://github.com/BangLetsGetIt/NBA-NCAA-Betting-Models.git
   ce76545..c0ac016  main -> main
✅ Successfully pushed to GitHub!
==========================================
NBA 3PT Props Model Run: Mon Jan  5 05:00:05 EST 2026
==========================================
Running NBA 3PT Props model...

[1m[96m================================================================================[0m
[1m[96mNBA 3PT PROPS A.I. MODEL[0m
[1m[96m================================================================================[0m

[96m==========================================================================================[0m
[96m🎯 GRADING PENDING PICKS[0m
[96m==========================================================================================[0m

[93m📋 Found 8 pending picks...[0m

  Fetching team stats to verify completed games for 2025-12-16...
[96m  Fetching batch stats for 12/16/2025...[0m
  Fetching team stats to verify completed games for 2026-01-05...

[93mNo picks ready for grading yet[0m

[96mFetching REAL NBA player 3-pointers statistics...[0m
[92m✓ Using cached player 3-pointers stats (less than 6 hours old)[0m

[96mFetching opponent 3-pointers factors...[0m
[92m✓ Using cached 3-pointers factors[0m

[96mFetching player 3-pointers prop odds...[0m
[96m  Found 8 upcoming games[0m
[96m  Filtered to 8 upcoming games[0m
[96m  Game 1/8: New York Knicks @ Detroit Pistons[0m
[96m  Game 2/8: Atlanta Hawks @ Toronto Raptors[0m
[96m  Game 3/8: Chicago Bulls @ Boston Celtics[0m
[96m  Game 4/8: Charlotte Hornets @ Oklahoma City Thunder[0m
[96m  Game 5/8: Phoenix Suns @ Houston Rockets[0m
[96m  Game 6/8: Denver Nuggets @ Philadelphia 76ers[0m
[96m  Game 7/8: Golden State Warriors @ Los Angeles Clippers[0m
[96m  Game 8/8: Utah Jazz @ Portland Trail Blazers[0m
[92m✓ Fetched 70 player 3-pointers props (grouped)[0m

[96mAnalyzing 70 player props with REAL stats...[0m
[92m✓ Found 6 top OVER plays (A.I. Score >= 7.5)[0m
[92m✓ Found 1 top UNDER plays (A.I. Score >= 7.5)[0m
[93m  Skipped 3 props (no player stats found)[0m
[93m  Skipped 127 props (score below 7.5 or failed checks)[0m

[96m==========================================================================================[0m
[96m📊 TRACKING NEW PICKS[0m
[96m==========================================================================================[0m
[93m✓ Updated odds for 2 existing picks[0m

[1m[92m================================================================================[0m
[1m[92mTOP OVER PLAYS[0m
[1m[92m================================================================================[0m
  [96m 1. LaMelo Ball              [0m | [92mOVER 2.5 3PT   [0m | Charlotte Hornets         vs Oklahoma City Thunder     | [1mA.I.: 10.00[0m | Rating: 4.0 ⭐⭐
  [96m 2. Jamal Murray             [0m | [92mOVER 2.5 3PT   [0m | Denver Nuggets            vs Philadelphia 76ers        | [1mA.I.: 9.29[0m | Rating: 3.8 ⭐
  [96m 3. Kon Knueppel             [0m | [92mOVER 2.5 3PT   [0m | Charlotte Hornets         vs Oklahoma City Thunder     | [1mA.I.: 10.00[0m | Rating: 3.4 ⭐
  [96m 4. Luguentz Dort            [0m | [92mOVER 1.5 3PT   [0m | Oklahoma City Thunder     vs Charlotte Hornets         | [1mA.I.: 9.11[0m | Rating: 3.0 ⭐
  [96m 5. Royce O'Neale            [0m | [92mOVER 1.5 3PT   [0m | Phoenix Suns              vs Houston Rockets           | [1mA.I.: 10.00[0m | Rating: 2.9 
  [96m 6. Jalen Brunson            [0m | [92mOVER 2.5 3PT   [0m | New York Knicks           vs Detroit Pistons           | [1mA.I.: 9.00[0m | Rating: 2.7 

[1m[91m================================================================================[0m
[1m[91mTOP UNDER PLAYS[0m
[1m[91m================================================================================[0m
  [96m 1. Kevin Huerter            [0m | [91mUNDER 2.5 3PT  [0m | Chicago Bulls             vs Boston Celtics            | [1mA.I.: 7.64[0m | Rating: 2.7 

[96mGenerating HTML report...[0m

[92m✓ HTML report saved: /Users/rico/sports-models/nba/nba_3pt_props.html[0m

[1m[92m================================================================================[0m
[1m[92m✓ Model execution complete![0m
[1m[92m================================================================================[0m


==========================================
✅ Model completed successfully!
==========================================

📤 Pushing updates to GitHub...
[main 9dedcc3] Update model outputs - 2026-01-05 05:00:18
 Committer: Ricardo Hill <rico@Ricos-M1-Mac-2.local>
Your name and email address were configured automatically based
on your username and hostname. Please check that they are accurate.
You can suppress this message by setting them explicitly. Run the
following command and follow the instructions in your editor to edit
your configuration file:

    git config --global --edit

After doing this, you may fix the identity used for this commit with:

    git commit --amend --reset-author

 2 files changed, 36 insertions(+), 34 deletions(-)
To https://github.com/BangLetsGetIt/NBA-NCAA-Betting-Models.git
   d0478af..9dedcc3  main -> main
✅ Successfully pushed to GitHub!
==========================================
NBA 3PT Props Model Run: Tue Jan  6 05:00:05 EST 2026
==========================================
Running NBA 3PT Props model...

[1m[96m================================================================================[0m
[1m[96mNBA 3PT PROPS A.I. MODEL[0m
[1m[96m================================================================================[0m

[96m==========================================================================================[0m
[96m🎯 GRADING PENDING PICKS[0m
[96m==========================================================================================[0m

[93m📋 Found 5 pending picks...[0m

  Fetching team stats to verify completed games for 2025-12-16...
[96m  Fetching batch stats for 12/16/2025...[0m
  Fetching team stats to verify completed games for 2026-01-06...

[93mNo picks ready for grading yet[0m

[96mFetching REAL NBA player 3-pointers statistics...[0m
[92m✓ Using cached player 3-pointers stats (less than 6 hours old)[0m

[96mFetching opponent 3-pointers factors...[0m
[92m✓ Using cached 3-pointers factors[0m

[96mFetching player 3-pointers prop odds...[0m
[96m  Found 6 upcoming games[0m
[96m  Filtered to 6 upcoming games[0m
[96m  Game 1/6: Cleveland Cavaliers @ Indiana Pacers[0m
[96m  Game 2/6: Orlando Magic @ Washington Wizards[0m
[96m  Game 3/6: Los Angeles Lakers @ New Orleans Pelicans[0m
[96m  Game 4/6: San Antonio Spurs @ Memphis Grizzlies[0m
[96m  Game 5/6: Miami Heat @ Minnesota Timberwolves[0m
[96m  Game 6/6: Dallas Mavericks @ Sacramento Kings[0m
[92m✓ Fetched 53 player 3-pointers props (grouped)[0m

[96mAnalyzing 53 player props with REAL stats...[0m
[92m✓ Found 2 top OVER plays (A.I. Score >= 7.5)[0m
[92m✓ Found 3 top UNDER plays (A.I. Score >= 7.5)[0m
[93m  Skipped 1 props (no player stats found)[0m
[93m  Skipped 99 props (score below 7.5 or failed checks)[0m

[96m==========================================================================================[0m
[96m📊 TRACKING NEW PICKS[0m
[96m==========================================================================================[0m
[92m✓ Tracked 1 new picks[0m
[93m✓ Updated odds for 4 existing picks[0m

[1m[92m================================================================================[0m
[1m[92mTOP OVER PLAYS[0m
[1m[92m================================================================================[0m
  [96m 1. Tyler Herro              [0m | [92mOVER 1.5 3PT   [0m | Miami Heat                vs Minnesota Timberwolves    | [1mA.I.: 10.00[0m | Rating: 3.8 ⭐
  [96m 2. Klay Thompson            [0m | [92mOVER 1.5 3PT   [0m | Dallas Mavericks          vs Sacramento Kings          | [1mA.I.: 10.00[0m | Rating: 3.1 ⭐

[1m[91m================================================================================[0m
[1m[91mTOP UNDER PLAYS[0m
[1m[91m================================================================================[0m
  [96m 1. Marcus Smart             [0m | [91mUNDER 2.5 3PT  [0m | Los Angeles Lakers        vs New Orleans Pelicans      | [1mA.I.: 8.52[0m | Rating: 3.1 ⭐
  [96m 2. LeBron James             [0m | [91mUNDER 2.5 3PT  [0m | Los Angeles Lakers        vs New Orleans Pelicans      | [1mA.I.: 10.00[0m | Rating: 3.0 ⭐
  [96m 3. Darius Garland           [0m | [91mUNDER 3.5 3PT  [0m | Cleveland Cavaliers       vs Indiana Pacers            | [1mA.I.: 9.11[0m | Rating: 2.9 

[96mGenerating HTML report...[0m

[92m✓ HTML report saved: /Users/rico/sports-models/nba/nba_3pt_props.html[0m

[1m[92m================================================================================[0m
[1m[92m✓ Model execution complete![0m
[1m[92m================================================================================[0m


==========================================
✅ Model completed successfully!
==========================================

📤 Pushing updates to GitHub...
[main cbe1587] Update model outputs - 2026-01-06 05:00:17
 Committer: Ricardo Hill <rico@Ricos-M1-Mac-2.local>
Your name and email address were configured automatically based
on your username and hostname. Please check that they are accurate.
You can suppress this message by setting them explicitly. Run the
following command and follow the instructions in your editor to edit
your configuration file:

    git config --global --edit

After doing this, you may fix the identity used for this commit with:

    git commit --amend --reset-author

 2 files changed, 145 insertions(+), 47 deletions(-)
To https://github.com/BangLetsGetIt/NBA-NCAA-Betting-Models.git
   1262092..cbe1587  main -> main
✅ Successfully pushed to GitHub!
==========================================
NBA 3PT Props Model Run: Wed Jan  7 05:00:01 EST 2026
==========================================
Running NBA 3PT Props model...

[1m[96m================================================================================[0m
[1m[96mNBA 3PT PROPS A.I. MODEL[0m
[1m[96m================================================================================[0m

[96m==========================================================================================[0m
[96m🎯 GRADING PENDING PICKS[0m
[96m==========================================================================================[0m

[93m📋 Found 9 pending picks...[0m

  Fetching team stats to verify completed games for 2025-12-16...
[96m  Fetching batch stats for 12/16/2025...[0m
  Fetching team stats to verify completed games for 2026-01-07...

[93mNo picks ready for grading yet[0m

[96mFetching REAL NBA player 3-pointers statistics...[0m
[92m✓ Using cached player 3-pointers stats (less than 6 hours old)[0m

[96mFetching opponent 3-pointers factors...[0m
[92m✓ Using cached 3-pointers factors[0m

[96mFetching player 3-pointers prop odds...[0m
[96m  Found 12 upcoming games[0m
[96m  Filtered to 12 upcoming games[0m
[96m  Game 1/10: Denver Nuggets @ Boston Celtics[0m
[96m  Game 2/10: Toronto Raptors @ Charlotte Hornets[0m
[96m  Game 3/10: Chicago Bulls @ Detroit Pistons[0m
[96m  Game 4/10: Washington Wizards @ Philadelphia 76ers[0m
[96m  Game 5/10: New Orleans Pelicans @ Atlanta Hawks[0m
[96m  Game 6/10: Orlando Magic @ Brooklyn Nets[0m
[96m  Game 7/10: Los Angeles Clippers @ New York Knicks[0m
[96m  Game 8/10: Phoenix Suns @ Memphis Grizzlies[0m
[96m  Game 9/10: Utah Jazz @ Oklahoma City Thunder[0m
[96m  Game 10/10: Los Angeles Lakers @ San Antonio Spurs[0m
[92m✓ Fetched 85 player 3-pointers props (grouped)[0m

[96mAnalyzing 85 player props with REAL stats...[0m
[92m✓ Found 6 top OVER plays (A.I. Score >= 7.5)[0m
[92m✓ Found 3 top UNDER plays (A.I. Score >= 7.5)[0m
[93m  Skipped 4 props (no player stats found)[0m
[93m  Skipped 153 props (score below 7.5 or failed checks)[0m

[96m==========================================================================================[0m
[96m📊 TRACKING NEW PICKS[0m
[96m==========================================================================================[0m
[92m✓ Tracked 1 new picks[0m
[93m✓ Updated odds for 4 existing picks[0m

[1m[92m================================================================================[0m
[1m[92mTOP OVER PLAYS[0m
[1m[92m================================================================================[0m
  [96m 1. Miles McBride            [0m | [92mOVER 2.5 3PT   [0m | New York Knicks           vs Los Angeles Clippers      | [1mA.I.: 9.80[0m | Rating: 4.9 ⭐⭐
  [96m 2. Aaron Gordon             [0m | [92mOVER 1.5 3PT   [0m | Denver Nuggets            vs Boston Celtics            | [1mA.I.: 7.59[0m | Rating: 3.7 ⭐
  [96m 3. Jamal Murray             [0m | [92mOVER 2.5 3PT   [0m | Denver Nuggets            vs Boston Celtics            | [1mA.I.: 10.00[0m | Rating: 3.3 ⭐
  [96m 4. LaMelo Ball              [0m | [92mOVER 2.5 3PT   [0m | Charlotte Hornets         vs Toronto Raptors           | [1mA.I.: 9.30[0m | Rating: 3.2 ⭐
  [96m 5. Collin Gillespie         [0m | [92mOVER 2.5 3PT   [0m | Phoenix Suns              vs Memphis Grizzlies         | [1mA.I.: 8.30[0m | Rating: 3.2 ⭐
  [96m 6. Jalen Brunson            [0m | [92mOVER 2.5 3PT   [0m | New York Knicks           vs Los Angeles Clippers      | [1mA.I.: 8.70[0m | Rating: 2.7 

[1m[91m================================================================================[0m
[1m[91mTOP UNDER PLAYS[0m
[1m[91m================================================================================[0m
  [96m 1. Marcus Smart             [0m | [91mUNDER 2.5 3PT  [0m | Los Angeles Lakers        vs San Antonio Spurs         | [1mA.I.: 8.01[0m | Rating: 3.4 ⭐
  [96m 2. Kevin Huerter            [0m | [91mUNDER 2.5 3PT  [0m | Chicago Bulls             vs Detroit Pistons           | [1mA.I.: 8.44[0m | Rating: 3.2 ⭐
  [96m 3. Tyus Jones               [0m | [91mUNDER 1.5 3PT  [0m | Orlando Magic             vs Brooklyn Nets             | [1mA.I.: 10.00[0m | Rating: 2.7 

[96mGenerating HTML report...[0m

[92m✓ HTML report saved: /Users/rico/sports-models/nba/nba_3pt_props.html[0m

[1m[92m================================================================================[0m
[1m[92m✓ Model execution complete![0m
[1m[92m================================================================================[0m


==========================================
✅ Model completed successfully!
==========================================

📤 Pushing updates to GitHub...
[main c82fb2c] Update model outputs - 2026-01-07 05:00:06
 Committer: Ricardo Hill <rico@Ricos-M1-Mac-2.local>
Your name and email address were configured automatically based
on your username and hostname. Please check that they are accurate.
You can suppress this message by setting them explicitly. Run the
following command and follow the instructions in your editor to edit
your configuration file:

    git config --global --edit

After doing this, you may fix the identity used for this commit with:

    git commit --amend --reset-author

 2 files changed, 113 insertions(+), 17 deletions(-)
To https://github.com/BangLetsGetIt/NBA-NCAA-Betting-Models.git
   82d3e78..c82fb2c  main -> main
✅ Successfully pushed to GitHub!
==========================================
NBA 3PT Props Model Run: Thu Jan  8 05:00:04 EST 2026
==========================================
Running NBA 3PT Props model...

[1m[96m================================================================================[0m
[1m[96mNBA 3PT PROPS A.I. MODEL[0m
[1m[96m================================================================================[0m

[96m==========================================================================================[0m
[96m🎯 GRADING PENDING PICKS[0m
[96m==========================================================================================[0m

[93m📋 Found 4 pending picks...[0m

  Fetching team stats to verify completed games for 2025-12-16...
[96m  Fetching batch stats for 12/16/2025...[0m
  Fetching team stats to verify completed games for 2026-01-08...

[93mNo picks ready for grading yet[0m

[96mFetching REAL NBA player 3-pointers statistics...[0m
[92m✓ Using cached player 3-pointers stats (less than 6 hours old)[0m

[96mFetching opponent 3-pointers factors...[0m
[92m✓ Using cached 3-pointers factors[0m

[96mFetching player 3-pointers prop odds...[0m
[96m  Found 4 upcoming games[0m
[96m  Filtered to 4 upcoming games[0m
[96m  Game 1/4: Indiana Pacers @ Charlotte Hornets[0m
[96m  Game 2/4: Miami Heat @ Chicago Bulls[0m
[96m  Game 3/4: Cleveland Cavaliers @ Minnesota Timberwolves[0m
[96m  Game 4/4: Dallas Mavericks @ Utah Jazz[0m
[92m✓ Fetched 36 player 3-pointers props (grouped)[0m

[96mAnalyzing 36 player props with REAL stats...[0m
[92m✓ Found 3 top OVER plays (A.I. Score >= 7.5)[0m
[92m✓ Found 1 top UNDER plays (A.I. Score >= 7.5)[0m
[93m  Skipped 2 props (no player stats found)[0m
[93m  Skipped 64 props (score below 7.5 or failed checks)[0m

[96m==========================================================================================[0m
[96m📊 TRACKING NEW PICKS[0m
[96m==========================================================================================[0m
[92m✓ Tracked 1 new picks[0m
[93m✓ Updated odds for 2 existing picks[0m

[1m[92m================================================================================[0m
[1m[92mTOP OVER PLAYS[0m
[1m[92m================================================================================[0m
  [96m 1. Sam Merrill              [0m | [92mOVER 2.5 3PT   [0m | Cleveland Cavaliers       vs Minnesota Timberwolves    | [1mA.I.: 10.00[0m | Rating: 4.9 ⭐⭐
  [96m 2. LaMelo Ball              [0m | [92mOVER 2.5 3PT   [0m | Charlotte Hornets         vs Indiana Pacers            | [1mA.I.: 8.80[0m | Rating: 3.9 ⭐
  [96m 3. Norman Powell            [0m | [92mOVER 2.5 3PT   [0m | Miami Heat                vs Chicago Bulls             | [1mA.I.: 8.30[0m | Rating: 2.4 

[1m[91m================================================================================[0m
[1m[91mTOP UNDER PLAYS[0m
[1m[91m================================================================================[0m
  [96m 1. Kevin Huerter            [0m | [91mUNDER 2.5 3PT  [0m | Chicago Bulls             vs Miami Heat                | [1mA.I.: 7.96[0m | Rating: 3.7 ⭐

[96mGenerating HTML report...[0m

[92m✓ HTML report saved: /Users/rico/sports-models/nba/nba_3pt_props.html[0m

[1m[92m================================================================================[0m
[1m[92m✓ Model execution complete![0m
[1m[92m================================================================================[0m


==========================================
✅ Model completed successfully!
==========================================

📤 Pushing updates to GitHub...
[main cfe9d2f] Update model outputs - 2026-01-08 05:00:18
 Committer: Ricardo Hill <rico@Ricos-M1-Mac-2.local>
Your name and email address were configured automatically based
on your username and hostname. Please check that they are accurate.
You can suppress this message by setting them explicitly. Run the
following command and follow the instructions in your editor to edit
your configuration file:

    git config --global --edit

After doing this, you may fix the identity used for this commit with:

    git commit --amend --reset-author

 2 files changed, 103 insertions(+), 9 deletions(-)
To https://github.com/BangLetsGetIt/NBA-NCAA-Betting-Models.git
   698db2a..cfe9d2f  main -> main
✅ Successfully pushed to GitHub!
==========================================
NBA 3PT Props Model Run: Fri Jan  9 05:14:19 EST 2026
==========================================
Running NBA 3PT Props model...

[1m[96m================================================================================[0m
[1m[96mNBA 3PT PROPS A.I. MODEL[0m
[1m[96m================================================================================[0m

[96m==========================================================================================[0m
[96m🎯 GRADING PENDING PICKS[0m
[96m==========================================================================================[0m

[93m📋 Found 13 pending picks...[0m

  Fetching team stats to verify completed games for 2025-12-16...
[96m  Fetching batch stats for 12/16/2025...[0m
  Fetching team stats to verify completed games for 2026-01-08...
[96m  Fetching batch stats for 01/08/2026...[0m
  Fetching team stats to verify completed games for 2026-01-09...

[93mNo picks ready for grading yet[0m

[96mFetching REAL NBA player 3-pointers statistics...[0m
[92m✓ Using cached player 3-pointers stats (less than 6 hours old)[0m

[96mFetching opponent 3-pointers factors...[0m
[92m✓ Using cached 3-pointers factors[0m

[96mFetching player 3-pointers prop odds...[0m
[96m  Found 10 upcoming games[0m
[96m  Filtered to 10 upcoming games[0m
[96m  Game 1/10: Toronto Raptors @ Boston Celtics[0m
[96m  Game 2/10: New Orleans Pelicans @ Washington Wizards[0m
[96m  Game 3/10: Philadelphia 76ers @ Orlando Magic[0m
[96m  Game 4/10: Los Angeles Clippers @ Brooklyn Nets[0m
[96m  Game 5/10: Oklahoma City Thunder @ Memphis Grizzlies[0m
[96m  Game 6/10: Atlanta Hawks @ Denver Nuggets[0m
[96m  Game 7/10: New York Knicks @ Phoenix Suns[0m
[96m  Game 8/10: Sacramento Kings @ Golden State Warriors[0m
[96m  Game 9/10: Houston Rockets @ Portland Trail Blazers[0m
[96m  Game 10/10: Milwaukee Bucks @ Los Angeles Lakers[0m
[92m✓ Fetched 101 player 3-pointers props (grouped)[0m

[96mAnalyzing 101 player props with REAL stats...[0m
[92m✓ Found 3 top OVER plays (A.I. Score >= 7.5)[0m
[92m✓ Found 3 top UNDER plays (A.I. Score >= 7.5)[0m
[93m  Skipped 4 props (no player stats found)[0m
[93m  Skipped 188 props (score below 7.5 or failed checks)[0m

[96m==========================================================================================[0m
[96m📊 TRACKING NEW PICKS[0m
[96m==========================================================================================[0m
[93m✓ Updated odds for 4 existing picks[0m

[1m[92m================================================================================[0m
[1m[92mTOP OVER PLAYS[0m
[1m[92m================================================================================[0m
  [96m 1. Miles McBride            [0m | [92mOVER 2.5 3PT   [0m | New York Knicks           vs Phoenix Suns              | [1mA.I.: 9.30[0m | Rating: 4.9 ⭐⭐
  [96m 2. Jalen Brunson            [0m | [92mOVER 2.5 3PT   [0m | New York Knicks           vs Phoenix Suns              | [1mA.I.: 9.00[0m | Rating: 3.1 ⭐
  [96m 3. VJ Edgecombe             [0m | [92mOVER 1.5 3PT   [0m | Philadelphia 76ers        vs Orlando Magic             | [1mA.I.: 7.83[0m | Rating: 2.4 

[1m[91m================================================================================[0m
[1m[91mTOP UNDER PLAYS[0m
[1m[91m================================================================================[0m
  [96m 1. Joel Embiid              [0m | [91mUNDER 1.5 3PT  [0m | Philadelphia 76ers        vs Orlando Magic             | [1mA.I.: 7.62[0m | Rating: 4.1 ⭐⭐
  [96m 2. Isaiah Joe               [0m | [91mUNDER 3.5 3PT  [0m | Oklahoma City Thunder     vs Memphis Grizzlies         | [1mA.I.: 9.50[0m | Rating: 3.7 ⭐
  [96m 3. Brandon Ingram           [0m | [91mUNDER 2.5 3PT  [0m | Toronto Raptors           vs Boston Celtics            | [1mA.I.: 8.24[0m | Rating: 3.5 ⭐

[96mGenerating HTML report...[0m

[92m✓ HTML report saved: /Users/rico/sports-models/nba/nba_3pt_props.html[0m

[1m[92m================================================================================[0m
[1m[92m✓ Model execution complete![0m
[1m[92m================================================================================[0m


==========================================
✅ Model completed successfully!
==========================================

📤 Pushing updates to GitHub...
[main e4b2fe2] Update model outputs - 2026-01-09 05:14:25
 Committer: Ricardo Hill <rico@Ricos-M1-Mac-2.local>
Your name and email address were configured automatically based
on your username and hostname. Please check that they are accurate.
You can suppress this message by setting them explicitly. Run the
following command and follow the instructions in your editor to edit
your configuration file:

    git config --global --edit

After doing this, you may fix the identity used for this commit with:

    git commit --amend --reset-author

 2 files changed, 36 insertions(+), 33 deletions(-)
To https://github.com/BangLetsGetIt/NBA-NCAA-Betting-Models.git
   4d626e9..e4b2fe2  main -> main
✅ Successfully pushed to GitHub!
==========================================
NBA 3PT Props Model Run: Sat Jan 10 05:04:04 EST 2026
==========================================
Running NBA 3PT Props model...

[1m[96m================================================================================[0m
[1m[96mNBA 3PT PROPS A.I. MODEL[0m
[1m[96m================================================================================[0m

[96m==========================================================================================[0m
[96m🎯 GRADING PENDING PICKS[0m
[96m==========================================================================================[0m

[93m📋 Found 6 pending picks...[0m

  Fetching team stats to verify completed games for 2025-12-16...
  Error fetching completed teams: HTTPSConnectionPool(host='stats.nba.com', port=443): Read timed out. (read timeout=30)
[96m  Fetching batch stats for 12/16/2025...[0m
  Fetching team stats to verify completed games for 2026-01-08...
  Error fetching completed teams: HTTPSConnectionPool(host='stats.nba.com', port=443): Read timed out. (read timeout=30)
[96m  Fetching batch stats for 01/08/2026...[0m
[93m  Error fetching batch stats for 2026-01-08: HTTPSConnectionPool(host='stats.nba.com', port=443): Read timed out. (read timeout=30)[0m
  Fetching team stats to verify completed games for 2026-01-10...

[93mNo picks ready for grading yet[0m

[96mFetching REAL NBA player 3-pointers statistics...[0m
[92m✓ Using cached player 3-pointers stats (less than 6 hours old)[0m

[96mFetching opponent 3-pointers factors...[0m
[92m✓ Using cached 3-pointers factors[0m

[96mFetching player 3-pointers prop odds...[0m
[96m  Found 6 upcoming games[0m
[96m  Filtered to 6 upcoming games[0m
[96m  Game 1/6: Minnesota Timberwolves @ Cleveland Cavaliers[0m
[96m  Game 2/6: Miami Heat @ Indiana Pacers[0m
[96m  Game 3/6: Los Angeles Clippers @ Detroit Pistons[0m
[96m  Game 4/6: San Antonio Spurs @ Boston Celtics[0m
[96m  Game 5/6: Dallas Mavericks @ Chicago Bulls[0m
[96m  Game 6/6: Charlotte Hornets @ Utah Jazz[0m
[92m✓ Fetched 51 player 3-pointers props (grouped)[0m

[96mAnalyzing 51 player props with REAL stats...[0m
[92m✓ Found 2 top OVER plays (A.I. Score >= 7.5)[0m
[92m✓ Found 1 top UNDER plays (A.I. Score >= 7.5)[0m
[93m  Skipped 1 props (no player stats found)[0m
[93m  Skipped 97 props (score below 7.5 or failed checks)[0m

[96m==========================================================================================[0m
[96m📊 TRACKING NEW PICKS[0m
[96m==========================================================================================[0m
[93m✓ Updated odds for 1 existing picks[0m

[1m[92m================================================================================[0m
[1m[92mTOP OVER PLAYS[0m
[1m[92m================================================================================[0m
  [96m 1. Sam Merrill              [0m | [92mOVER 2.5 3PT   [0m | Cleveland Cavaliers       vs Minnesota Timberwolves    | [1mA.I.: 10.00[0m | Rating: 4.9 ⭐⭐
  [96m 2. LaMelo Ball              [0m | [92mOVER 2.5 3PT   [0m | Charlotte Hornets         vs Utah Jazz                 | [1mA.I.: 10.00[0m | Rating: 3.5 ⭐

[1m[91m================================================================================[0m
[1m[91mTOP UNDER PLAYS[0m
[1m[91m================================================================================[0m
  [96m 1. Brice Sensabaugh         [0m | [91mUNDER 2.5 3PT  [0m | Utah Jazz                 vs Charlotte Hornets         | [1mA.I.: 10.00[0m | Rating: 3.9 ⭐

[96mGenerating HTML report...[0m

[92m✓ HTML report saved: /Users/rico/sports-models/nba/nba_3pt_props.html[0m

[1m[92m================================================================================[0m
[1m[92m✓ Model execution complete![0m
[1m[92m================================================================================[0m


==========================================
✅ Model completed successfully!
==========================================

📤 Pushing updates to GitHub...
[main 8db0205] Update model outputs - 2026-01-10 06:50:37
 Committer: Ricardo Hill <rico@Ricos-M1-Mac-2.local>
Your name and email address were configured automatically based
on your username and hostname. Please check that they are accurate.
You can suppress this message by setting them explicitly. Run the
following command and follow the instructions in your editor to edit
your configuration file:

    git config --global --edit

After doing this, you may fix the identity used for this commit with:

    git commit --amend --reset-author

 2 files changed, 4 insertions(+), 4 deletions(-)
To https://github.com/BangLetsGetIt/NBA-NCAA-Betting-Models.git
   0d830c7..8db0205  main -> main
✅ Successfully pushed to GitHub!
==========================================
NBA 3PT Props Model Run: Sun Jan 11 05:16:14 EST 2026
==========================================
Running NBA 3PT Props model...

[1m[96m================================================================================[0m
[1m[96mNBA 3PT PROPS A.I. MODEL[0m
[1m[96m================================================================================[0m

[96m==========================================================================================[0m
[96m🎯 GRADING PENDING PICKS[0m
[96m==========================================================================================[0m

[93m📋 Found 11 pending picks...[0m

  Fetching team stats to verify completed games for 2025-12-16...
[96m  Fetching batch stats for 12/16/2025...[0m
  Fetching team stats to verify completed games for 2026-01-08...
[96m  Fetching batch stats for 01/08/2026...[0m
  Fetching team stats to verify completed games for 2026-01-11...

[93mNo picks ready for grading yet[0m

[96mFetching REAL NBA player 3-pointers statistics...[0m
[92m✓ Using cached player 3-pointers stats (less than 6 hours old)[0m

[96mFetching opponent 3-pointers factors...[0m
[92m✓ Using cached 3-pointers factors[0m

[96mFetching player 3-pointers prop odds...[0m
[96m  Found 10 upcoming games[0m
[96m  Filtered to 10 upcoming games[0m
[91m✗ Error fetching props: HTTPSConnectionPool(host='api.the-odds-api.com', port=443): Read timed out. (read timeout=15)[0m

[96mAnalyzing 0 player props with REAL stats...[0m
[92m✓ Found 0 top OVER plays (A.I. Score >= 7.5)[0m
[92m✓ Found 0 top UNDER plays (A.I. Score >= 7.5)[0m

[96m==========================================================================================[0m
[96m📊 TRACKING NEW PICKS[0m
[96m==========================================================================================[0m
[96mNo new picks to track[0m

[1m[92m================================================================================[0m
[1m[92mTOP OVER PLAYS[0m
[1m[92m================================================================================[0m

[1m[91m================================================================================[0m
[1m[91mTOP UNDER PLAYS[0m
[1m[91m================================================================================[0m

[96mGenerating HTML report...[0m

[92m✓ HTML report saved: /Users/rico/sports-models/nba/nba_3pt_props.html[0m

[1m[92m================================================================================[0m
[1m[92m✓ Model execution complete![0m
[1m[92m================================================================================[0m


==========================================
✅ Model completed successfully!
==========================================

📤 Pushing updates to GitHub...
[main 8b75672] Update model outputs - 2026-01-11 05:37:42
 Committer: Ricardo Hill <rico@MacBookAir.lan>
Your name and email address were configured automatically based
on your username and hostname. Please check that they are accurate.
You can suppress this message by setting them explicitly. Run the
following command and follow the instructions in your editor to edit
your configuration file:

    git config --global --edit

After doing this, you may fix the identity used for this commit with:

    git commit --amend --reset-author

 1 file changed, 570 deletions(-)
To https://github.com/BangLetsGetIt/NBA-NCAA-Betting-Models.git
   9389e70..8b75672  main -> main
✅ Successfully pushed to GitHub!
==========================================
NBA 3PT Props Model Run: Mon Jan 12 05:08:35 EST 2026
==========================================
Running NBA 3PT Props model...

[1m[96m================================================================================[0m
[1m[96mNBA 3PT PROPS A.I. MODEL[0m
[1m[96m================================================================================[0m

[96m==========================================================================================[0m
[96m🎯 GRADING PENDING PICKS[0m
[96m==========================================================================================[0m

[93m📋 Found 5 pending picks...[0m

  Fetching team stats to verify completed games for 2025-12-16...
[96m  Fetching batch stats for 12/16/2025...[0m
  Fetching team stats to verify completed games for 2026-01-08...
[96m  Fetching batch stats for 01/08/2026...[0m
  Fetching team stats to verify completed games for 2026-01-12...

[93mNo picks ready for grading yet[0m

[96mFetching REAL NBA player 3-pointers statistics...[0m
[92m✓ Using cached player 3-pointers stats (less than 6 hours old)[0m

[96mFetching opponent 3-pointers factors...[0m
[92m✓ Using cached 3-pointers factors[0m

[96mFetching player 3-pointers prop odds...[0m
[96m  Found 6 upcoming games[0m
[96m  Filtered to 6 upcoming games[0m
[96m  Game 1/6: Utah Jazz @ Cleveland Cavaliers[0m
[96m  Game 2/6: Boston Celtics @ Indiana Pacers[0m
[96m  Game 3/6: Philadelphia 76ers @ Toronto Raptors[0m
[96m  Game 4/6: Brooklyn Nets @ Dallas Mavericks[0m
[96m  Game 5/6: Los Angeles Lakers @ Sacramento Kings[0m
[96m  Game 6/6: Charlotte Hornets @ Los Angeles Clippers[0m
[92m✓ Fetched 47 player 3-pointers props (grouped)[0m

[96mAnalyzing 47 player props with REAL stats...[0m
[92m✓ Found 1 top OVER plays (A.I. Score >= 7.5)[0m
[92m✓ Found 1 top UNDER plays (A.I. Score >= 7.5)[0m
[93m  Skipped 2 props (no player stats found)[0m
[93m  Skipped 88 props (score below 7.5 or failed checks)[0m

[96m==========================================================================================[0m
[96m📊 TRACKING NEW PICKS[0m
[96m==========================================================================================[0m
[96mNo new picks to track[0m

[1m[92m================================================================================[0m
[1m[92mTOP OVER PLAYS[0m
[1m[92m================================================================================[0m
  [96m 1. Sam Merrill              [0m | [92mOVER 2.5 3PT   [0m | Cleveland Cavaliers       vs Utah Jazz                 | [1mA.I.: 10.00[0m | Rating: 3.5 ⭐

[1m[91m================================================================================[0m
[1m[91mTOP UNDER PLAYS[0m
[1m[91m================================================================================[0m
  [96m 1. Payton Pritchard         [0m | [91mUNDER 3.5 3PT  [0m | Boston Celtics            vs Indiana Pacers            | [1mA.I.: 10.00[0m | Rating: 4.2 ⭐⭐

[96mGenerating HTML report...[0m

[92m✓ HTML report saved: /Users/rico/sports-models/nba/nba_3pt_props.html[0m

[1m[92m================================================================================[0m
[1m[92m✓ Model execution complete![0m
[1m[92m================================================================================[0m


==========================================
✅ Model completed successfully!
==========================================

📤 Pushing updates to GitHub...
No changes to commit
==========================================
NBA 3PT Props Model Run: Tue Jan 13 05:08:46 EST 2026
==========================================
Running NBA 3PT Props model...

[1m[96m================================================================================[0m
[1m[96mNBA 3PT PROPS A.I. MODEL[0m
[1m[96m================================================================================[0m

[96m==========================================================================================[0m
[96m🎯 GRADING PENDING PICKS[0m
[96m==========================================================================================[0m

[93m📋 Found 6 pending picks...[0m

  Fetching team stats to verify completed games for 2025-12-16...
  Error fetching completed teams: HTTPSConnectionPool(host='stats.nba.com', port=443): Max retries exceeded with url: /stats/leaguedashteamstats?Conference=&DateFrom=2025-12-16&DateTo=2025-12-16&Division=&GameScope=&GameSegment=&LastNGames=0&LeagueID=&Location=&MeasureType=Base&Month=0&OpponentTeamID=0&Outcome=&PORound=&PaceAdjust=N&PerMode=Totals&Period=0&PlayerExperience=&PlayerPosition=&PlusMinus=N&Rank=N&Season=2025-26&SeasonSegment=&SeasonType=Regular+Season&ShotClockRange=&StarterBench=&TeamID=&TwoWay=&VsConference=&VsDivision= (Caused by NameResolutionError("<urllib3.connection.HTTPSConnection object at 0x110594590>: Failed to resolve 'stats.nba.com' ([Errno 8] nodename nor servname provided, or not known)"))
[96m  Fetching batch stats for 12/16/2025...[0m
[93m  Error fetching batch stats for 2025-12-16: HTTPSConnectionPool(host='stats.nba.com', port=443): Max retries exceeded with url: /stats/leaguedashplayerstats?College=&Conference=&Country=&DateFrom=12%2F16%2F2025&DateTo=12%2F16%2F2025&Division=&DraftPick=&DraftYear=&GameScope=&GameSegment=&Height=&LastNGames=0&LeagueID=&Location=&MeasureType=Base&Month=0&OpponentTeamID=0&Outcome=&PORound=&PaceAdjust=N&PerMode=PerGame&Period=0&PlayerExperience=&PlayerPosition=&PlusMinus=N&Rank=N&Season=2025-26&SeasonSegment=&SeasonType=Regular+Season&ShotClockRange=&StarterBench=&TeamID=&TwoWay=&VsConference=&VsDivision=&Weight= (Caused by NameResolutionError("<urllib3.connection.HTTPSConnection object at 0x110303b10>: Failed to resolve 'stats.nba.com' ([Errno 8] nodename nor servname provided, or not known)"))[0m
  Fetching team stats to verify completed games for 2026-01-08...
  Error fetching completed teams: HTTPSConnectionPool(host='stats.nba.com', port=443): Max retries exceeded with url: /stats/leaguedashteamstats?Conference=&DateFrom=2026-01-08&DateTo=2026-01-08&Division=&GameScope=&GameSegment=&LastNGames=0&LeagueID=&Location=&MeasureType=Base&Month=0&OpponentTeamID=0&Outcome=&PORound=&PaceAdjust=N&PerMode=Totals&Period=0&PlayerExperience=&PlayerPosition=&PlusMinus=N&Rank=N&Season=2025-26&SeasonSegment=&SeasonType=Regular+Season&ShotClockRange=&StarterBench=&TeamID=&TwoWay=&VsConference=&VsDivision= (Caused by NameResolutionError("<urllib3.connection.HTTPSConnection object at 0x1105a0410>: Failed to resolve 'stats.nba.com' ([Errno 8] nodename nor servname provided, or not known)"))
[96m  Fetching batch stats for 01/08/2026...[0m
[93m  Error fetching batch stats for 2026-01-08: HTTPSConnectionPool(host='stats.nba.com', port=443): Max retries exceeded with url: /stats/leaguedashplayerstats?College=&Conference=&Country=&DateFrom=01%2F08%2F2026&DateTo=01%2F08%2F2026&Division=&DraftPick=&DraftYear=&GameScope=&GameSegment=&Height=&LastNGames=0&LeagueID=&Location=&MeasureType=Base&Month=0&OpponentTeamID=0&Outcome=&PORound=&PaceAdjust=N&PerMode=PerGame&Period=0&PlayerExperience=&PlayerPosition=&PlusMinus=N&Rank=N&Season=2025-26&SeasonSegment=&SeasonType=Regular+Season&ShotClockRange=&StarterBench=&TeamID=&TwoWay=&VsConference=&VsDivision=&Weight= (Caused by NameResolutionError("<urllib3.connection.HTTPSConnection object at 0x1105a0910>: Failed to resolve 'stats.nba.com' ([Errno 8] nodename nor servname provided, or not known)"))[0m
  Fetching team stats to verify completed games for 2026-01-13...
  Error fetching completed teams: HTTPSConnectionPool(host='stats.nba.com', port=443): Max retries exceeded with url: /stats/leaguedashteamstats?Conference=&DateFrom=2026-01-13&DateTo=2026-01-13&Division=&GameScope=&GameSegment=&LastNGames=0&LeagueID=&Location=&MeasureType=Base&Month=0&OpponentTeamID=0&Outcome=&PORound=&PaceAdjust=N&PerMode=Totals&Period=0&PlayerExperience=&PlayerPosition=&PlusMinus=N&Rank=N&Season=2025-26&SeasonSegment=&SeasonType=Regular+Season&ShotClockRange=&StarterBench=&TeamID=&TwoWay=&VsConference=&VsDivision= (Caused by NameResolutionError("<urllib3.connection.HTTPSConnection object at 0x1105a0e10>: Failed to resolve 'stats.nba.com' ([Errno 8] nodename nor servname provided, or not known)"))

[93mNo picks ready for grading yet[0m

[96mFetching REAL NBA player 3-pointers statistics...[0m
[92m✓ Using cached player 3-pointers stats (less than 6 hours old)[0m

[96mFetching opponent 3-pointers factors...[0m
[92m✓ Using cached 3-pointers factors[0m

[96mFetching player 3-pointers prop odds...[0m
[91m✗ Error fetching props: HTTPSConnectionPool(host='api.the-odds-api.com', port=443): Max retries exceeded with url: /v4/sports/basketball_nba/events?apiKey=cf796adc9ac20a6df2247368d40fe0a0 (Caused by NameResolutionError("<urllib3.connection.HTTPSConnection object at 0x1105a16d0>: Failed to resolve 'api.the-odds-api.com' ([Errno 8] nodename nor servname provided, or not known)"))[0m

[96mAnalyzing 0 player props with REAL stats...[0m
[92m✓ Found 0 top OVER plays (A.I. Score >= 7.5)[0m
[92m✓ Found 0 top UNDER plays (A.I. Score >= 7.5)[0m

[96m==========================================================================================[0m
[96m📊 TRACKING NEW PICKS[0m
[96m==========================================================================================[0m
[96mNo new picks to track[0m

[1m[92m================================================================================[0m
[1m[92mTOP OVER PLAYS[0m
[1m[92m================================================================================[0m

[1m[91m================================================================================[0m
[1m[91mTOP UNDER PLAYS[0m
[1m[91m================================================================================[0m

[96mGenerating HTML report...[0m

[92m✓ HTML report saved: /Users/rico/sports-models/nba/nba_3pt_props.html[0m

[1m[92m================================================================================[0m
[1m[92m✓ Model execution complete![0m
[1m[92m================================================================================[0m


==========================================
✅ Model completed successfully!
==========================================

📤 Pushing updates to GitHub...
[main c003b66] Update model outputs - 2026-01-13 05:08:49
 Committer: Ricardo Hill <rico@Ricos-M1-Mac-2.local>
Your name and email address were configured automatically based
on your username and hostname. Please check that they are accurate.
You can suppress this message by setting them explicitly. Run the
following command and follow the instructions in your editor to edit
your configuration file:

    git config --global --edit

After doing this, you may fix the identity used for this commit with:

    git commit --amend --reset-author

 1 file changed, 213 deletions(-)
fatal: unable to access 'https://github.com/BangLetsGetIt/NBA-NCAA-Betting-Models.git/': Could not resolve host: github.com
⚠️  Push failed - you may need to set up the GitHub remote first
==========================================
NBA 3PT Props Model Run: Wed Jan 14 05:00:04 EST 2026
==========================================
Running NBA 3PT Props model...

[1m[96m================================================================================[0m
[1m[96mNBA 3PT PROPS A.I. MODEL[0m
[1m[96m================================================================================[0m

[96m==========================================================================================[0m
[96m🎯 GRADING PENDING PICKS[0m
[96m==========================================================================================[0m

[93m📋 Found 8 pending picks...[0m

  Fetching team stats to verify completed games for 2025-12-16...
[96m  Fetching batch stats for 12/16/2025...[0m
  Fetching team stats to verify completed games for 2026-01-08...
[96m  Fetching batch stats for 01/08/2026...[0m
  Fetching team stats to verify completed games for 2026-01-14...

[93mNo picks ready for grading yet[0m

[96mFetching REAL NBA player 3-pointers statistics...[0m
[96m  Fetching season 3-pointers stats...[0m
[96m  Fetching recent form (last 10 games)...[0m
[92m✓ Fetched REAL 3-pointers stats for 509 players[0m

[96mFetching opponent 3-pointers factors...[0m
[92m✓ Fetched 3-pointers factors for 30 teams[0m

[96mFetching player 3-pointers prop odds...[0m
[96m  Found 7 upcoming games[0m
[96m  Filtered to 7 upcoming games[0m
[96m  Game 1/7: Cleveland Cavaliers @ Philadelphia 76ers[0m
[96m  Game 2/7: Toronto Raptors @ Indiana Pacers[0m
[96m  Game 3/7: Brooklyn Nets @ New Orleans Pelicans[0m
[96m  Game 4/7: Utah Jazz @ Chicago Bulls[0m
[96m  Game 5/7: Denver Nuggets @ Dallas Mavericks[0m
[96m  Game 6/7: New York Knicks @ Sacramento Kings[0m
[96m  Game 7/7: Washington Wizards @ Los Angeles Clippers[0m
[92m✓ Fetched 54 player 3-pointers props (grouped)[0m

[96mAnalyzing 54 player props with REAL stats...[0m
[92m✓ Found 4 top OVER plays (A.I. Score >= 7.5)[0m
[92m✓ Found 0 top UNDER plays (A.I. Score >= 7.5)[0m
[93m  Skipped 2 props (no player stats found)[0m
[93m  Skipped 100 props (score below 7.5 or failed checks)[0m

[96m==========================================================================================[0m
[96m📊 TRACKING NEW PICKS[0m
[96m==========================================================================================[0m
[93m✓ Updated odds for 2 existing picks[0m

[1m[92m================================================================================[0m
[1m[92mTOP OVER PLAYS[0m
[1m[92m================================================================================[0m
  [96m 1. Miles McBride            [0m | [92mOVER 2.5 3PT   [0m | New York Knicks           vs Sacramento Kings          | [1mA.I.: 9.30[0m | Rating: 4.9 ⭐⭐
  [96m 2. Jamal Murray             [0m | [92mOVER 2.5 3PT   [0m | Denver Nuggets            vs Dallas Mavericks          | [1mA.I.: 10.00[0m | Rating: 3.2 ⭐
  [96m 3. Trey Murphy III          [0m | [92mOVER 2.5 3PT   [0m | New Orleans Pelicans      vs Brooklyn Nets             | [1mA.I.: 8.52[0m | Rating: 2.7 
  [96m 4. Carlton Carrington       [0m | [92mOVER 1.5 3PT   [0m | Washington Wizards        vs Los Angeles Clippers      | [1mA.I.: 8.60[0m | Rating: 2.5 

[1m[91m================================================================================[0m
[1m[91mTOP UNDER PLAYS[0m
[1m[91m================================================================================[0m

[96mGenerating HTML report...[0m

[92m✓ HTML report saved: /Users/rico/sports-models/nba/nba_3pt_props.html[0m

[1m[92m================================================================================[0m
[1m[92m✓ Model execution complete![0m
[1m[92m================================================================================[0m


==========================================
✅ Model completed successfully!
==========================================

📤 Pushing updates to GitHub...
[main b5cc2dd] Update model outputs - 2026-01-14 05:01:05
 Committer: Ricardo Hill <rico@Ricos-M1-Mac-2.local>
Your name and email address were configured automatically based
on your username and hostname. Please check that they are accurate.
You can suppress this message by setting them explicitly. Run the
following command and follow the instructions in your editor to edit
your configuration file:

    git config --global --edit

After doing this, you may fix the identity used for this commit with:

    git commit --amend --reset-author

 2 files changed, 39 insertions(+), 36 deletions(-)
To https://github.com/BangLetsGetIt/NBA-NCAA-Betting-Models.git
   83e34eb..b5cc2dd  main -> main
✅ Successfully pushed to GitHub!
==========================================
NBA 3PT Props Model Run: Thu Jan 15 05:00:05 EST 2026
==========================================
Running NBA 3PT Props model...

[1m[96m================================================================================[0m
[1m[96mNBA 3PT PROPS A.I. MODEL[0m
[1m[96m================================================================================[0m

[96m==========================================================================================[0m
[96m🎯 GRADING PENDING PICKS[0m
[96m==========================================================================================[0m

[93m📋 Found 12 pending picks...[0m

  Fetching team stats to verify completed games for 2025-12-16...
[96m  Fetching batch stats for 12/16/2025...[0m
  Fetching team stats to verify completed games for 2026-01-08...
[96m  Fetching batch stats for 01/08/2026...[0m
  Fetching team stats to verify completed games for 2026-01-14...
[96m  Fetching batch stats for 01/14/2026...[0m
  Fetching team stats to verify completed games for 2026-01-15...

[93mNo picks ready for grading yet[0m

[96mFetching REAL NBA player 3-pointers statistics...[0m
[92m✓ Using cached player 3-pointers stats (less than 6 hours old)[0m

[96mFetching opponent 3-pointers factors...[0m
[92m✓ Using cached 3-pointers factors[0m

[96mFetching player 3-pointers prop odds...[0m
[96m  Found 9 upcoming games[0m
[96m  Filtered to 9 upcoming games[0m
[96m  Game 1/9: Memphis Grizzlies @ Orlando Magic[0m
[96m  Game 2/9: Phoenix Suns @ Detroit Pistons[0m
[96m  Game 3/9: Boston Celtics @ Miami Heat[0m
[96m  Game 4/9: Oklahoma City Thunder @ Houston Rockets[0m
[96m  Game 5/9: Milwaukee Bucks @ San Antonio Spurs[0m
[96m  Game 6/9: Utah Jazz @ Dallas Mavericks[0m
[96m  Game 7/9: Atlanta Hawks @ Portland Trail Blazers[0m
[96m  Game 8/9: New York Knicks @ Golden State Warriors[0m
[96m  Game 9/9: Charlotte Hornets @ Los Angeles Lakers[0m
[92m✓ Fetched 80 player 3-pointers props (grouped)[0m

[96mAnalyzing 80 player props with REAL stats...[0m
[92m✓ Found 7 top OVER plays (A.I. Score >= 7.5)[0m
[92m✓ Found 1 top UNDER plays (A.I. Score >= 7.5)[0m
[93m  Skipped 2 props (no player stats found)[0m
[93m  Skipped 148 props (score below 7.5 or failed checks)[0m

[96m==========================================================================================[0m
[96m📊 TRACKING NEW PICKS[0m
[96m==========================================================================================[0m
[93m✓ Updated odds for 1 existing picks[0m

[1m[92m================================================================================[0m
[1m[92mTOP OVER PLAYS[0m
[1m[92m================================================================================[0m
  [96m 1. Miles McBride            [0m | [92mOVER 2.5 3PT   [0m | New York Knicks           vs Golden State Warriors     | [1mA.I.: 8.80[0m | Rating: 4.1 ⭐⭐
  [96m 2. C.J. McCollum            [0m | [92mOVER 1.5 3PT   [0m | Portland Trail Blazers    vs Atlanta Hawks             | [1mA.I.: 10.00[0m | Rating: 3.6 ⭐
  [96m 3. Jrue Holiday             [0m | [92mOVER 1.5 3PT   [0m | Portland Trail Blazers    vs Atlanta Hawks             | [1mA.I.: 10.00[0m | Rating: 3.2 ⭐
  [96m 4. Jalen Brunson            [0m | [92mOVER 2.5 3PT   [0m | New York Knicks           vs Golden State Warriors     | [1mA.I.: 8.52[0m | Rating: 3.2 ⭐
  [96m 5. A.J. Green               [0m | [92mOVER 2.5 3PT   [0m | San Antonio Spurs         vs Milwaukee Bucks           | [1mA.I.: 8.30[0m | Rating: 3.1 ⭐
  [96m 6. Nickeil Alexander-Walker [0m | [92mOVER 2.5 3PT   [0m | Atlanta Hawks             vs Portland Trail Blazers    | [1mA.I.: 8.75[0m | Rating: 2.4 
  [96m 7. Ryan Rollins             [0m | [92mOVER 1.5 3PT   [0m | Milwaukee Bucks           vs San Antonio Spurs         | [1mA.I.: 8.39[0m | Rating: 2.4 

[1m[91m================================================================================[0m
[1m[91mTOP UNDER PLAYS[0m
[1m[91m================================================================================[0m
  [96m 1. Brice Sensabaugh         [0m | [91mUNDER 2.5 3PT  [0m | Utah Jazz                 vs Dallas Mavericks          | [1mA.I.: 8.10[0m | Rating: 3.3 ⭐

[96mGenerating HTML report...[0m

[92m✓ HTML report saved: /Users/rico/sports-models/nba/nba_3pt_props.html[0m

[1m[92m================================================================================[0m
[1m[92m✓ Model execution complete![0m
[1m[92m================================================================================[0m


==========================================
✅ Model completed successfully!
==========================================

📤 Pushing updates to GitHub...
[main ed00bb9] Update model outputs - 2026-01-15 05:00:12
 Committer: Ricardo Hill <rico@Ricos-M1-Mac-2.local>
Your name and email address were configured automatically based
on your username and hostname. Please check that they are accurate.
You can suppress this message by setting them explicitly. Run the
following command and follow the instructions in your editor to edit
your configuration file:

    git config --global --edit

After doing this, you may fix the identity used for this commit with:

    git commit --amend --reset-author

 2 files changed, 6 insertions(+), 5 deletions(-)
To https://github.com/BangLetsGetIt/NBA-NCAA-Betting-Models.git
   6421fb3..ed00bb9  main -> main
✅ Successfully pushed to GitHub!
==========================================
NBA 3PT Props Model Run: Fri Jan 16 05:00:04 EST 2026
==========================================
Running NBA 3PT Props model...

[1m[96m================================================================================[0m
[1m[96mNBA 3PT PROPS A.I. MODEL[0m
[1m[96m================================================================================[0m

[96m==========================================================================================[0m
[96m🎯 GRADING PENDING PICKS[0m
[96m==========================================================================================[0m

[93m📋 Found 6 pending picks...[0m

  Fetching team stats to verify completed games for 2025-12-16...
[96m  Fetching batch stats for 12/16/2025...[0m
  Fetching team stats to verify completed games for 2026-01-08...
[96m  Fetching batch stats for 01/08/2026...[0m
  Fetching team stats to verify completed games for 2026-01-14...
[96m  Fetching batch stats for 01/14/2026...[0m
  Fetching team stats to verify completed games for 2026-01-16...

[93mNo picks ready for grading yet[0m

[96mFetching REAL NBA player 3-pointers statistics...[0m
[92m✓ Using cached player 3-pointers stats (less than 6 hours old)[0m

[96mFetching opponent 3-pointers factors...[0m
[92m✓ Using cached 3-pointers factors[0m

[96mFetching player 3-pointers prop odds...[0m
[96m  Found 7 upcoming games[0m
[96m  Filtered to 7 upcoming games[0m
[96m  Game 1/7: Cleveland Cavaliers @ Philadelphia 76ers[0m
[96m  Game 2/7: New Orleans Pelicans @ Indiana Pacers[0m
[96m  Game 3/7: Chicago Bulls @ Brooklyn Nets[0m
[96m  Game 4/7: Los Angeles Clippers @ Toronto Raptors[0m
[96m  Game 5/7: Minnesota Timberwolves @ Houston Rockets[0m
[96m  Game 6/7: Washington Wizards @ Sacramento Kings[0m
[96m  Game 7/7: Orlando Magic @ Memphis Grizzlies[0m
[92m✓ Fetched 46 player 3-pointers props (grouped)[0m

[96mAnalyzing 46 player props with REAL stats...[0m
[92m✓ Found 2 top OVER plays (A.I. Score >= 7.5)[0m
[92m✓ Found 0 top UNDER plays (A.I. Score >= 7.5)[0m
[93m  Skipped 2 props (no player stats found)[0m
[93m  Skipped 86 props (score below 7.5 or failed checks)[0m

[96m==========================================================================================[0m
[96m📊 TRACKING NEW PICKS[0m
[96m==========================================================================================[0m
[93m✓ Updated odds for 2 existing picks[0m

[1m[92m================================================================================[0m
[1m[92mTOP OVER PLAYS[0m
[1m[92m================================================================================[0m
  [96m 1. Jordan Poole             [0m | [92mOVER 1.5 3PT   [0m | New Orleans Pelicans      vs Indiana Pacers            | [1mA.I.: 10.00[0m | Rating: 4.1 ⭐⭐
  [96m 2. Trey Murphy III          [0m | [92mOVER 2.5 3PT   [0m | New Orleans Pelicans      vs Indiana Pacers            | [1mA.I.: 8.51[0m | Rating: 3.0 ⭐

[1m[91m================================================================================[0m
[1m[91mTOP UNDER PLAYS[0m
[1m[91m================================================================================[0m

[96mGenerating HTML report...[0m

[92m✓ HTML report saved: /Users/rico/sports-models/nba/nba_3pt_props.html[0m

[1m[92m================================================================================[0m
[1m[92m✓ Model execution complete![0m
[1m[92m================================================================================[0m


==========================================
✅ Model completed successfully!
==========================================

📤 Pushing updates to GitHub...
[main 859c639] Update model outputs - 2026-01-16 05:00:22
 Committer: Ricardo Hill <rico@Ricos-M1-Mac-2.local>
Your name and email address were configured automatically based
on your username and hostname. Please check that they are accurate.
You can suppress this message by setting them explicitly. Run the
following command and follow the instructions in your editor to edit
your configuration file:

    git config --global --edit

After doing this, you may fix the identity used for this commit with:

    git commit --amend --reset-author

 2 files changed, 78 insertions(+), 6 deletions(-)
To https://github.com/BangLetsGetIt/NBA-NCAA-Betting-Models.git
   e3b1d80..859c639  main -> main
✅ Successfully pushed to GitHub!
==========================================
NBA 3PT Props Model Run: Sun Jan 18 05:00:05 EST 2026
==========================================
Running NBA 3PT Props model...

[1m[96m================================================================================[0m
[1m[96mNBA 3PT PROPS A.I. MODEL[0m
[1m[96m================================================================================[0m

[96m==========================================================================================[0m
[96m🎯 GRADING PENDING PICKS[0m
[96m==========================================================================================[0m

[93m📋 Found 10 pending picks...[0m

  Fetching team stats to verify completed games for 2025-12-16...
[96m  Fetching batch stats for 12/16/2025...[0m
  Fetching team stats to verify completed games for 2026-01-08...
[96m  Fetching batch stats for 01/08/2026...[0m
  Fetching team stats to verify completed games for 2026-01-14...
[96m  Fetching batch stats for 01/14/2026...[0m
  Fetching team stats to verify completed games for 2026-01-18...

[93mNo picks ready for grading yet[0m

[96mFetching REAL NBA player 3-pointers statistics...[0m
[92m✓ Using cached player 3-pointers stats (less than 6 hours old)[0m

[96mFetching opponent 3-pointers factors...[0m
[92m✓ Using cached 3-pointers factors[0m

[96mFetching player 3-pointers prop odds...[0m
[96m  Found 6 upcoming games[0m
[96m  Filtered to 6 upcoming games[0m
[96m  Game 1/6: Orlando Magic @ Memphis Grizzlies[0m
[96m  Game 2/6: Brooklyn Nets @ Chicago Bulls[0m
[96m  Game 3/6: New Orleans Pelicans @ Houston Rockets[0m
[96m  Game 4/6: Charlotte Hornets @ Denver Nuggets[0m
[96m  Game 5/6: Portland Trail Blazers @ Sacramento Kings[0m
[96m  Game 6/6: Toronto Raptors @ Los Angeles Lakers[0m
[92m✓ Fetched 48 player 3-pointers props (grouped)[0m

[96mAnalyzing 48 player props with REAL stats...[0m
[92m✓ Found 4 top OVER plays (A.I. Score >= 7.5)[0m
[92m✓ Found 2 top UNDER plays (A.I. Score >= 7.5)[0m
[93m  Skipped 3 props (no player stats found)[0m
[93m  Skipped 84 props (score below 7.5 or failed checks)[0m

[96m==========================================================================================[0m
[96m📊 TRACKING NEW PICKS[0m
[96m==========================================================================================[0m
[93m✓ Updated odds for 2 existing picks[0m

[1m[92m================================================================================[0m
[1m[92mTOP OVER PLAYS[0m
[1m[92m================================================================================[0m
  [96m 1. Jordan Poole             [0m | [92mOVER 1.5 3PT   [0m | New Orleans Pelicans      vs Houston Rockets           | [1mA.I.: 10.00[0m | Rating: 3.5 ⭐
  [96m 2. Tari Eason               [0m | [92mOVER 1.5 3PT   [0m | Houston Rockets           vs New Orleans Pelicans      | [1mA.I.: 8.23[0m | Rating: 2.9 
  [96m 3. Miles Bridges            [0m | [92mOVER 1.5 3PT   [0m | Charlotte Hornets         vs Denver Nuggets            | [1mA.I.: 9.07[0m | Rating: 2.8 
  [96m 4. Kon Knueppel             [0m | [92mOVER 2.5 3PT   [0m | Charlotte Hornets         vs Denver Nuggets            | [1mA.I.: 8.30[0m | Rating: 2.5 

[1m[91m================================================================================[0m
[1m[91mTOP UNDER PLAYS[0m
[1m[91m================================================================================[0m
  [96m 1. Ja Morant                [0m | [91mUNDER 1.5 3PT  [0m | Memphis Grizzlies         vs Orlando Magic             | [1mA.I.: 7.63[0m | Rating: 4.0 ⭐⭐
  [96m 2. Brandon Ingram           [0m | [91mUNDER 2.5 3PT  [0m | Toronto Raptors           vs Los Angeles Lakers        | [1mA.I.: 8.24[0m | Rating: 3.8 ⭐

[96mGenerating HTML report...[0m

[92m✓ HTML report saved: /Users/rico/sports-models/nba/nba_3pt_props.html[0m

[1m[92m================================================================================[0m
[1m[92m✓ Model execution complete![0m
[1m[92m================================================================================[0m


==========================================
✅ Model completed successfully!
==========================================

📤 Pushing updates to GitHub...
[main d8a5658] Update model outputs - 2026-01-18 05:00:10
 Committer: Ricardo Hill <rico@Ricos-M1-Mac-2.local>
Your name and email address were configured automatically based
on your username and hostname. Please check that they are accurate.
You can suppress this message by setting them explicitly. Run the
following command and follow the instructions in your editor to edit
your configuration file:

    git config --global --edit

After doing this, you may fix the identity used for this commit with:

    git commit --amend --reset-author

 3 files changed, 366 insertions(+), 365 deletions(-)
To https://github.com/BangLetsGetIt/NBA-NCAA-Betting-Models.git
   84e58c4..d8a5658  main -> main
✅ Successfully pushed to GitHub!
==========================================
NBA 3PT Props Model Run: Mon Jan 19 05:00:05 EST 2026
==========================================
Running NBA 3PT Props model...

[1m[96m================================================================================[0m
[1m[96mNBA 3PT PROPS A.I. MODEL[0m
[1m[96m================================================================================[0m

[96m==========================================================================================[0m
[96m🎯 GRADING PENDING PICKS[0m
[96m==========================================================================================[0m

[93m📋 Found 13 pending picks...[0m

  Fetching team stats to verify completed games for 2025-12-16...
[96m  Fetching batch stats for 12/16/2025...[0m
  Fetching team stats to verify completed games for 2026-01-08...
[96m  Fetching batch stats for 01/08/2026...[0m
  Fetching team stats to verify completed games for 2026-01-14...
[96m  Fetching batch stats for 01/14/2026...[0m
  Fetching team stats to verify completed games for 2026-01-19...

[93mNo picks ready for grading yet[0m

[96mFetching REAL NBA player 3-pointers statistics...[0m
[92m✓ Using cached player 3-pointers stats (less than 6 hours old)[0m

[96mFetching opponent 3-pointers factors...[0m
[92m✓ Using cached 3-pointers factors[0m

[96mFetching player 3-pointers prop odds...[0m
[96m  Found 9 upcoming games[0m
[96m  Filtered to 9 upcoming games[0m
[96m  Game 1/9: Milwaukee Bucks @ Atlanta Hawks[0m
[96m  Game 2/9: Oklahoma City Thunder @ Cleveland Cavaliers[0m
[96m  Game 3/9: Los Angeles Clippers @ Washington Wizards[0m
[96m  Game 4/9: Dallas Mavericks @ New York Knicks[0m
[96m  Game 5/9: Utah Jazz @ San Antonio Spurs[0m
[96m  Game 6/9: Indiana Pacers @ Philadelphia 76ers[0m
[96m  Game 7/9: Phoenix Suns @ Brooklyn Nets[0m
[96m  Game 8/9: Boston Celtics @ Detroit Pistons[0m
[96m  Game 9/9: Miami Heat @ Golden State Warriors[0m
[92m✓ Fetched 84 player 3-pointers props (grouped)[0m

[96mAnalyzing 84 player props with REAL stats...[0m
[92m✓ Found 2 top OVER plays (A.I. Score >= 7.5)[0m
[92m✓ Found 5 top UNDER plays (A.I. Score >= 7.5)[0m
[93m  Skipped 2 props (no player stats found)[0m
[93m  Skipped 157 props (score below 7.5 or failed checks)[0m

[96m==========================================================================================[0m
[96m📊 TRACKING NEW PICKS[0m
[96m==========================================================================================[0m
[93m✓ Updated odds for 3 existing picks[0m

[1m[92m================================================================================[0m
[1m[92mTOP OVER PLAYS[0m
[1m[92m================================================================================[0m
  [96m 1. Grayson Allen            [0m | [92mOVER 2.5 3PT   [0m | Phoenix Suns              vs Brooklyn Nets             | [1mA.I.: 8.80[0m | Rating: 3.4 ⭐
  [96m 2. Nickeil Alexander-Walker [0m | [92mOVER 2.5 3PT   [0m | Atlanta Hawks             vs Milwaukee Bucks           | [1mA.I.: 8.05[0m | Rating: 2.6 

[1m[91m================================================================================[0m
[1m[91mTOP UNDER PLAYS[0m
[1m[91m================================================================================[0m
  [96m 1. Joel Embiid              [0m | [91mUNDER 1.5 3PT  [0m | Philadelphia 76ers        vs Indiana Pacers            | [1mA.I.: 7.62[0m | Rating: 3.0 ⭐
  [96m 2. Drake Powell             [0m | [91mUNDER 1.5 3PT  [0m | Brooklyn Nets             vs Phoenix Suns              | [1mA.I.: 9.61[0m | Rating: 2.9 
  [96m 3. Pelle Larsson            [0m | [91mUNDER 1.5 3PT  [0m | Miami Heat                vs Golden State Warriors     | [1mA.I.: 7.78[0m | Rating: 2.9 
  [96m 4. Brice Sensabaugh         [0m | [91mUNDER 2.5 3PT  [0m | Utah Jazz                 vs San Antonio Spurs         | [1mA.I.: 7.61[0m | Rating: 2.9 
  [96m 5. Brandon Williams         [0m | [91mUNDER 1.5 3PT  [0m | Dallas Mavericks          vs New York Knicks           | [1mA.I.: 10.00[0m | Rating: 2.4 

[96mGenerating HTML report...[0m

[92m✓ HTML report saved: /Users/rico/sports-models/nba/nba_3pt_props.html[0m

[1m[92m================================================================================[0m
[1m[92m✓ Model execution complete![0m
[1m[92m================================================================================[0m


==========================================
✅ Model completed successfully!
==========================================

📤 Pushing updates to GitHub...
[main 5893d0f] Update model outputs - 2026-01-19 05:00:13
 Committer: Ricardo Hill <rico@Ricos-M1-Mac-2.local>
Your name and email address were configured automatically based
on your username and hostname. Please check that they are accurate.
You can suppress this message by setting them explicitly. Run the
following command and follow the instructions in your editor to edit
your configuration file:

    git config --global --edit

After doing this, you may fix the identity used for this commit with:

    git commit --amend --reset-author

 2 files changed, 49 insertions(+), 189 deletions(-)
To https://github.com/BangLetsGetIt/NBA-NCAA-Betting-Models.git
   019b1e4..5893d0f  main -> main
✅ Successfully pushed to GitHub!
==========================================
NBA 3PT Props Model Run: Tue Jan 20 05:00:00 EST 2026
==========================================
Running NBA 3PT Props model...

[1m[96m================================================================================[0m
[1m[96mNBA 3PT PROPS A.I. MODEL[0m
[1m[96m================================================================================[0m

[96m==========================================================================================[0m
[96m🎯 GRADING PENDING PICKS[0m
[96m==========================================================================================[0m

[93m📋 Found 9 pending picks...[0m

  Fetching team stats to verify completed games for 2025-12-16...
[96m  Fetching batch stats for 12/16/2025...[0m
  Fetching team stats to verify completed games for 2026-01-08...
[96m  Fetching batch stats for 01/08/2026...[0m
  Fetching team stats to verify completed games for 2026-01-14...
[96m  Fetching batch stats for 01/14/2026...[0m
  Fetching team stats to verify completed games for 2026-01-20...

[93mNo picks ready for grading yet[0m

[96mFetching REAL NBA player 3-pointers statistics...[0m
[92m✓ Using cached player 3-pointers stats (less than 6 hours old)[0m

[96mFetching opponent 3-pointers factors...[0m
[92m✓ Using cached 3-pointers factors[0m

[96mFetching player 3-pointers prop odds...[0m
[96m  Found 7 upcoming games[0m
[96m  Filtered to 7 upcoming games[0m
[96m  Game 1/7: Phoenix Suns @ Philadelphia 76ers[0m
[96m  Game 2/7: Los Angeles Clippers @ Chicago Bulls[0m
[96m  Game 3/7: San Antonio Spurs @ Houston Rockets[0m
[96m  Game 4/7: Minnesota Timberwolves @ Utah Jazz[0m
[96m  Game 5/7: Los Angeles Lakers @ Denver Nuggets[0m
[96m  Game 6/7: Toronto Raptors @ Golden State Warriors[0m
[96m  Game 7/7: Miami Heat @ Sacramento Kings[0m
[92m✓ Fetched 65 player 3-pointers props (grouped)[0m

[96mAnalyzing 65 player props with REAL stats...[0m
[92m✓ Found 3 top OVER plays (A.I. Score >= 7.5)[0m
[92m✓ Found 3 top UNDER plays (A.I. Score >= 7.5)[0m
[93m  Skipped 2 props (no player stats found)[0m
[93m  Skipped 120 props (score below 7.5 or failed checks)[0m

[96m==========================================================================================[0m
[96m📊 TRACKING NEW PICKS[0m
[96m==========================================================================================[0m
[92m✓ Tracked 1 new picks[0m
[93m✓ Updated odds for 3 existing picks[0m

[1m[92m================================================================================[0m
[1m[92mTOP OVER PLAYS[0m
[1m[92m================================================================================[0m
  [96m 1. Grayson Allen            [0m | [92mOVER 2.5 3PT   [0m | Phoenix Suns              vs Philadelphia 76ers        | [1mA.I.: 9.30[0m | Rating: 4.3 ⭐⭐
  [96m 2. Norman Powell            [0m | [92mOVER 2.5 3PT   [0m | Miami Heat                vs Sacramento Kings          | [1mA.I.: 9.30[0m | Rating: 3.3 ⭐
  [96m 3. Tari Eason               [0m | [92mOVER 1.5 3PT   [0m | Houston Rockets           vs San Antonio Spurs         | [1mA.I.: 8.23[0m | Rating: 2.9 

[1m[91m================================================================================[0m
[1m[91mTOP UNDER PLAYS[0m
[1m[91m================================================================================[0m
  [96m 1. Dorian Finney-Smith      [0m | [91mUNDER 1.5 3PT  [0m | Houston Rockets           vs San Antonio Spurs         | [1mA.I.: 8.57[0m | Rating: 3.5 ⭐
  [96m 2. Pelle Larsson            [0m | [91mUNDER 1.5 3PT  [0m | Miami Heat                vs Sacramento Kings          | [1mA.I.: 8.30[0m | Rating: 3.2 ⭐
  [96m 3. Brice Sensabaugh         [0m | [91mUNDER 2.5 3PT  [0m | Utah Jazz                 vs Minnesota Timberwolves    | [1mA.I.: 8.11[0m | Rating: 2.3 

[96mGenerating HTML report...[0m

[92m✓ HTML report saved: /Users/rico/sports-models/nba/nba_3pt_props.html[0m

[1m[92m================================================================================[0m
[1m[92m✓ Model execution complete![0m
[1m[92m================================================================================[0m


==========================================
✅ Model completed successfully!
==========================================

📤 Pushing updates to GitHub...
[main 3dc5d8b] Update model outputs - 2026-01-20 05:00:07
 Committer: Ricardo Hill <rico@Ricos-M1-Mac-2.local>
Your name and email address were configured automatically based
on your username and hostname. Please check that they are accurate.
You can suppress this message by setting them explicitly. Run the
following command and follow the instructions in your editor to edit
your configuration file:

    git config --global --edit

After doing this, you may fix the identity used for this commit with:

    git commit --amend --reset-author

 2 files changed, 109 insertions(+), 15 deletions(-)
To https://github.com/BangLetsGetIt/NBA-NCAA-Betting-Models.git
   97ec3a8..3dc5d8b  main -> main
✅ Successfully pushed to GitHub!
==========================================
NBA 3PT Props Model Run: Wed Jan 21 05:00:03 EST 2026
==========================================
Running NBA 3PT Props model...

[1m[96m================================================================================[0m
[1m[96mNBA 3PT PROPS A.I. MODEL[0m
[1m[96m================================================================================[0m

[96m==========================================================================================[0m
[96m🎯 GRADING PENDING PICKS[0m
[96m==========================================================================================[0m

[93m📋 Found 6 pending picks...[0m

  Fetching team stats to verify completed games for 2025-12-16...
[96m  Fetching batch stats for 12/16/2025...[0m
  Fetching team stats to verify completed games for 2026-01-08...
[96m  Fetching batch stats for 01/08/2026...[0m
  Fetching team stats to verify completed games for 2026-01-14...
[96m  Fetching batch stats for 01/14/2026...[0m
  Fetching team stats to verify completed games for 2026-01-21...

[93mNo picks ready for grading yet[0m

[96mFetching REAL NBA player 3-pointers statistics...[0m
[92m✓ Using cached player 3-pointers stats (less than 6 hours old)[0m

[96mFetching opponent 3-pointers factors...[0m
[92m✓ Using cached 3-pointers factors[0m

[96mFetching player 3-pointers prop odds...[0m
[96m  Found 7 upcoming games[0m
[96m  Filtered to 7 upcoming games[0m
[96m  Game 1/7: Cleveland Cavaliers @ Charlotte Hornets[0m
[96m  Game 2/7: Indiana Pacers @ Boston Celtics[0m
[96m  Game 3/7: Brooklyn Nets @ New York Knicks[0m
[96m  Game 4/7: Atlanta Hawks @ Memphis Grizzlies[0m
[96m  Game 5/7: Detroit Pistons @ New Orleans Pelicans[0m
[96m  Game 6/7: Oklahoma City Thunder @ Milwaukee Bucks[0m
[96m  Game 7/7: Toronto Raptors @ Sacramento Kings[0m
[92m✓ Fetched 65 player 3-pointers props (grouped)[0m

[96mAnalyzing 65 player props with REAL stats...[0m
[92m✓ Found 2 top OVER plays (A.I. Score >= 7.5)[0m
[92m✓ Found 0 top UNDER plays (A.I. Score >= 7.5)[0m
[93m  Skipped 2 props (no player stats found)[0m
[93m  Skipped 124 props (score below 7.5 or failed checks)[0m

[96m==========================================================================================[0m
[96m📊 TRACKING NEW PICKS[0m
[96m==========================================================================================[0m
[93m✓ Updated odds for 2 existing picks[0m

[1m[92m================================================================================[0m
[1m[92mTOP OVER PLAYS[0m
[1m[92m================================================================================[0m
  [96m 1. Miles McBride            [0m | [92mOVER 2.5 3PT   [0m | New York Knicks           vs Brooklyn Nets             | [1mA.I.: 8.80[0m | Rating: 4.4 ⭐⭐
  [96m 2. Jordan Poole             [0m | [92mOVER 1.5 3PT   [0m | New Orleans Pelicans      vs Detroit Pistons           | [1mA.I.: 10.00[0m | Rating: 3.1 ⭐

[1m[91m================================================================================[0m
[1m[91mTOP UNDER PLAYS[0m
[1m[91m================================================================================[0m

[96mGenerating HTML report...[0m

[92m✓ HTML report saved: /Users/rico/sports-models/nba/nba_3pt_props.html[0m

[1m[92m================================================================================[0m
[1m[92m✓ Model execution complete![0m
[1m[92m================================================================================[0m


==========================================
✅ Model completed successfully!
==========================================

📤 Pushing updates to GitHub...
[main 3d6f4ad] Update model outputs - 2026-01-21 05:00:16
 Committer: Ricardo Hill <rico@Ricos-M1-Mac-2.local>
Your name and email address were configured automatically based
on your username and hostname. Please check that they are accurate.
You can suppress this message by setting them explicitly. Run the
following command and follow the instructions in your editor to edit
your configuration file:

    git config --global --edit

After doing this, you may fix the identity used for this commit with:

    git commit --amend --reset-author

 2 files changed, 12 insertions(+), 10 deletions(-)
To https://github.com/BangLetsGetIt/NBA-NCAA-Betting-Models.git
   b735d9a..3d6f4ad  main -> main
✅ Successfully pushed to GitHub!
==========================================
NBA 3PT Props Model Run: Fri Jan 23 05:00:05 EST 2026
==========================================
Running NBA 3PT Props model...

[1m[96m================================================================================[0m
[1m[96mNBA 3PT PROPS A.I. MODEL[0m
[1m[96m================================================================================[0m

[96m==========================================================================================[0m
[96m🎯 GRADING PENDING PICKS[0m
[96m==========================================================================================[0m

[93m📋 Found 14 pending picks...[0m

  Fetching team stats to verify completed games for 2025-12-16...
[96m  Fetching batch stats for 12/16/2025...[0m
  Fetching team stats to verify completed games for 2026-01-08...
[96m  Fetching batch stats for 01/08/2026...[0m
  Fetching team stats to verify completed games for 2026-01-14...
[96m  Fetching batch stats for 01/14/2026...[0m
  Fetching team stats to verify completed games for 2026-01-23...

[93mNo picks ready for grading yet[0m

[96mFetching REAL NBA player 3-pointers statistics...[0m
[92m✓ Using cached player 3-pointers stats (less than 6 hours old)[0m

[96mFetching opponent 3-pointers factors...[0m
[92m✓ Using cached 3-pointers factors[0m

[96mFetching player 3-pointers prop odds...[0m
[96m  Found 8 upcoming games[0m
[96m  Filtered to 8 upcoming games[0m
[96m  Game 1/8: Houston Rockets @ Detroit Pistons[0m
[96m  Game 2/8: Phoenix Suns @ Atlanta Hawks[0m
[96m  Game 3/8: Boston Celtics @ Brooklyn Nets[0m
[96m  Game 4/8: Sacramento Kings @ Cleveland Cavaliers[0m
[96m  Game 5/8: Denver Nuggets @ Milwaukee Bucks[0m
[96m  Game 6/8: New Orleans Pelicans @ Memphis Grizzlies[0m
[96m  Game 7/8: Indiana Pacers @ Oklahoma City Thunder[0m
[96m  Game 8/8: Toronto Raptors @ Portland Trail Blazers[0m
[92m✓ Fetched 0 player 3-pointers props (grouped)[0m

[96mAnalyzing 0 player props with REAL stats...[0m
[92m✓ Found 0 top OVER plays (A.I. Score >= 7.5)[0m
[92m✓ Found 0 top UNDER plays (A.I. Score >= 7.5)[0m

[96m==========================================================================================[0m
[96m📊 TRACKING NEW PICKS[0m
[96m==========================================================================================[0m
[96mNo new picks to track[0m

[1m[92m================================================================================[0m
[1m[92mTOP OVER PLAYS[0m
[1m[92m================================================================================[0m

[1m[91m================================================================================[0m
[1m[91mTOP UNDER PLAYS[0m
[1m[91m================================================================================[0m

[96mGenerating HTML report...[0m

[92m✓ HTML report saved: /Users/rico/sports-models/nba/nba_3pt_props.html[0m

[1m[92m================================================================================[0m
[1m[92m✓ Model execution complete![0m
[1m[92m================================================================================[0m


==========================================
✅ Model completed successfully!
==========================================

📤 Pushing updates to GitHub...
No changes to commit
==========================================
NBA 3PT Props Model Run: Sat Jan 24 05:07:53 EST 2026
==========================================
Running NBA 3PT Props model...

[1m[96m================================================================================[0m
[1m[96mNBA 3PT PROPS A.I. MODEL[0m
[1m[96m================================================================================[0m

[96m==========================================================================================[0m
[96m🎯 GRADING PENDING PICKS[0m
[96m==========================================================================================[0m

[93m📋 Found 9 pending picks...[0m

  Fetching team stats to verify completed games for 2025-12-16...
[96m  Fetching batch stats for 12/16/2025...[0m
  Fetching team stats to verify completed games for 2026-01-08...
[96m  Fetching batch stats for 01/08/2026...[0m
  Fetching team stats to verify completed games for 2026-01-14...
[96m  Fetching batch stats for 01/14/2026...[0m
  Fetching team stats to verify completed games for 2026-01-24...

[93mNo picks ready for grading yet[0m

[96mFetching REAL NBA player 3-pointers statistics...[0m
[92m✓ Using cached player 3-pointers stats (less than 6 hours old)[0m

[96mFetching opponent 3-pointers factors...[0m
[92m✓ Using cached 3-pointers factors[0m

[96mFetching player 3-pointers prop odds...[0m
[96m  Found 7 upcoming games[0m
[96m  Filtered to 7 upcoming games[0m
[96m  Game 1/7: Washington Wizards @ Charlotte Hornets[0m
[96m  Game 2/7: New York Knicks @ Philadelphia 76ers[0m
[96m  Game 3/7: Golden State Warriors @ Minnesota Timberwolves[0m
[96m  Game 4/7: Cleveland Cavaliers @ Orlando Magic[0m
[96m  Game 5/7: Boston Celtics @ Chicago Bulls[0m
[96m  Game 6/7: Los Angeles Lakers @ Dallas Mavericks[0m
[96m  Game 7/7: Miami Heat @ Utah Jazz[0m
[92m✓ Fetched 69 player 3-pointers props (grouped)[0m

[96mAnalyzing 69 player props with REAL stats...[0m
[92m✓ Found 4 top OVER plays (A.I. Score >= 7.5)[0m
[92m✓ Found 1 top UNDER plays (A.I. Score >= 7.5)[0m
[93m  Skipped 2 props (no player stats found)[0m
[93m  Skipped 129 props (score below 7.5 or failed checks)[0m

[96m==========================================================================================[0m
[96m📊 TRACKING NEW PICKS[0m
[96m==========================================================================================[0m
[93m✓ Updated odds for 2 existing picks[0m

[1m[92m================================================================================[0m
[1m[92mTOP OVER PLAYS[0m
[1m[92m================================================================================[0m
  [96m 1. Miles McBride            [0m | [92mOVER 2.5 3PT   [0m | New York Knicks           vs Philadelphia 76ers        | [1mA.I.: 9.30[0m | Rating: 4.9 ⭐⭐
  [96m 2. Klay Thompson            [0m | [92mOVER 2.5 3PT   [0m | Dallas Mavericks          vs Los Angeles Lakers        | [1mA.I.: 9.30[0m | Rating: 4.9 ⭐⭐
  [96m 3. Moses Moody              [0m | [92mOVER 1.5 3PT   [0m | Golden State Warriors     vs Minnesota Timberwolves    | [1mA.I.: 9.04[0m | Rating: 2.4 
  [96m 4. Norman Powell            [0m | [92mOVER 2.5 3PT   [0m | Miami Heat                vs Utah Jazz                 | [1mA.I.: 8.30[0m | Rating: 2.3 

[1m[91m================================================================================[0m
[1m[91mTOP UNDER PLAYS[0m
[1m[91m================================================================================[0m
  [96m 1. Pelle Larsson            [0m | [91mUNDER 1.5 3PT  [0m | Miami Heat                vs Utah Jazz                 | [1mA.I.: 8.10[0m | Rating: 2.4 

[96mGenerating HTML report...[0m

[92m✓ HTML report saved: /Users/rico/sports-models/nba/nba_3pt_props.html[0m

[1m[92m================================================================================[0m
[1m[92m✓ Model execution complete![0m
[1m[92m================================================================================[0m


==========================================
✅ Model completed successfully!
==========================================

📤 Pushing updates to GitHub...
[main 07d60af8] Update model outputs - 2026-01-24 05:07:58
 Committer: Ricardo Hill <rico@MacBookAir.lan>
Your name and email address were configured automatically based
on your username and hostname. Please check that they are accurate.
You can suppress this message by setting them explicitly. Run the
following command and follow the instructions in your editor to edit
your configuration file:

    git config --global --edit

After doing this, you may fix the identity used for this commit with:

    git commit --amend --reset-author

 2 files changed, 12 insertions(+), 12 deletions(-)
To https://github.com/BangLetsGetIt/NBA-NCAA-Betting-Models.git
   406d5e14..07d60af8  main -> main
✅ Successfully pushed to GitHub!
==========================================
NBA 3PT Props Model Run: Sun Jan 25 05:00:04 EST 2026
==========================================
Running NBA 3PT Props model...

[1m[96m================================================================================[0m
[1m[96mNBA 3PT PROPS A.I. MODEL[0m
[1m[96m================================================================================[0m

[96m==========================================================================================[0m
[96m🎯 GRADING PENDING PICKS[0m
[96m==========================================================================================[0m

[93m📋 Found 9 pending picks...[0m

  Fetching team stats to verify completed games for 2025-12-16...
[96m  Fetching batch stats for 12/16/2025...[0m
  Fetching team stats to verify completed games for 2026-01-08...
[96m  Fetching batch stats for 01/08/2026...[0m
  Fetching team stats to verify completed games for 2026-01-14...
[96m  Fetching batch stats for 01/14/2026...[0m
  Fetching team stats to verify completed games for 2026-01-24...
[96m  Fetching batch stats for 01/24/2026...[0m
  Fetching team stats to verify completed games for 2026-01-25...

[93mNo picks ready for grading yet[0m

[96mFetching REAL NBA player 3-pointers statistics...[0m
[92m✓ Using cached player 3-pointers stats (less than 6 hours old)[0m

[96mFetching opponent 3-pointers factors...[0m
[92m✓ Using cached 3-pointers factors[0m

[96mFetching player 3-pointers prop odds...[0m
[96m  Found 8 upcoming games[0m
[96m  Filtered to 8 upcoming games[0m
[96m  Game 1/8: Sacramento Kings @ Detroit Pistons[0m
[96m  Game 2/8: Denver Nuggets @ Memphis Grizzlies[0m
[96m  Game 3/8: Golden State Warriors @ Minnesota Timberwolves[0m
[96m  Game 4/8: Dallas Mavericks @ Milwaukee Bucks[0m
[96m  Game 5/8: New Orleans Pelicans @ San Antonio Spurs[0m
[96m  Game 6/8: Toronto Raptors @ Oklahoma City Thunder[0m
[96m  Game 7/8: Miami Heat @ Phoenix Suns[0m
[96m  Game 8/8: Brooklyn Nets @ Los Angeles Clippers[0m
[92m✓ Fetched 76 player 3-pointers props (grouped)[0m

[96mAnalyzing 76 player props with REAL stats...[0m
[92m✓ Found 2 top OVER plays (A.I. Score >= 7.5)[0m
[92m✓ Found 0 top UNDER plays (A.I. Score >= 7.5)[0m
[93m  Skipped 1 props (no player stats found)[0m
[93m  Skipped 148 props (score below 7.5 or failed checks)[0m

[96m==========================================================================================[0m
[96m📊 TRACKING NEW PICKS[0m
[96m==========================================================================================[0m
[93m✓ Updated odds for 2 existing picks[0m

[1m[92m================================================================================[0m
[1m[92mTOP OVER PLAYS[0m
[1m[92m================================================================================[0m
  [96m 1. Trey Murphy III          [0m | [92mOVER 2.5 3PT   [0m | New Orleans Pelicans      vs San Antonio Spurs         | [1mA.I.: 10.00[0m | Rating: 4.1 ⭐⭐
  [96m 2. Russell Westbrook        [0m | [92mOVER 1.5 3PT   [0m | Sacramento Kings          vs Detroit Pistons           | [1mA.I.: 8.05[0m | Rating: 2.7 

[1m[91m================================================================================[0m
[1m[91mTOP UNDER PLAYS[0m
[1m[91m================================================================================[0m

[96mGenerating HTML report...[0m

[92m✓ HTML report saved: /Users/rico/sports-models/nba/nba_3pt_props.html[0m

[1m[92m================================================================================[0m
[1m[92m✓ Model execution complete![0m
[1m[92m================================================================================[0m


==========================================
✅ Model completed successfully!
==========================================

📤 Pushing updates to GitHub...
[main 2eeecb7a] Update model outputs - 2026-01-25 05:00:09
 Committer: Ricardo Hill <rico@MacBookAir.lan>
Your name and email address were configured automatically based
on your username and hostname. Please check that they are accurate.
You can suppress this message by setting them explicitly. Run the
following command and follow the instructions in your editor to edit
your configuration file:

    git config --global --edit

After doing this, you may fix the identity used for this commit with:

    git commit --amend --reset-author

 2 files changed, 8 insertions(+), 8 deletions(-)
To https://github.com/BangLetsGetIt/NBA-NCAA-Betting-Models.git
   a15bcf2e..2eeecb7a  main -> main
✅ Successfully pushed to GitHub!
==========================================
NBA 3PT Props Model Run: Mon Jan 26 05:00:01 EST 2026
==========================================
Running NBA 3PT Props model...

[1m[96m================================================================================[0m
[1m[96mNBA 3PT PROPS A.I. MODEL[0m
[1m[96m================================================================================[0m

[96m==========================================================================================[0m
[96m🎯 GRADING PENDING PICKS[0m
[96m==========================================================================================[0m

[93m📋 Found 8 pending picks...[0m

  Fetching team stats to verify completed games for 2025-12-16...
[96m  Fetching batch stats for 12/16/2025...[0m
  Fetching team stats to verify completed games for 2026-01-08...
[96m  Fetching batch stats for 01/08/2026...[0m
  Fetching team stats to verify completed games for 2026-01-14...
[96m  Fetching batch stats for 01/14/2026...[0m
  Fetching team stats to verify completed games for 2026-01-24...
[96m  Fetching batch stats for 01/24/2026...[0m
  Fetching team stats to verify completed games for 2026-01-26...

[93mNo picks ready for grading yet[0m

[96mFetching REAL NBA player 3-pointers statistics...[0m
[92m✓ Using cached player 3-pointers stats (less than 6 hours old)[0m

[96mFetching opponent 3-pointers factors...[0m
[92m✓ Using cached 3-pointers factors[0m

[96mFetching player 3-pointers prop odds...[0m
[96m  Found 7 upcoming games[0m
[96m  Filtered to 7 upcoming games[0m
[96m  Game 1/7: Indiana Pacers @ Atlanta Hawks[0m
[96m  Game 2/7: Philadelphia 76ers @ Charlotte Hornets[0m
[96m  Game 3/7: Orlando Magic @ Cleveland Cavaliers[0m
[96m  Game 4/7: Portland Trail Blazers @ Boston Celtics[0m
[96m  Game 5/7: Los Angeles Lakers @ Chicago Bulls[0m
[96m  Game 6/7: Memphis Grizzlies @ Houston Rockets[0m
[96m  Game 7/7: Golden State Warriors @ Minnesota Timberwolves[0m
[92m✓ Fetched 68 player 3-pointers props (grouped)[0m

[96mAnalyzing 68 player props with REAL stats...[0m
[92m✓ Found 3 top OVER plays (A.I. Score >= 7.5)[0m
[92m✓ Found 0 top UNDER plays (A.I. Score >= 7.5)[0m
[93m  Skipped 2 props (no player stats found)[0m
[93m  Skipped 129 props (score below 7.5 or failed checks)[0m

[96m==========================================================================================[0m
[96m📊 TRACKING NEW PICKS[0m
[96m==========================================================================================[0m
[93m✓ Updated odds for 2 existing picks[0m

[1m[92m================================================================================[0m
[1m[92mTOP OVER PLAYS[0m
[1m[92m================================================================================[0m
  [96m 1. Jrue Holiday             [0m | [92mOVER 1.5 3PT   [0m | Portland Trail Blazers    vs Boston Celtics            | [1mA.I.: 7.69[0m | Rating: 2.8 
  [96m 2. Onyeka Okongwu           [0m | [92mOVER 1.5 3PT   [0m | Atlanta Hawks             vs Indiana Pacers            | [1mA.I.: 7.51[0m | Rating: 2.7 
  [96m 3. Jaylon Tyson             [0m | [92mOVER 1.5 3PT   [0m | Cleveland Cavaliers       vs Orlando Magic             | [1mA.I.: 8.09[0m | Rating: 2.6 

[1m[91m================================================================================[0m
[1m[91mTOP UNDER PLAYS[0m
[1m[91m================================================================================[0m

[96mGenerating HTML report...[0m

[92m✓ HTML report saved: /Users/rico/sports-models/nba/nba_3pt_props.html[0m

[1m[92m================================================================================[0m
[1m[92m✓ Model execution complete![0m
[1m[92m================================================================================[0m


==========================================
✅ Model completed successfully!
==========================================

📤 Pushing updates to GitHub...
[main faf865be] Update model outputs - 2026-01-26 05:00:18
 Committer: Ricardo Hill <rico@MacBookAir.lan>
Your name and email address were configured automatically based
on your username and hostname. Please check that they are accurate.
You can suppress this message by setting them explicitly. Run the
following command and follow the instructions in your editor to edit
your configuration file:

    git config --global --edit

After doing this, you may fix the identity used for this commit with:

    git commit --amend --reset-author

 2 files changed, 12 insertions(+), 10 deletions(-)
To https://github.com/BangLetsGetIt/NBA-NCAA-Betting-Models.git
   c93872de..faf865be  main -> main
✅ Successfully pushed to GitHub!
