==========================================
NBA Assists Props Model Run: Fri Dec 12 07:00:05 EST 2025
==========================================
Running NBA Assists Props model...

[1m[96m================================================================================[0m
[1m[96mNBA ASSISTS PROPS A.I. MODEL[0m
[1m[96m================================================================================[0m

[96mChecking 6 pending picks...[0m
[92m✓ Updated 2 picks[0m

[96mFetching REAL NBA player assists statistics...[0m
[96m  Fetching season assists stats...[0m
[96m  Fetching recent form (last 10 games)...[0m
[92m✓ Fetched REAL stats for 498 players[0m

[96mFetching opponent assists factors...[0m
[92m✓ Fetched assists factors for 43 teams[0m

[96mFetching player assists prop odds...[0m
[96m  Found 9 upcoming games[0m
[96m  Game 1/9: Atlanta Hawks @ Detroit Pistons[0m
[96m  Game 2/9: Chicago Bulls @ Charlotte Hornets[0m
[96m  Game 3/9: Cleveland Cavaliers @ Washington Wizards[0m
[96m  Game 4/9: Indiana Pacers @ Philadelphia 76ers[0m
[96m  Game 5/9: Utah Jazz @ Memphis Grizzlies[0m
[96m  Game 6/9: Brooklyn Nets @ Dallas Mavericks[0m
[96m  Game 7/9: Minnesota Timberwolves @ Golden State Warriors[0m
[96m  Game 8/9: New York Knicks @ Orlando Magic[0m
[96m  Game 9/9: San Antonio Spurs @ Oklahoma City Thunder[0m
[92m✓ Fetched 158 total player props[0m

[96mAnalyzing 158 player props with REAL stats...[0m
[92m✓ Found 2 top OVER plays (A.I. Score >= 9.5)[0m
[92m✓ Found 2 top UNDER plays (A.I. Score >= 9.5)[0m
[93m  Skipped 6 props (no player stats found)[0m
[93m  Skipped 296 props (score below 9.5)[0m

[96mAuto-tracking picks with A.I. Score >= 9.7...[0m
[93m  No new picks to track[0m

[1m[96m================================================================================[0m
[1m[96mTRACKING SUMMARY[0m
[1m[96m================================================================================[0m
Total Picks: 7 | Wins: 3 | Losses: 0 | Pending: 4
Win Rate: 100.0% | ROI: +2.73u (+39.0%)

[1m[92m================================================================================[0m
[1m[92mTOP OVER PLAYS[0m
[1m[92m================================================================================[0m
📊 [96m 1. Ja Morant                [0m | [92mOVER 6.5 AST   [0m | Memphis Grizzlies vs Utah Jazz | [1mA.I.: 10.00[0m
   [96m 2. Dylan Harper             [0m | [92mOVER 2.5 AST   [0m | Oklahoma City Thunder vs San Antonio Spurs | [1mA.I.: 9.65[0m

[1m[91m================================================================================[0m
[1m[91mTOP UNDER PLAYS[0m
[1m[91m================================================================================[0m
📊 [96m 1. Kon Knueppel             [0m | [91mUNDER 4.5 AST  [0m | Charlotte Hornets vs Chicago Bulls | [1mA.I.: 10.00[0m
📊 [96m 2. Miles Bridges            [0m | [91mUNDER 5.5 AST  [0m | Charlotte Hornets vs Chicago Bulls | [1mA.I.: 10.00[0m

[93m📊 = Auto-tracked (A.I. Score >= 9.7)[0m

[96mGenerating HTML report...[0m

[92m✓ HTML report saved: /Users/rico/sports-models/nba/nba_assists_props.html[0m

[1m[92m================================================================================[0m
[1m[92m✓ Model execution complete![0m
[1m[92m================================================================================[0m


==========================================
✅ Model completed successfully!
==========================================

📤 Pushing updates to GitHub...
[main dd4fd15] Update model outputs - 2025-12-12 07:00:15
 Committer: Ricardo Hill <rico@Ricos-M1-Mac-2.local>
Your name and email address were configured automatically based
on your username and hostname. Please check that they are accurate.
You can suppress this message by setting them explicitly. Run the
following command and follow the instructions in your editor to edit
your configuration file:

    git config --global --edit

After doing this, you may fix the identity used for this commit with:

    git commit --amend --reset-author

 2 files changed, 29 insertions(+), 22 deletions(-)
To https://github.com/BangLetsGetIt/NBA-NCAA-Betting-Models.git
   279592b..dd4fd15  main -> main
✅ Successfully pushed to GitHub!
==========================================
NBA Assists Props Model Run: Sat Dec 13 07:00:04 EST 2025
==========================================
Running NBA Assists Props model...

[1m[96m================================================================================[0m
[1m[96mNBA ASSISTS PROPS A.I. MODEL[0m
[1m[96m================================================================================[0m

[96mChecking 10 pending picks...[0m
[96m  Checking Darius Garland (Cleveland Cavaliers) from 2025-12-12...[0m
    [92mWIN[0m: Darius Garland had 6 assists (line: 7.5, bet: UNDER)
[96m  Checking Kon Knueppel (Charlotte Hornets) from 2025-12-12...[0m
    [91mLOSS[0m: Kon Knueppel had 9 assists (line: 4.5, bet: UNDER)
[96m  Checking Miles Bridges (Charlotte Hornets) from 2025-12-12...[0m
    [91mLOSS[0m: Miles Bridges had 7 assists (line: 5.5, bet: UNDER)
[96m  Checking Ja Morant (Memphis Grizzlies) from 2025-12-12...[0m
    [92mWIN[0m: Ja Morant had 10 assists (line: 6.5, bet: OVER)
[96m  Checking Miles Bridges (Charlotte Hornets) from 2025-12-12...[0m
    [91mLOSS[0m: Miles Bridges had 7 assists (line: 4.5, bet: UNDER)
[96m  Checking Julius Randle (Minnesota Timberwolves) from 2025-12-12...[0m
    [92mWIN[0m: Julius Randle had 6 assists (line: 4.5, bet: OVER)
[96m  Checking Cooper Flagg (Dallas Mavericks) from 2025-12-12...[0m
    [92mWIN[0m: Cooper Flagg had 8 assists (line: 8.5, bet: UNDER)
[96m  Checking Stephen Curry (Golden State Warriors) from 2025-12-12...[0m
    [92mWIN[0m: Stephen Curry had 5 assists (line: 6.5, bet: UNDER)
[96m  Checking Jaden McDaniels (Minnesota Timberwolves) from 2025-12-12...[0m
    [91mLOSS[0m: Jaden McDaniels had 5 assists (line: 3.5, bet: UNDER)
[96m  Checking Stephen Curry (Golden State Warriors) from 2025-12-12...[0m
    [92mWIN[0m: Stephen Curry had 5 assists (line: 5.5, bet: UNDER)

[92m✓ Updated 10 picks[0m

[96mFetching REAL NBA player assists statistics...[0m
[96m  Fetching season assists stats...[0m
[96m  Fetching recent form (last 10 games)...[0m
[92m✓ Fetched REAL stats for 499 players[0m

[96mFetching opponent assists factors...[0m
[92m✓ Fetched assists factors for 43 teams[0m

[96mFetching player assists prop odds...[0m
[96m  Found 10 upcoming games[0m
[96m  Game 1/10: New York Knicks @ Orlando Magic[0m
[96m  Game 2/10: San Antonio Spurs @ Oklahoma City Thunder[0m
[96m  Game 3/10: Washington Wizards @ Indiana Pacers[0m
[96m  Game 4/10: Charlotte Hornets @ Cleveland Cavaliers[0m
[96m  Game 5/10: Philadelphia 76ers @ Atlanta Hawks[0m
[96m  Game 6/10: Milwaukee Bucks @ Brooklyn Nets[0m
[96m  Game 7/10: New Orleans Pelicans @ Chicago Bulls[0m
[96m  Game 8/10: Sacramento Kings @ Minnesota Timberwolves[0m
[96m  Game 9/10: Los Angeles Lakers @ Phoenix Suns[0m
[96m  Game 10/10: Golden State Warriors @ Portland Trail Blazers[0m
[92m✓ Fetched 168 total player props[0m

[96mAnalyzing 168 player props with REAL stats...[0m
[92m✓ Found 2 top OVER plays (A.I. Score >= 9.5)[0m
[92m✓ Found 5 top UNDER plays (A.I. Score >= 9.5)[0m
[93m  Skipped 6 props (no player stats found)[0m
[93m  Skipped 310 props (score below 9.5)[0m

[96mAuto-tracking picks with A.I. Score >= 9.7...[0m
[92m✓ Tracked 4 new picks[0m

[1m[96m================================================================================[0m
[1m[96mTRACKING SUMMARY[0m
[1m[96m================================================================================[0m
Total Picks: 17 | Wins: 8 | Losses: 5 | Pending: 4
Win Rate: 61.5% | ROI: +2.28u (+13.4%)

[1m[92m================================================================================[0m
[1m[92mTOP OVER PLAYS[0m
[1m[92m================================================================================[0m
📊 [96m 1. VJ Edgecombe             [0m | [92mOVER 2.5 AST   [0m | Atlanta Hawks vs Philadelphia 76ers | [1mA.I.: 10.00[0m
   [96m 2. Dylan Harper             [0m | [92mOVER 2.5 AST   [0m | Oklahoma City Thunder vs San Antonio Spurs | [1mA.I.: 9.65[0m

[1m[91m================================================================================[0m
[1m[91mTOP UNDER PLAYS[0m
[1m[91m================================================================================[0m
📊 [96m 1. Deni Avdija              [0m | [91mUNDER 8.5 AST  [0m | Portland Trail Blazers vs Golden State Warriors | [1mA.I.: 10.00[0m
📊 [96m 2. Rui Hachimura            [0m | [91mUNDER 1.5 AST  [0m | Los Angeles Lakers vs Phoenix Suns | [1mA.I.: 9.95[0m
📊 [96m 3. Marcus Smart             [0m | [91mUNDER 3.5 AST  [0m | Phoenix Suns vs Los Angeles Lakers | [1mA.I.: 9.77[0m
   [96m 4. Derik Queen              [0m | [91mUNDER 5.5 AST  [0m | Chicago Bulls vs New Orleans Pelicans | [1mA.I.: 9.64[0m
   [96m 5. Carlton Carrington       [0m | [91mUNDER 5.5 AST  [0m | Indiana Pacers vs Washington Wizards | [1mA.I.: 9.62[0m

[93m📊 = Auto-tracked (A.I. Score >= 9.7)[0m

[96mGenerating HTML report...[0m

[92m✓ HTML report saved: /Users/rico/sports-models/nba/nba_assists_props.html[0m

[1m[92m================================================================================[0m
[1m[92m✓ Model execution complete![0m
[1m[92m================================================================================[0m


==========================================
✅ Model completed successfully!
==========================================

📤 Pushing updates to GitHub...
[main a19e8f9] Update model outputs - 2025-12-13 07:00:20
 Committer: Ricardo Hill <rico@Ricos-M1-Mac-2.local>
Your name and email address were configured automatically based
on your username and hostname. Please check that they are accurate.
You can suppress this message by setting them explicitly. Run the
following command and follow the instructions in your editor to edit
your configuration file:

    git config --global --edit

After doing this, you may fix the identity used for this commit with:

    git commit --amend --reset-author

 2 files changed, 261 insertions(+), 83 deletions(-)
To https://github.com/BangLetsGetIt/NBA-NCAA-Betting-Models.git
   36d1369..a19e8f9  main -> main
✅ Successfully pushed to GitHub!
==========================================
NBA Assists Props Model Run: Sun Dec 14 07:00:04 EST 2025
==========================================
Running NBA Assists Props model...

[1m[96m================================================================================[0m
[1m[96mNBA ASSISTS PROPS A.I. MODEL[0m
[1m[96m================================================================================[0m

[96mChecking 7 pending picks...[0m

[96mFetching REAL NBA player assists statistics...[0m
[96m  Fetching season assists stats...[0m
[96m  Fetching recent form (last 10 games)...[0m
[92m✓ Fetched REAL stats for 499 players[0m

[96mFetching opponent assists factors...[0m
[92m✓ Fetched assists factors for 43 teams[0m

[96mFetching player assists prop odds...[0m
[96m  Found 9 upcoming games[0m
[96m  Game 1/9: Washington Wizards @ Indiana Pacers[0m
[96m  Game 2/9: Charlotte Hornets @ Cleveland Cavaliers[0m
[96m  Game 3/9: Philadelphia 76ers @ Atlanta Hawks[0m
[96m  Game 4/9: Milwaukee Bucks @ Brooklyn Nets[0m
[96m  Game 5/9: New Orleans Pelicans @ Chicago Bulls[0m
[96m  Game 6/9: Sacramento Kings @ Minnesota Timberwolves[0m
[96m  Game 7/9: Los Angeles Lakers @ Phoenix Suns[0m
[96m  Game 8/9: Golden State Warriors @ Portland Trail Blazers[0m
[96m  Game 9/9: San Antonio Spurs @ New York Knicks[0m
[92m✓ Fetched 150 total player props[0m

[96mAnalyzing 150 player props with REAL stats...[0m
[92m✓ Found 1 top OVER plays (A.I. Score >= 9.5)[0m
[92m✓ Found 5 top UNDER plays (A.I. Score >= 9.5)[0m
[93m  Skipped 6 props (no player stats found)[0m
[93m  Skipped 276 props (score below 9.5)[0m

[96mAuto-tracking picks with A.I. Score >= 9.7...[0m
[93m  No new picks to track[0m

[1m[96m================================================================================[0m
[1m[96mTRACKING SUMMARY[0m
[1m[96m================================================================================[0m
Total Picks: 21 | Wins: 8 | Losses: 6 | Pending: 6
Win Rate: 57.1% | ROI: +1.28u (+6.1%)

[1m[92m================================================================================[0m
[1m[92mTOP OVER PLAYS[0m
[1m[92m================================================================================[0m
📊 [96m 1. De'Aaron Fox             [0m | [92mOVER 4.5 AST   [0m | New York Knicks vs San Antonio Spurs | [1mA.I.: 10.00[0m | Rating: 4.1 ⭐⭐

[1m[91m================================================================================[0m
[1m[91mTOP UNDER PLAYS[0m
[1m[91m================================================================================[0m
📊 [96m 1. Paul George              [0m | [91mUNDER 4.5 AST  [0m | Atlanta Hawks vs Philadelphia 76ers | [1mA.I.: 10.00[0m | Rating: 4.9 ⭐⭐
📊 [96m 2. Deni Avdija              [0m | [91mUNDER 8.5 AST  [0m | Portland Trail Blazers vs Golden State Warriors | [1mA.I.: 10.00[0m | Rating: 4.9 ⭐⭐
📊 [96m 3. Rui Hachimura            [0m | [91mUNDER 1.5 AST  [0m | Los Angeles Lakers vs Phoenix Suns | [1mA.I.: 9.95[0m | Rating: 4.9 ⭐⭐
📊 [96m 4. Marcus Smart             [0m | [91mUNDER 3.5 AST  [0m | Phoenix Suns vs Los Angeles Lakers | [1mA.I.: 9.77[0m | Rating: 4.9 ⭐⭐
   [96m 5. Carlton Carrington       [0m | [91mUNDER 5.5 AST  [0m | Indiana Pacers vs Washington Wizards | [1mA.I.: 9.62[0m | Rating: 4.9 ⭐⭐

[93m📊 = Auto-tracked (A.I. Score >= 9.7)[0m

[96mGenerating HTML report...[0m

[92m✓ HTML report saved: /Users/rico/sports-models/nba/nba_assists_props.html[0m

[1m[92m================================================================================[0m
[1m[92m✓ Model execution complete![0m
[1m[92m================================================================================[0m


==========================================
✅ Model completed successfully!
==========================================

📤 Pushing updates to GitHub...
[main a7c9e3a] Update model outputs - 2025-12-14 07:00:16
 Committer: Ricardo Hill <rico@Ricos-M1-Mac-2.local>
Your name and email address were configured automatically based
on your username and hostname. Please check that they are accurate.
You can suppress this message by setting them explicitly. Run the
following command and follow the instructions in your editor to edit
your configuration file:

    git config --global --edit

After doing this, you may fix the identity used for this commit with:

    git commit --amend --reset-author

 2 files changed, 22 insertions(+), 17 deletions(-)
To https://github.com/BangLetsGetIt/NBA-NCAA-Betting-Models.git
   e87d70f..a7c9e3a  main -> main
✅ Successfully pushed to GitHub!
==========================================
NBA Assists Props Model Run: Wed Dec 17 07:00:03 EST 2025
==========================================
Running NBA Assists Props model...

[1m[96m================================================================================[0m
[1m[96mNBA ASSISTS PROPS A.I. MODEL[0m
[1m[96m================================================================================[0m

[96m==========================================================================================[0m
[96m🎯 GRADING PENDING PICKS[0m
[96m==========================================================================================[0m

[93m📋 Found 6 pending picks...[0m

[93m  ⚠ Could not find stats for Ja Morant on 2025-12-16[0m
[93m  ⚠ Could not find stats for De'Aaron Fox on 2025-12-17[0m
[93m  ⚠ Could not find stats for Tyler Herro on 2025-12-16[0m
[93m  ⚠ Could not find stats for James Harden on 2025-12-16[0m
[93m  ⚠ Could not find stats for Alperen Sengun on 2025-12-16[0m
[93m  ⚠ Could not find stats for Kris Dunn on 2025-12-16[0m

[93mNo picks ready for grading yet[0m

[96mFetching REAL NBA player assists statistics...[0m
[96m  Fetching season assists stats...[0m
[96m  Fetching recent form (last 10 games)...[0m
[92m✓ Fetched REAL assists stats for 499 players[0m

[96mFetching opponent assists factors...[0m
[92m✓ Fetched assists factors for 30 teams[0m

[96mFetching player assists prop odds...[0m
[96m  Found 12 upcoming games[0m
[96m  Game 1/10: Cleveland Cavaliers @ Chicago Bulls[0m
[96m  Game 2/10: Memphis Grizzlies @ Minnesota Timberwolves[0m
[96m  Game 3/10: Atlanta Hawks @ Charlotte Hornets[0m
[96m  Game 4/10: Miami Heat @ Brooklyn Nets[0m
[96m  Game 5/10: Houston Rockets @ New Orleans Pelicans[0m
[96m  Game 6/10: Los Angeles Clippers @ Oklahoma City Thunder[0m
[96m  Game 7/10: Toronto Raptors @ Milwaukee Bucks[0m
[96m  Game 8/10: Detroit Pistons @ Dallas Mavericks[0m
[96m  Game 9/10: Orlando Magic @ Denver Nuggets[0m
[96m  Game 10/10: Golden State Warriors @ Phoenix Suns[0m
[92m✓ Fetched 42 player assists props (grouped)[0m

[96mAnalyzing 42 player props with REAL stats...[0m
[92m✓ Found 0 top OVER plays (A.I. Score >= 9.5)[0m
[92m✓ Found 0 top UNDER plays (A.I. Score >= 9.5)[0m
[93m  Skipped 2 props (no player stats found)[0m
[93m  Skipped 80 props (score below 9.5 or failed checks)[0m

[96m==========================================================================================[0m
[96m📊 TRACKING NEW PICKS[0m
[96m==========================================================================================[0m
[96mNo new picks to track[0m

[1m[92m================================================================================[0m
[1m[92mTOP OVER PLAYS[0m
[1m[92m================================================================================[0m

[1m[91m================================================================================[0m
[1m[91mTOP UNDER PLAYS[0m
[1m[91m================================================================================[0m

[96mGenerating HTML report...[0m

[92m✓ HTML report saved: /Users/rico/sports-models/nba/nba_assists_props.html[0m

[1m[92m================================================================================[0m
[1m[92m✓ Model execution complete![0m
[1m[92m================================================================================[0m


==========================================
✅ Model completed successfully!
==========================================

📤 Pushing updates to GitHub...
No changes to commit
==========================================
NBA Assists Props Model Run: Thu Dec 18 07:00:05 EST 2025
==========================================
Running NBA Assists Props model...

[1m[96m================================================================================[0m
[1m[96mNBA ASSISTS PROPS A.I. MODEL[0m
[1m[96m================================================================================[0m

[96m==========================================================================================[0m
[96m🎯 GRADING PENDING PICKS[0m
[96m==========================================================================================[0m

[93m📋 Found 9 pending picks...[0m

[93m  ⚠ Could not find stats for De'Aaron Fox on 2025-12-16[0m
[93m  ⚠ Could not find stats for Tyler Herro on 2025-12-15[0m

[93mNo picks ready for grading yet[0m

[96mFetching REAL NBA player assists statistics...[0m
[96m  Fetching season assists stats...[0m
[96m  Fetching recent form (last 10 games)...[0m
[92m✓ Fetched REAL assists stats for 500 players[0m

[96mFetching opponent assists factors...[0m
[92m✓ Fetched assists factors for 30 teams[0m

[96mFetching player assists prop odds...[0m
[96m  Found 12 upcoming games[0m
[96m  Filtered to 12 upcoming games[0m
[96m  Game 1/10: Atlanta Hawks @ Charlotte Hornets[0m
[96m  Game 2/10: New York Knicks @ Indiana Pacers[0m
[96m  Game 3/10: Miami Heat @ Brooklyn Nets[0m
[96m  Game 4/10: Houston Rockets @ New Orleans Pelicans[0m
[96m  Game 5/10: Los Angeles Clippers @ Oklahoma City Thunder[0m
[96m  Game 6/10: Toronto Raptors @ Milwaukee Bucks[0m
[96m  Game 7/10: Washington Wizards @ San Antonio Spurs[0m
[96m  Game 8/10: Detroit Pistons @ Dallas Mavericks[0m
[96m  Game 9/10: Orlando Magic @ Denver Nuggets[0m
[96m  Game 10/10: Golden State Warriors @ Phoenix Suns[0m
[92m✓ Fetched 85 player assists props (grouped)[0m

[96mAnalyzing 85 player props with REAL stats...[0m
[92m✓ Found 3 top OVER plays (A.I. Score >= 7.5)[0m
[92m✓ Found 3 top UNDER plays (A.I. Score >= 7.5)[0m
[93m  Skipped 3 props (no player stats found)[0m
[93m  Skipped 158 props (score below 7.5 or failed checks)[0m

[96m==========================================================================================[0m
[96m📊 TRACKING NEW PICKS[0m
[96m==========================================================================================[0m
[93m✓ Updated odds for 3 existing picks[0m

[1m[92m================================================================================[0m
[1m[92mTOP OVER PLAYS[0m
[1m[92m================================================================================[0m
  [96m 1. Jalen Johnson            [0m | [92mOVER 7.5 AST   [0m | Atlanta Hawks             vs Charlotte Hornets         | [1mA.I.: 9.80[0m | Rating: 4.9 ⭐⭐
  [96m 2. Trey Murphy III          [0m | [92mOVER 2.5 AST   [0m | New Orleans Pelicans      vs Houston Rockets           | [1mA.I.: 7.85[0m | Rating: 4.3 ⭐⭐
  [96m 3. Dyson Daniels            [0m | [92mOVER 4.5 AST   [0m | Atlanta Hawks             vs Charlotte Hornets         | [1mA.I.: 10.00[0m | Rating: 3.9 ⭐

[1m[91m================================================================================[0m
[1m[91mTOP UNDER PLAYS[0m
[1m[91m================================================================================[0m
  [96m 1. Paolo Banchero           [0m | [91mUNDER 4.5 AST  [0m | Orlando Magic             vs Denver Nuggets            | [1mA.I.: 7.73[0m | Rating: 3.7 ⭐
  [96m 2. Desmond Bane             [0m | [91mUNDER 5.5 AST  [0m | Denver Nuggets            vs Orlando Magic             | [1mA.I.: 7.69[0m | Rating: 3.2 ⭐
  [96m 3. Brandon Miller           [0m | [91mUNDER 4.5 AST  [0m | Charlotte Hornets         vs Atlanta Hawks             | [1mA.I.: 9.22[0m | Rating: 3.0 ⭐

[96mGenerating HTML report...[0m

[92m✓ HTML report saved: /Users/rico/sports-models/nba/nba_assists_props.html[0m

[1m[92m================================================================================[0m
[1m[92m✓ Model execution complete![0m
[1m[92m================================================================================[0m


==========================================
✅ Model completed successfully!
==========================================

📤 Pushing updates to GitHub...
[main 28d369b] Update model outputs - 2025-12-18 07:00:15
 Committer: Ricardo Hill <rico@Ricos-M1-Mac-2.local>
Your name and email address were configured automatically based
on your username and hostname. Please check that they are accurate.
You can suppress this message by setting them explicitly. Run the
following command and follow the instructions in your editor to edit
your configuration file:

    git config --global --edit

After doing this, you may fix the identity used for this commit with:

    git commit --amend --reset-author

 2 files changed, 12 insertions(+), 12 deletions(-)
To https://github.com/BangLetsGetIt/NBA-NCAA-Betting-Models.git
   4f20b58..28d369b  main -> main
✅ Successfully pushed to GitHub!
==========================================
NBA Assists Props Model Run: Fri Dec 19 07:00:03 EST 2025
==========================================
Running NBA Assists Props model...

[1m[96m================================================================================[0m
[1m[96mNBA ASSISTS PROPS A.I. MODEL[0m
[1m[96m================================================================================[0m

[96m==========================================================================================[0m
[96m🎯 GRADING PENDING PICKS[0m
[96m==========================================================================================[0m

[93m📋 Found 9 pending picks...[0m

  Fetching team stats to verify completed games for 2025-12-16...
[93m  ⚠ Could not find stats for De'Aaron Fox on 2025-12-16[0m
  Fetching team stats to verify completed games for 2025-12-19...

[93mNo picks ready for grading yet[0m

[96mFetching REAL NBA player assists statistics...[0m
[96m  Fetching season assists stats...[0m
[96m  Fetching recent form (last 10 games)...[0m
[92m✓ Fetched REAL assists stats for 500 players[0m

[96mFetching opponent assists factors...[0m
[93m⚠ Could not fetch assists factors: HTTPSConnectionPool(host='stats.nba.com', port=443): Read timed out. (read timeout=30)[0m

[96mFetching player assists prop odds...[0m
[96m  Found 5 upcoming games[0m
[96m  Filtered to 5 upcoming games[0m
[96m  Game 1/5: Miami Heat @ Boston Celtics[0m
[96m  Game 2/5: Philadelphia 76ers @ New York Knicks[0m
[96m  Game 3/5: San Antonio Spurs @ Atlanta Hawks[0m
[96m  Game 4/5: Chicago Bulls @ Cleveland Cavaliers[0m
[96m  Game 5/5: Oklahoma City Thunder @ Minnesota Timberwolves[0m
[92m✓ Fetched 31 player assists props (grouped)[0m

[96mAnalyzing 31 player props with REAL stats...[0m
[92m✓ Found 4 top OVER plays (A.I. Score >= 7.5)[0m
[92m✓ Found 3 top UNDER plays (A.I. Score >= 7.5)[0m
[93m  Skipped 1 props (no player stats found)[0m
[93m  Skipped 53 props (score below 7.5 or failed checks)[0m

[96m==========================================================================================[0m
[96m📊 TRACKING NEW PICKS[0m
[96m==========================================================================================[0m
[93m✓ Updated odds for 3 existing picks[0m

[1m[92m================================================================================[0m
[1m[92mTOP OVER PLAYS[0m
[1m[92m================================================================================[0m
  [96m 1. Trae Young               [0m | [92mOVER 7.5 AST   [0m | Atlanta Hawks             vs San Antonio Spurs         | [1mA.I.: 9.30[0m | Rating: 4.9 ⭐⭐
  [96m 2. Tre Jones                [0m | [92mOVER 4.5 AST   [0m | Cleveland Cavaliers       vs Chicago Bulls             | [1mA.I.: 9.17[0m | Rating: 4.4 ⭐⭐
  [96m 3. Jalen Johnson            [0m | [92mOVER 7.5 AST   [0m | Atlanta Hawks             vs San Antonio Spurs         | [1mA.I.: 8.80[0m | Rating: 4.0 ⭐⭐
  [96m 4. Dyson Daniels            [0m | [92mOVER 4.5 AST   [0m | Atlanta Hawks             vs San Antonio Spurs         | [1mA.I.: 9.10[0m | Rating: 3.2 ⭐

[1m[91m================================================================================[0m
[1m[91mTOP UNDER PLAYS[0m
[1m[91m================================================================================[0m
  [96m 1. Tyler Herro              [0m | [91mUNDER 3.5 AST  [0m | Miami Heat                vs Boston Celtics            | [1mA.I.: 10.00[0m | Rating: 4.6 ⭐⭐
  [96m 2. Joel Embiid              [0m | [91mUNDER 3.5 AST  [0m | Philadelphia 76ers        vs New York Knicks           | [1mA.I.: 8.26[0m | Rating: 3.8 ⭐
  [96m 3. Darius Garland           [0m | [91mUNDER 7.5 AST  [0m | Cleveland Cavaliers       vs Chicago Bulls             | [1mA.I.: 7.52[0m | Rating: 3.0 ⭐

[96mGenerating HTML report...[0m

[92m✓ HTML report saved: /Users/rico/sports-models/nba/nba_assists_props.html[0m

[1m[92m================================================================================[0m
[1m[92m✓ Model execution complete![0m
[1m[92m================================================================================[0m


==========================================
✅ Model completed successfully!
==========================================

📤 Pushing updates to GitHub...
[main 91e8f4b] Update model outputs - 2025-12-19 07:00:38
 Committer: Ricardo Hill <rico@Ricos-M1-Mac-2.local>
Your name and email address were configured automatically based
on your username and hostname. Please check that they are accurate.
You can suppress this message by setting them explicitly. Run the
following command and follow the instructions in your editor to edit
your configuration file:

    git config --global --edit

After doing this, you may fix the identity used for this commit with:

    git commit --amend --reset-author

 2 files changed, 50 insertions(+), 87 deletions(-)
To https://github.com/BangLetsGetIt/NBA-NCAA-Betting-Models.git
   8c4667c..91e8f4b  main -> main
✅ Successfully pushed to GitHub!
==========================================
NBA Assists Props Model Run: Sat Dec 20 07:00:05 EST 2025
==========================================
Running NBA Assists Props model...

[1m[96m================================================================================[0m
[1m[96mNBA ASSISTS PROPS A.I. MODEL[0m
[1m[96m================================================================================[0m

[96m==========================================================================================[0m
[96m🎯 GRADING PENDING PICKS[0m
[96m==========================================================================================[0m

[93m📋 Found 4 pending picks...[0m

  Fetching team stats to verify completed games for 2025-12-16...
[93m  ⚠ Could not find stats for De'Aaron Fox on 2025-12-16[0m
  Fetching team stats to verify completed games for 2025-12-20...

[93mNo picks ready for grading yet[0m

[96mFetching REAL NBA player assists statistics...[0m
[96m  Fetching season assists stats...[0m
[96m  Fetching recent form (last 10 games)...[0m
[92m✓ Fetched REAL assists stats for 501 players[0m

[96mFetching opponent assists factors...[0m
[92m✓ Fetched assists factors for 30 teams[0m

[96mFetching player assists prop odds...[0m
[96m  Found 10 upcoming games[0m
[96m  Filtered to 10 upcoming games[0m
[96m  Game 1/10: Houston Rockets @ Denver Nuggets[0m
[96m  Game 2/10: Boston Celtics @ Toronto Raptors[0m
[96m  Game 3/10: Dallas Mavericks @ Philadelphia 76ers[0m
[96m  Game 4/10: Indiana Pacers @ New Orleans Pelicans[0m
[96m  Game 5/10: Charlotte Hornets @ Detroit Pistons[0m
[96m  Game 6/10: Washington Wizards @ Memphis Grizzlies[0m
[96m  Game 7/10: Phoenix Suns @ Golden State Warriors[0m
[96m  Game 8/10: Orlando Magic @ Utah Jazz[0m
[96m  Game 9/10: Portland Trail Blazers @ Sacramento Kings[0m
[96m  Game 10/10: Los Angeles Lakers @ Los Angeles Clippers[0m
[92m✓ Fetched 70 player assists props (grouped)[0m

[96mAnalyzing 70 player props with REAL stats...[0m
[92m✓ Found 0 top OVER plays (A.I. Score >= 10.0)[0m
[92m✓ Found 0 top UNDER plays (A.I. Score >= 10.0)[0m
[93m  Skipped 3 props (no player stats found)[0m
[93m  Skipped 134 props (score below 10.0 or failed checks)[0m

[96m==========================================================================================[0m
[96m📊 TRACKING NEW PICKS[0m
[96m==========================================================================================[0m
[96mNo new picks to track[0m

[1m[92m================================================================================[0m
[1m[92mTOP OVER PLAYS[0m
[1m[92m================================================================================[0m

[1m[91m================================================================================[0m
[1m[91mTOP UNDER PLAYS[0m
[1m[91m================================================================================[0m

[96mGenerating HTML report...[0m

[92m✓ HTML report saved: /Users/rico/sports-models/nba/nba_assists_props.html[0m

[1m[92m================================================================================[0m
[1m[92m✓ Model execution complete![0m
[1m[92m================================================================================[0m


==========================================
✅ Model completed successfully!
==========================================

📤 Pushing updates to GitHub...
No changes to commit
==========================================
NBA Assists Props Model Run: Sun Dec 21 07:10:29 EST 2025
==========================================
Running NBA Assists Props model...

[1m[96m================================================================================[0m
[1m[96mNBA ASSISTS PROPS A.I. MODEL[0m
[1m[96m================================================================================[0m

[96m==========================================================================================[0m
[96m🎯 GRADING PENDING PICKS[0m
[96m==========================================================================================[0m

[93m📋 Found 3 pending picks...[0m

  Fetching team stats to verify completed games for 2025-12-16...
[93m  ⚠ Could not find stats for De'Aaron Fox on 2025-12-16[0m
  Fetching team stats to verify completed games for 2025-12-21...

[93mNo picks ready for grading yet[0m

[96mFetching REAL NBA player assists statistics...[0m
[96m  Fetching season assists stats...[0m
[96m  Fetching recent form (last 10 games)...[0m
[92m✓ Fetched REAL assists stats for 501 players[0m

[96mFetching opponent assists factors...[0m
[92m✓ Fetched assists factors for 30 teams[0m

[96mFetching player assists prop odds...[0m
[96m  Found 11 upcoming games[0m
[96m  Filtered to 11 upcoming games[0m
[96m  Game 1/10: Chicago Bulls @ Atlanta Hawks[0m
[96m  Game 2/10: Toronto Raptors @ Brooklyn Nets[0m
[96m  Game 3/10: Miami Heat @ New York Knicks[0m
[96m  Game 4/10: Milwaukee Bucks @ Minnesota Timberwolves[0m
[96m  Game 5/10: San Antonio Spurs @ Washington Wizards[0m
[96m  Game 6/10: Houston Rockets @ Sacramento Kings[0m
[96m  Game 7/10: Cleveland Cavaliers @ New York Knicks[0m
[96m  Game 8/10: San Antonio Spurs @ Oklahoma City Thunder[0m
[96m  Game 9/10: Dallas Mavericks @ Golden State Warriors[0m
[96m  Game 10/10: Houston Rockets @ Los Angeles Lakers[0m
[92m✓ Fetched 50 player assists props (grouped)[0m

[96mAnalyzing 50 player props with REAL stats...[0m
[92m✓ Found 1 top OVER plays (A.I. Score >= 10.0)[0m
[92m✓ Found 0 top UNDER plays (A.I. Score >= 10.0)[0m
[93m  Skipped 2 props (no player stats found)[0m
[93m  Skipped 95 props (score below 10.0 or failed checks)[0m

[96m==========================================================================================[0m
[96m📊 TRACKING NEW PICKS[0m
[96m==========================================================================================[0m
[93m✓ Updated odds for 1 existing picks[0m

[1m[92m================================================================================[0m
[1m[92mTOP OVER PLAYS[0m
[1m[92m================================================================================[0m
  [96m 1. Coby White               [0m | [92mOVER 3.5 AST   [0m | Chicago Bulls             vs Atlanta Hawks             | [1mA.I.: 10.00[0m | Rating: 3.9 ⭐

[1m[91m================================================================================[0m
[1m[91mTOP UNDER PLAYS[0m
[1m[91m================================================================================[0m

[96mGenerating HTML report...[0m

[92m✓ HTML report saved: /Users/rico/sports-models/nba/nba_assists_props.html[0m

[1m[92m================================================================================[0m
[1m[92m✓ Model execution complete![0m
[1m[92m================================================================================[0m


==========================================
✅ Model completed successfully!
==========================================

📤 Pushing updates to GitHub...
[main 2f3b39c] Update model outputs - 2025-12-21 07:10:38
 Committer: Ricardo Hill <rico@Ricos-M1-Mac-2.local>
Your name and email address were configured automatically based
on your username and hostname. Please check that they are accurate.
You can suppress this message by setting them explicitly. Run the
following command and follow the instructions in your editor to edit
your configuration file:

    git config --global --edit

After doing this, you may fix the identity used for this commit with:

    git commit --amend --reset-author

 2 files changed, 4 insertions(+), 51 deletions(-)
To https://github.com/BangLetsGetIt/NBA-NCAA-Betting-Models.git
   0481831..2f3b39c  main -> main
✅ Successfully pushed to GitHub!
==========================================
NBA Assists Props Model Run: Mon Dec 22 07:00:03 EST 2025
==========================================
Running NBA Assists Props model...

[1m[96m================================================================================[0m
[1m[96mNBA ASSISTS PROPS A.I. MODEL[0m
[1m[96m================================================================================[0m

[96m==========================================================================================[0m
[96m🎯 GRADING PENDING PICKS[0m
[96m==========================================================================================[0m

[93m📋 Found 2 pending picks...[0m

  Fetching team stats to verify completed games for 2025-12-16...
[93m  ⚠ Could not find stats for De'Aaron Fox on 2025-12-16[0m
  Fetching team stats to verify completed games for 2025-12-22...

[93mNo picks ready for grading yet[0m

[96mFetching REAL NBA player assists statistics...[0m
[96m  Fetching season assists stats...[0m
[96m  Fetching recent form (last 10 games)...[0m
[92m✓ Fetched REAL assists stats for 501 players[0m

[96mFetching opponent assists factors...[0m
[92m✓ Fetched assists factors for 30 teams[0m

[96mFetching player assists prop odds...[0m
[96m  Found 12 upcoming games[0m
[96m  Filtered to 12 upcoming games[0m
[96m  Game 1/10: Charlotte Hornets @ Cleveland Cavaliers[0m
[96m  Game 2/10: Indiana Pacers @ Boston Celtics[0m
[96m  Game 3/10: Dallas Mavericks @ New Orleans Pelicans[0m
[96m  Game 4/10: Utah Jazz @ Denver Nuggets[0m
[96m  Game 5/10: Memphis Grizzlies @ Oklahoma City Thunder[0m
[96m  Game 6/10: Detroit Pistons @ Portland Trail Blazers[0m
[96m  Game 7/10: Orlando Magic @ Golden State Warriors[0m
[96m  Game 8/10: Cleveland Cavaliers @ New York Knicks[0m
[96m  Game 9/10: San Antonio Spurs @ Oklahoma City Thunder[0m
[96m  Game 10/10: Dallas Mavericks @ Golden State Warriors[0m
[92m✓ Fetched 54 player assists props (grouped)[0m

[96mAnalyzing 54 player props with REAL stats...[0m
[92m✓ Found 0 top OVER plays (A.I. Score >= 10.0)[0m
[92m✓ Found 1 top UNDER plays (A.I. Score >= 10.0)[0m
[93m  Skipped 2 props (no player stats found)[0m
[93m  Skipped 103 props (score below 10.0 or failed checks)[0m

[96m==========================================================================================[0m
[96m📊 TRACKING NEW PICKS[0m
[96m==========================================================================================[0m
[96mNo new picks to track[0m

[1m[92m================================================================================[0m
[1m[92mTOP OVER PLAYS[0m
[1m[92m================================================================================[0m

[1m[91m================================================================================[0m
[1m[91mTOP UNDER PLAYS[0m
[1m[91m================================================================================[0m
  [96m 1. Shaedon Sharpe           [0m | [91mUNDER 3.5 AST  [0m | Portland Trail Blazers    vs Detroit Pistons           | [1mA.I.: 10.00[0m | Rating: 3.6 ⭐

[96mGenerating HTML report...[0m

[92m✓ HTML report saved: /Users/rico/sports-models/nba/nba_assists_props.html[0m

[1m[92m================================================================================[0m
[1m[92m✓ Model execution complete![0m
[1m[92m================================================================================[0m


==========================================
✅ Model completed successfully!
==========================================

📤 Pushing updates to GitHub...
No changes to commit
==========================================
NBA Assists Props Model Run: Tue Dec 23 07:00:05 EST 2025
==========================================
Running NBA Assists Props model...

[1m[96m================================================================================[0m
[1m[96mNBA ASSISTS PROPS A.I. MODEL[0m
[1m[96m================================================================================[0m

[96m==========================================================================================[0m
[96m🎯 GRADING PENDING PICKS[0m
[96m==========================================================================================[0m

[93m📋 Found 5 pending picks...[0m

  Fetching team stats to verify completed games for 2025-12-16...
[93m  ⚠ Could not find stats for De'Aaron Fox on 2025-12-16[0m
  Fetching team stats to verify completed games for 2025-12-23...

[93mNo picks ready for grading yet[0m

[96mFetching REAL NBA player assists statistics...[0m
[96m  Fetching season assists stats...[0m
[96m  Fetching recent form (last 10 games)...[0m
[92m✓ Fetched REAL assists stats for 502 players[0m

[96mFetching opponent assists factors...[0m
[92m✓ Fetched assists factors for 30 teams[0m

[96mFetching player assists prop odds...[0m
[96m  Found 19 upcoming games[0m
[96m  Filtered to 19 upcoming games[0m
[96m  Game 1/10: Brooklyn Nets @ Philadelphia 76ers[0m
[96m  Game 2/10: Washington Wizards @ Charlotte Hornets[0m
[96m  Game 3/10: Chicago Bulls @ Atlanta Hawks[0m
[96m  Game 4/10: New Orleans Pelicans @ Cleveland Cavaliers[0m
[96m  Game 5/10: Milwaukee Bucks @ Indiana Pacers[0m
[96m  Game 6/10: Toronto Raptors @ Miami Heat[0m
[96m  Game 7/10: Denver Nuggets @ Dallas Mavericks[0m
[96m  Game 8/10: New York Knicks @ Minnesota Timberwolves[0m
[96m  Game 9/10: Oklahoma City Thunder @ San Antonio Spurs[0m
[96m  Game 10/10: Los Angeles Lakers @ Phoenix Suns[0m
[92m✓ Fetched 80 player assists props (grouped)[0m

[96mAnalyzing 80 player props with REAL stats...[0m
[92m✓ Found 1 top OVER plays (A.I. Score >= 10.0)[0m
[92m✓ Found 2 top UNDER plays (A.I. Score >= 10.0)[0m
[93m  Skipped 3 props (no player stats found)[0m
[93m  Skipped 151 props (score below 10.0 or failed checks)[0m

[96m==========================================================================================[0m
[96m📊 TRACKING NEW PICKS[0m
[96m==========================================================================================[0m
[93m✓ Updated odds for 1 existing picks[0m

[1m[92m================================================================================[0m
[1m[92mTOP OVER PLAYS[0m
[1m[92m================================================================================[0m
  [96m 1. Coby White               [0m | [92mOVER 3.5 AST   [0m | Chicago Bulls             vs Atlanta Hawks             | [1mA.I.: 10.00[0m | Rating: 3.9 ⭐

[1m[91m================================================================================[0m
[1m[91mTOP UNDER PLAYS[0m
[1m[91m================================================================================[0m
  [96m 1. Josh Hart                [0m | [91mUNDER 6.5 AST  [0m | New York Knicks           vs Minnesota Timberwolves    | [1mA.I.: 10.00[0m | Rating: 4.9 ⭐⭐
  [96m 2. LeBron James             [0m | [91mUNDER 8.5 AST  [0m | Los Angeles Lakers        vs Phoenix Suns              | [1mA.I.: 10.00[0m | Rating: 4.6 ⭐⭐

[96mGenerating HTML report...[0m

[92m✓ HTML report saved: /Users/rico/sports-models/nba/nba_assists_props.html[0m

[1m[92m================================================================================[0m
[1m[92m✓ Model execution complete![0m
[1m[92m================================================================================[0m


==========================================
✅ Model completed successfully!
==========================================

📤 Pushing updates to GitHub...
[main f60a7b4] Update model outputs - 2025-12-23 07:00:27
 Committer: Ricardo Hill <rico@Ricos-M1-Mac-2.local>
Your name and email address were configured automatically based
on your username and hostname. Please check that they are accurate.
You can suppress this message by setting them explicitly. Run the
following command and follow the instructions in your editor to edit
your configuration file:

    git config --global --edit

After doing this, you may fix the identity used for this commit with:

    git commit --amend --reset-author

 2 files changed, 9 insertions(+), 4 deletions(-)
To https://github.com/BangLetsGetIt/NBA-NCAA-Betting-Models.git
   7135759..f60a7b4  main -> main
✅ Successfully pushed to GitHub!
==========================================
NBA Assists Props Model Run: Wed Dec 24 07:00:04 EST 2025
==========================================
Running NBA Assists Props model...

[1m[96m================================================================================[0m
[1m[96mNBA ASSISTS PROPS A.I. MODEL[0m
[1m[96m================================================================================[0m

[96m==========================================================================================[0m
[96m🎯 GRADING PENDING PICKS[0m
[96m==========================================================================================[0m

[93m📋 Found 2 pending picks...[0m

  Fetching team stats to verify completed games for 2025-12-16...
[93m  ⚠ Could not find stats for De'Aaron Fox on 2025-12-16[0m
  Fetching team stats to verify completed games for 2025-12-25...

[93mNo picks ready for grading yet[0m

[96mFetching REAL NBA player assists statistics...[0m
[92m✓ Using cached player assists stats (less than 6 hours old)[0m

[96mFetching opponent assists factors...[0m
[92m✓ Using cached assists factors[0m

[96mFetching player assists prop odds...[0m
[96m  Found 5 upcoming games[0m
[96m  Filtered to 5 upcoming games[0m
[96m  Game 1/5: Cleveland Cavaliers @ New York Knicks[0m
[96m  Game 2/5: San Antonio Spurs @ Oklahoma City Thunder[0m
[96m  Game 3/5: Dallas Mavericks @ Golden State Warriors[0m
[96m  Game 4/5: Houston Rockets @ Los Angeles Lakers[0m
[96m  Game 5/5: Minnesota Timberwolves @ Denver Nuggets[0m
[92m✓ Fetched 0 player assists props (grouped)[0m

[96mAnalyzing 0 player props with REAL stats...[0m
[92m✓ Found 0 top OVER plays (A.I. Score >= 10.0)[0m
[92m✓ Found 0 top UNDER plays (A.I. Score >= 10.0)[0m

[96m==========================================================================================[0m
[96m📊 TRACKING NEW PICKS[0m
[96m==========================================================================================[0m
[96mNo new picks to track[0m

[1m[92m================================================================================[0m
[1m[92mTOP OVER PLAYS[0m
[1m[92m================================================================================[0m

[1m[91m================================================================================[0m
[1m[91mTOP UNDER PLAYS[0m
[1m[91m================================================================================[0m

[96mGenerating HTML report...[0m

[92m✓ HTML report saved: /Users/rico/sports-models/nba/nba_assists_props.html[0m

[1m[92m================================================================================[0m
[1m[92m✓ Model execution complete![0m
[1m[92m================================================================================[0m


==========================================
✅ Model completed successfully!
==========================================

📤 Pushing updates to GitHub...
No changes to commit
==========================================
NBA Assists Props Model Run: Thu Dec 25 07:00:04 EST 2025
==========================================
Running NBA Assists Props model...

[1m[96m================================================================================[0m
[1m[96mNBA ASSISTS PROPS A.I. MODEL[0m
[1m[96m================================================================================[0m

[96m==========================================================================================[0m
[96m🎯 GRADING PENDING PICKS[0m
[96m==========================================================================================[0m

[93m📋 Found 2 pending picks...[0m

  Fetching team stats to verify completed games for 2025-12-16...
[93m  ⚠ Could not find stats for De'Aaron Fox on 2025-12-16[0m
  Fetching team stats to verify completed games for 2025-12-25...

[93mNo picks ready for grading yet[0m

[96mFetching REAL NBA player assists statistics...[0m
[92m✓ Using cached player assists stats (less than 6 hours old)[0m

[96mFetching opponent assists factors...[0m
[92m✓ Using cached assists factors[0m

[96mFetching player assists prop odds...[0m
[96m  Found 5 upcoming games[0m
[96m  Filtered to 5 upcoming games[0m
[96m  Game 1/5: Cleveland Cavaliers @ New York Knicks[0m
[96m  Game 2/5: San Antonio Spurs @ Oklahoma City Thunder[0m
[96m  Game 3/5: Dallas Mavericks @ Golden State Warriors[0m
[96m  Game 4/5: Houston Rockets @ Los Angeles Lakers[0m
[96m  Game 5/5: Minnesota Timberwolves @ Denver Nuggets[0m
[92m✓ Fetched 0 player assists props (grouped)[0m

[96mAnalyzing 0 player props with REAL stats...[0m
[92m✓ Found 0 top OVER plays (A.I. Score >= 10.0)[0m
[92m✓ Found 0 top UNDER plays (A.I. Score >= 10.0)[0m

[96m==========================================================================================[0m
[96m📊 TRACKING NEW PICKS[0m
[96m==========================================================================================[0m
[96mNo new picks to track[0m

[1m[92m================================================================================[0m
[1m[92mTOP OVER PLAYS[0m
[1m[92m================================================================================[0m

[1m[91m================================================================================[0m
[1m[91mTOP UNDER PLAYS[0m
[1m[91m================================================================================[0m

[96mGenerating HTML report...[0m

[92m✓ HTML report saved: /Users/rico/sports-models/nba/nba_assists_props.html[0m

[1m[92m================================================================================[0m
[1m[92m✓ Model execution complete![0m
[1m[92m================================================================================[0m


==========================================
✅ Model completed successfully!
==========================================

📤 Pushing updates to GitHub...
[main 72b2bcf] Update model outputs - 2025-12-25 07:00:06
 Committer: Ricardo Hill <rico@Ricos-M1-Mac-2.local>
Your name and email address were configured automatically based
on your username and hostname. Please check that they are accurate.
You can suppress this message by setting them explicitly. Run the
following command and follow the instructions in your editor to edit
your configuration file:

    git config --global --edit

After doing this, you may fix the identity used for this commit with:

    git commit --amend --reset-author

 1 file changed, 1 insertion(+), 1 deletion(-)
To https://github.com/BangLetsGetIt/NBA-NCAA-Betting-Models.git
   aee562e..72b2bcf  main -> main
✅ Successfully pushed to GitHub!
==========================================
NBA Assists Props Model Run: Fri Dec 26 07:00:05 EST 2025
==========================================
Running NBA Assists Props model...

[1m[96m================================================================================[0m
[1m[96mNBA ASSISTS PROPS A.I. MODEL[0m
[1m[96m================================================================================[0m

[96m==========================================================================================[0m
[96m🎯 GRADING PENDING PICKS[0m
[96m==========================================================================================[0m

[93m📋 Found 5 pending picks...[0m

  Fetching team stats to verify completed games for 2025-12-16...
[93m  ⚠ Could not find stats for De'Aaron Fox on 2025-12-16[0m
  Fetching team stats to verify completed games for 2025-12-26...

[93mNo picks ready for grading yet[0m

[96mFetching REAL NBA player assists statistics...[0m
[92m✓ Using cached player assists stats (less than 6 hours old)[0m

[96mFetching opponent assists factors...[0m
[92m✓ Using cached assists factors[0m

[96mFetching player assists prop odds...[0m
[96m  Found 9 upcoming games[0m
[96m  Filtered to 9 upcoming games[0m
[96m  Game 1/9: Miami Heat @ Atlanta Hawks[0m
[96m  Game 2/9: Boston Celtics @ Indiana Pacers[0m
[96m  Game 3/9: Charlotte Hornets @ Orlando Magic[0m
[96m  Game 4/9: Toronto Raptors @ Washington Wizards[0m
[96m  Game 5/9: Philadelphia 76ers @ Chicago Bulls[0m
[96m  Game 6/9: Phoenix Suns @ New Orleans Pelicans[0m
[96m  Game 7/9: Milwaukee Bucks @ Memphis Grizzlies[0m
[96m  Game 8/9: Detroit Pistons @ Utah Jazz[0m
[96m  Game 9/9: Los Angeles Clippers @ Portland Trail Blazers[0m
[92m✓ Fetched 67 player assists props (grouped)[0m

[96mAnalyzing 67 player props with REAL stats...[0m
[92m✓ Found 4 top OVER plays (A.I. Score >= 10.0)[0m
[92m✓ Found 0 top UNDER plays (A.I. Score >= 10.0)[0m
[93m  Skipped 3 props (no player stats found)[0m
[93m  Skipped 124 props (score below 10.0 or failed checks)[0m

[96m==========================================================================================[0m
[96m📊 TRACKING NEW PICKS[0m
[96m==========================================================================================[0m
[93m✓ Updated odds for 2 existing picks[0m

[1m[92m================================================================================[0m
[1m[92mTOP OVER PLAYS[0m
[1m[92m================================================================================[0m
  [96m 1. LaMelo Ball              [0m | [92mOVER 7.5 AST   [0m | Charlotte Hornets         vs Orlando Magic             | [1mA.I.: 10.00[0m | Rating: 4.9 ⭐⭐
  [96m 2. Dyson Daniels            [0m | [92mOVER 3.5 AST   [0m | Atlanta Hawks             vs Miami Heat                | [1mA.I.: 10.00[0m | Rating: 3.9 ⭐
  [96m 3. Ryan Rollins             [0m | [92mOVER 3.5 AST   [0m | Memphis Grizzlies         vs Milwaukee Bucks           | [1mA.I.: 10.00[0m | Rating: 3.9 ⭐
  [96m 4. Jalen Johnson            [0m | [92mOVER 6.5 AST   [0m | Atlanta Hawks             vs Miami Heat                | [1mA.I.: 10.00[0m | Rating: 3.2 ⭐

[1m[91m================================================================================[0m
[1m[91mTOP UNDER PLAYS[0m
[1m[91m================================================================================[0m

[96mGenerating HTML report...[0m

[92m✓ HTML report saved: /Users/rico/sports-models/nba/nba_assists_props.html[0m

[1m[92m================================================================================[0m
[1m[92m✓ Model execution complete![0m
[1m[92m================================================================================[0m


==========================================
✅ Model completed successfully!
==========================================

📤 Pushing updates to GitHub...
[main cb0e8d5] Update model outputs - 2025-12-26 07:00:12
 Committer: Ricardo Hill <rico@Ricos-M1-Mac-2.local>
Your name and email address were configured automatically based
on your username and hostname. Please check that they are accurate.
You can suppress this message by setting them explicitly. Run the
following command and follow the instructions in your editor to edit
your configuration file:

    git config --global --edit

After doing this, you may fix the identity used for this commit with:

    git commit --amend --reset-author

 2 files changed, 12 insertions(+), 10 deletions(-)
To https://github.com/BangLetsGetIt/NBA-NCAA-Betting-Models.git
   acc9b5a..cb0e8d5  main -> main
✅ Successfully pushed to GitHub!
==========================================
NBA Assists Props Model Run: Sat Dec 27 07:00:05 EST 2025
==========================================
Running NBA Assists Props model...

[1m[96m================================================================================[0m
[1m[96mNBA ASSISTS PROPS A.I. MODEL[0m
[1m[96m================================================================================[0m

[96m==========================================================================================[0m
[96m🎯 GRADING PENDING PICKS[0m
[96m==========================================================================================[0m

[93m📋 Found 5 pending picks...[0m

  Fetching team stats to verify completed games for 2025-12-16...
[96m  Fetching batch stats for 12/16/2025...[0m
  Fetching team stats to verify completed games for 2025-12-27...

[93mNo picks ready for grading yet[0m

[96mFetching REAL NBA player assists statistics...[0m
[92m✓ Using cached player assists stats (less than 6 hours old)[0m

[96mFetching opponent assists factors...[0m
[92m✓ Using cached assists factors[0m

[96mFetching player assists prop odds...[0m
[96m  Found 9 upcoming games[0m
[96m  Filtered to 9 upcoming games[0m
[96m  Game 1/9: Dallas Mavericks @ Sacramento Kings[0m
[96m  Game 2/9: Denver Nuggets @ Orlando Magic[0m
[96m  Game 3/9: Phoenix Suns @ New Orleans Pelicans[0m
[96m  Game 4/9: New York Knicks @ Atlanta Hawks[0m
[96m  Game 5/9: Brooklyn Nets @ Minnesota Timberwolves[0m
[96m  Game 6/9: Milwaukee Bucks @ Chicago Bulls[0m
[96m  Game 7/9: Cleveland Cavaliers @ Houston Rockets[0m
[96m  Game 8/9: Indiana Pacers @ Miami Heat[0m
[96m  Game 9/9: Utah Jazz @ San Antonio Spurs[0m
[92m✓ Fetched 69 player assists props (grouped)[0m

[96mAnalyzing 69 player props with REAL stats...[0m
[92m✓ Found 1 top OVER plays (A.I. Score >= 10.0)[0m
[92m✓ Found 1 top UNDER plays (A.I. Score >= 10.0)[0m
[93m  Skipped 4 props (no player stats found)[0m
[93m  Skipped 128 props (score below 10.0 or failed checks)[0m

[96m==========================================================================================[0m
[96m📊 TRACKING NEW PICKS[0m
[96m==========================================================================================[0m
[93m✓ Updated odds for 1 existing picks[0m

[1m[92m================================================================================[0m
[1m[92mTOP OVER PLAYS[0m
[1m[92m================================================================================[0m
  [96m 1. Tre Jones                [0m | [92mOVER 3.5 AST   [0m | Chicago Bulls             vs Milwaukee Bucks           | [1mA.I.: 10.00[0m | Rating: 3.6 ⭐

[1m[91m================================================================================[0m
[1m[91mTOP UNDER PLAYS[0m
[1m[91m================================================================================[0m
  [96m 1. Kyle Kuzma               [0m | [91mUNDER 3.5 AST  [0m | Chicago Bulls             vs Milwaukee Bucks           | [1mA.I.: 10.00[0m | Rating: 4.4 ⭐⭐

[96mGenerating HTML report...[0m

[92m✓ HTML report saved: /Users/rico/sports-models/nba/nba_assists_props.html[0m

[1m[92m================================================================================[0m
[1m[92m✓ Model execution complete![0m
[1m[92m================================================================================[0m


==========================================
✅ Model completed successfully!
==========================================

📤 Pushing updates to GitHub...
[main 17d57aa] Update model outputs - 2025-12-27 07:00:12
 Committer: Ricardo Hill <rico@Ricos-M1-Mac-2.local>
Your name and email address were configured automatically based
on your username and hostname. Please check that they are accurate.
You can suppress this message by setting them explicitly. Run the
following command and follow the instructions in your editor to edit
your configuration file:

    git config --global --edit

After doing this, you may fix the identity used for this commit with:

    git commit --amend --reset-author

 2 files changed, 6 insertions(+), 101 deletions(-)
To https://github.com/BangLetsGetIt/NBA-NCAA-Betting-Models.git
   da676ab..17d57aa  main -> main
✅ Successfully pushed to GitHub!
==========================================
NBA Assists Props Model Run: Sun Dec 28 07:00:04 EST 2025
==========================================
Running NBA Assists Props model...

[1m[96m================================================================================[0m
[1m[96mNBA ASSISTS PROPS A.I. MODEL[0m
[1m[96m================================================================================[0m

[96m==========================================================================================[0m
[96m🎯 GRADING PENDING PICKS[0m
[96m==========================================================================================[0m

[93m📋 Found 2 pending picks...[0m

  Fetching team stats to verify completed games for 2025-12-16...
[96m  Fetching batch stats for 12/16/2025...[0m
  Fetching team stats to verify completed games for 2025-12-28...

[93mNo picks ready for grading yet[0m

[96mFetching REAL NBA player assists statistics...[0m
[92m✓ Using cached player assists stats (less than 6 hours old)[0m

[96mFetching opponent assists factors...[0m
[92m✓ Using cached assists factors[0m

[96mFetching player assists prop odds...[0m
[96m  Found 8 upcoming games[0m
[96m  Filtered to 8 upcoming games[0m
[96m  Game 1/8: Golden State Warriors @ Toronto Raptors[0m
[96m  Game 2/8: Philadelphia 76ers @ Oklahoma City Thunder[0m
[96m  Game 3/8: Boston Celtics @ Portland Trail Blazers[0m
[96m  Game 4/8: Memphis Grizzlies @ Washington Wizards[0m
[96m  Game 5/8: Detroit Pistons @ Los Angeles Clippers[0m
[96m  Game 6/8: Sacramento Kings @ Los Angeles Lakers[0m
[96m  Game 7/8: Cleveland Cavaliers @ San Antonio Spurs[0m
[96m  Game 8/8: New York Knicks @ New Orleans Pelicans[0m
[92m✓ Fetched 45 player assists props (grouped)[0m

[96mAnalyzing 45 player props with REAL stats...[0m
[92m✓ Found 1 top OVER plays (A.I. Score >= 10.0)[0m
[92m✓ Found 0 top UNDER plays (A.I. Score >= 10.0)[0m
[93m  Skipped 1 props (no player stats found)[0m
[93m  Skipped 87 props (score below 10.0 or failed checks)[0m

[96m==========================================================================================[0m
[96m📊 TRACKING NEW PICKS[0m
[96m==========================================================================================[0m
[96mNo new picks to track[0m

[1m[92m================================================================================[0m
[1m[92mTOP OVER PLAYS[0m
[1m[92m================================================================================[0m
  [96m 1. Ja Morant                [0m | [92mOVER 6.5 AST   [0m | Memphis Grizzlies         vs Washington Wizards        | [1mA.I.: 10.00[0m | Rating: 4.1 ⭐⭐

[1m[91m================================================================================[0m
[1m[91mTOP UNDER PLAYS[0m
[1m[91m================================================================================[0m

[96mGenerating HTML report...[0m

[92m✓ HTML report saved: /Users/rico/sports-models/nba/nba_assists_props.html[0m

[1m[92m================================================================================[0m
[1m[92m✓ Model execution complete![0m
[1m[92m================================================================================[0m


==========================================
✅ Model completed successfully!
==========================================

📤 Pushing updates to GitHub...
No changes to commit
==========================================
NBA Assists Props Model Run: Mon Dec 29 07:00:02 EST 2025
==========================================
Running NBA Assists Props model...

[1m[96m================================================================================[0m
[1m[96mNBA ASSISTS PROPS A.I. MODEL[0m
[1m[96m================================================================================[0m

[96m==========================================================================================[0m
[96m🎯 GRADING PENDING PICKS[0m
[96m==========================================================================================[0m

[93m📋 Found 4 pending picks...[0m

  Fetching team stats to verify completed games for 2025-12-16...
[96m  Fetching batch stats for 12/16/2025...[0m
  Fetching team stats to verify completed games for 2025-12-29...

[93mNo picks ready for grading yet[0m

[96mFetching REAL NBA player assists statistics...[0m
[92m✓ Using cached player assists stats (less than 6 hours old)[0m

[96mFetching opponent assists factors...[0m
[92m✓ Using cached assists factors[0m

[96mFetching player assists prop odds...[0m
[96m  Found 11 upcoming games[0m
[96m  Filtered to 11 upcoming games[0m
[96m  Game 1/10: Milwaukee Bucks @ Charlotte Hornets[0m
[96m  Game 2/10: Phoenix Suns @ Washington Wizards[0m
[96m  Game 3/10: Golden State Warriors @ Brooklyn Nets[0m
[96m  Game 4/10: Denver Nuggets @ Miami Heat[0m
[96m  Game 5/10: Orlando Magic @ Toronto Raptors[0m
[96m  Game 6/10: Atlanta Hawks @ Oklahoma City Thunder[0m
[96m  Game 7/10: Minnesota Timberwolves @ Chicago Bulls[0m
[96m  Game 8/10: Cleveland Cavaliers @ San Antonio Spurs[0m
[96m  Game 9/10: Indiana Pacers @ Houston Rockets[0m
[96m  Game 10/10: New York Knicks @ New Orleans Pelicans[0m
[92m✓ Fetched 85 player assists props (grouped)[0m

[96mAnalyzing 85 player props with REAL stats...[0m
[92m✓ Found 2 top OVER plays (A.I. Score >= 10.0)[0m
[92m✓ Found 0 top UNDER plays (A.I. Score >= 10.0)[0m
[93m  Skipped 3 props (no player stats found)[0m
[93m  Skipped 162 props (score below 10.0 or failed checks)[0m

[96m==========================================================================================[0m
[96m📊 TRACKING NEW PICKS[0m
[96m==========================================================================================[0m
[93m✓ Updated odds for 2 existing picks[0m

[1m[92m================================================================================[0m
[1m[92mTOP OVER PLAYS[0m
[1m[92m================================================================================[0m
  [96m 1. Ryan Rollins             [0m | [92mOVER 4.5 AST   [0m | Milwaukee Bucks           vs Charlotte Hornets         | [1mA.I.: 10.00[0m | Rating: 4.9 ⭐⭐
  [96m 2. Tre Jones                [0m | [92mOVER 3.5 AST   [0m | Chicago Bulls             vs Minnesota Timberwolves    | [1mA.I.: 10.00[0m | Rating: 2.9 

[1m[91m================================================================================[0m
[1m[91mTOP UNDER PLAYS[0m
[1m[91m================================================================================[0m

[96mGenerating HTML report...[0m

[92m✓ HTML report saved: /Users/rico/sports-models/nba/nba_assists_props.html[0m

[1m[92m================================================================================[0m
[1m[92m✓ Model execution complete![0m
[1m[92m================================================================================[0m


==========================================
✅ Model completed successfully!
==========================================

📤 Pushing updates to GitHub...
[main 844b507] Update model outputs - 2025-12-29 07:00:12
 Committer: Ricardo Hill <rico@Ricos-M1-Mac-2.local>
Your name and email address were configured automatically based
on your username and hostname. Please check that they are accurate.
You can suppress this message by setting them explicitly. Run the
following command and follow the instructions in your editor to edit
your configuration file:

    git config --global --edit

After doing this, you may fix the identity used for this commit with:

    git commit --amend --reset-author

 2 files changed, 10 insertions(+), 9 deletions(-)
To https://github.com/BangLetsGetIt/NBA-NCAA-Betting-Models.git
   f9211db..844b507  main -> main
✅ Successfully pushed to GitHub!
==========================================
NBA Assists Props Model Run: Tue Dec 30 07:00:05 EST 2025
==========================================
Running NBA Assists Props model...

[1m[96m================================================================================[0m
[1m[96mNBA ASSISTS PROPS A.I. MODEL[0m
[1m[96m================================================================================[0m

[96m==========================================================================================[0m
[96m🎯 GRADING PENDING PICKS[0m
[96m==========================================================================================[0m

[93m📋 Found 1 pending picks...[0m

  Fetching team stats to verify completed games for 2025-12-16...
[93m  ⚠ Could not find stats for De'Aaron Fox on 2025-12-16[0m

[93mNo picks ready for grading yet[0m

[96mFetching REAL NBA player assists statistics...[0m
[92m✓ Using cached player assists stats (less than 6 hours old)[0m

[96mFetching opponent assists factors...[0m
[92m✓ Using cached assists factors[0m

[96mFetching player assists prop odds...[0m
[96m  Found 4 upcoming games[0m
[96m  Filtered to 4 upcoming games[0m
[96m  Game 1/4: Philadelphia 76ers @ Memphis Grizzlies[0m
[96m  Game 2/4: Boston Celtics @ Utah Jazz[0m
[96m  Game 3/4: Detroit Pistons @ Los Angeles Lakers[0m
[96m  Game 4/4: Sacramento Kings @ Los Angeles Clippers[0m
[92m✓ Fetched 28 player assists props (grouped)[0m

[96mAnalyzing 28 player props with REAL stats...[0m
[92m✓ Found 0 top OVER plays (A.I. Score >= 10.0)[0m
[92m✓ Found 0 top UNDER plays (A.I. Score >= 10.0)[0m
[93m  Skipped 2 props (no player stats found)[0m
[93m  Skipped 52 props (score below 10.0 or failed checks)[0m

[96m==========================================================================================[0m
[96m📊 TRACKING NEW PICKS[0m
[96m==========================================================================================[0m
[96mNo new picks to track[0m

[1m[92m================================================================================[0m
[1m[92mTOP OVER PLAYS[0m
[1m[92m================================================================================[0m

[1m[91m================================================================================[0m
[1m[91mTOP UNDER PLAYS[0m
[1m[91m================================================================================[0m

[96mGenerating HTML report...[0m

[92m✓ HTML report saved: /Users/rico/sports-models/nba/nba_assists_props.html[0m

[1m[92m================================================================================[0m
[1m[92m✓ Model execution complete![0m
[1m[92m================================================================================[0m


==========================================
✅ Model completed successfully!
==========================================

📤 Pushing updates to GitHub...
No changes to commit
==========================================
NBA Assists Props Model Run: Wed Dec 31 07:00:05 EST 2025
==========================================
Running NBA Assists Props model...

[1m[96m================================================================================[0m
[1m[96mNBA ASSISTS PROPS A.I. MODEL[0m
[1m[96m================================================================================[0m

[96m==========================================================================================[0m
[96m🎯 GRADING PENDING PICKS[0m
[96m==========================================================================================[0m

[93m📋 Found 2 pending picks...[0m

  Fetching team stats to verify completed games for 2025-12-16...
[93m  ⚠ Could not find stats for De'Aaron Fox on 2025-12-16[0m
  Fetching team stats to verify completed games for 2025-12-31...

[93mNo picks ready for grading yet[0m

[96mFetching REAL NBA player assists statistics...[0m
[92m✓ Using cached player assists stats (less than 6 hours old)[0m

[96mFetching opponent assists factors...[0m
[92m✓ Using cached assists factors[0m

[96mFetching player assists prop odds...[0m
[96m  Found 9 upcoming games[0m
[96m  Filtered to 9 upcoming games[0m
[96m  Game 1/9: Golden State Warriors @ Charlotte Hornets[0m
[96m  Game 2/9: Minnesota Timberwolves @ Atlanta Hawks[0m
[96m  Game 3/9: Orlando Magic @ Indiana Pacers[0m
[96m  Game 4/9: Phoenix Suns @ Cleveland Cavaliers[0m
[96m  Game 5/9: New Orleans Pelicans @ Chicago Bulls[0m
[96m  Game 6/9: New York Knicks @ San Antonio Spurs[0m
[96m  Game 7/9: Denver Nuggets @ Toronto Raptors[0m
[96m  Game 8/9: Washington Wizards @ Milwaukee Bucks[0m
[96m  Game 9/9: Portland Trail Blazers @ Oklahoma City Thunder[0m
[92m✓ Fetched 72 player assists props (grouped)[0m

[96mAnalyzing 72 player props with REAL stats...[0m
[92m✓ Found 0 top OVER plays (A.I. Score >= 10.0)[0m
[92m✓ Found 0 top UNDER plays (A.I. Score >= 10.0)[0m
[93m  Skipped 2 props (no player stats found)[0m
[93m  Skipped 140 props (score below 10.0 or failed checks)[0m

[96m==========================================================================================[0m
[96m📊 TRACKING NEW PICKS[0m
[96m==========================================================================================[0m
[96mNo new picks to track[0m

[1m[92m================================================================================[0m
[1m[92mTOP OVER PLAYS[0m
[1m[92m================================================================================[0m

[1m[91m================================================================================[0m
[1m[91mTOP UNDER PLAYS[0m
[1m[91m================================================================================[0m

[96mGenerating HTML report...[0m

[92m✓ HTML report saved: /Users/rico/sports-models/nba/nba_assists_props.html[0m

[1m[92m================================================================================[0m
[1m[92m✓ Model execution complete![0m
[1m[92m================================================================================[0m


==========================================
✅ Model completed successfully!
==========================================

📤 Pushing updates to GitHub...
No changes to commit
==========================================
NBA Assists Props Model Run: Thu Jan  1 07:00:04 EST 2026
==========================================
Running NBA Assists Props model...

[1m[96m================================================================================[0m
[1m[96mNBA ASSISTS PROPS A.I. MODEL[0m
[1m[96m================================================================================[0m

[96m==========================================================================================[0m
[96m🎯 GRADING PENDING PICKS[0m
[96m==========================================================================================[0m

[93m📋 Found 2 pending picks...[0m

  Fetching team stats to verify completed games for 2025-12-16...
[93m  ⚠ Could not find stats for De'Aaron Fox on 2025-12-16[0m
  Fetching team stats to verify completed games for 2026-01-01...

[93mNo picks ready for grading yet[0m

[96mFetching REAL NBA player assists statistics...[0m
[96m  Fetching season assists stats...[0m
[96m  Fetching recent form (last 10 games)...[0m
[92m✓ Fetched REAL assists stats for 505 players[0m

[96mFetching opponent assists factors...[0m
[92m✓ Fetched assists factors for 30 teams[0m

[96mFetching player assists prop odds...[0m
[96m  Found 5 upcoming games[0m
[96m  Filtered to 5 upcoming games[0m
[96m  Game 1/5: Houston Rockets @ Brooklyn Nets[0m
[96m  Game 2/5: Miami Heat @ Detroit Pistons[0m
[96m  Game 3/5: Philadelphia 76ers @ Dallas Mavericks[0m
[96m  Game 4/5: Boston Celtics @ Sacramento Kings[0m
[96m  Game 5/5: Utah Jazz @ Los Angeles Clippers[0m
[92m✓ Fetched 36 player assists props (grouped)[0m

[96mAnalyzing 36 player props with REAL stats...[0m
[92m✓ Found 0 top OVER plays (A.I. Score >= 10.0)[0m
[92m✓ Found 0 top UNDER plays (A.I. Score >= 10.0)[0m
[93m  Skipped 1 props (no player stats found)[0m
[93m  Skipped 70 props (score below 10.0 or failed checks)[0m

[96m==========================================================================================[0m
[96m📊 TRACKING NEW PICKS[0m
[96m==========================================================================================[0m
[96mNo new picks to track[0m

[1m[92m================================================================================[0m
[1m[92mTOP OVER PLAYS[0m
[1m[92m================================================================================[0m

[1m[91m================================================================================[0m
[1m[91mTOP UNDER PLAYS[0m
[1m[91m================================================================================[0m

[96mGenerating HTML report...[0m

[92m✓ HTML report saved: /Users/rico/sports-models/nba/nba_assists_props.html[0m

[1m[92m================================================================================[0m
[1m[92m✓ Model execution complete![0m
[1m[92m================================================================================[0m


==========================================
✅ Model completed successfully!
==========================================

📤 Pushing updates to GitHub...
[main e3cd981] Update model outputs - 2026-01-01 07:00:12
 Committer: Ricardo Hill <rico@Ricos-M1-Mac-2.local>
Your name and email address were configured automatically based
on your username and hostname. Please check that they are accurate.
You can suppress this message by setting them explicitly. Run the
following command and follow the instructions in your editor to edit
your configuration file:

    git config --global --edit

After doing this, you may fix the identity used for this commit with:

    git commit --amend --reset-author

 1 file changed, 1 insertion(+), 60 deletions(-)
To https://github.com/BangLetsGetIt/NBA-NCAA-Betting-Models.git
   bca0b9a..e3cd981  main -> main
✅ Successfully pushed to GitHub!
==========================================
NBA Assists Props Model Run: Fri Jan  2 07:00:01 EST 2026
==========================================
Running NBA Assists Props model...

[1m[96m================================================================================[0m
[1m[96mNBA ASSISTS PROPS A.I. MODEL[0m
[1m[96m================================================================================[0m

[96m==========================================================================================[0m
[96m🎯 GRADING PENDING PICKS[0m
[96m==========================================================================================[0m

[93m📋 Found 4 pending picks...[0m

  Fetching team stats to verify completed games for 2025-12-16...
[93m  ⚠ Could not find stats for De'Aaron Fox on 2025-12-16[0m
  Fetching team stats to verify completed games for 2026-01-02...

[93mNo picks ready for grading yet[0m

[96mFetching REAL NBA player assists statistics...[0m
[92m✓ Using cached player assists stats (less than 6 hours old)[0m

[96mFetching opponent assists factors...[0m
[92m✓ Using cached assists factors[0m

[96mFetching player assists prop odds...[0m
[96m  Found 10 upcoming games[0m
[96m  Filtered to 10 upcoming games[0m
[96m  Game 1/10: Brooklyn Nets @ Washington Wizards[0m
[96m  Game 2/10: San Antonio Spurs @ Indiana Pacers[0m
[96m  Game 3/10: Atlanta Hawks @ New York Knicks[0m
[96m  Game 4/10: Denver Nuggets @ Cleveland Cavaliers[0m
[96m  Game 5/10: Charlotte Hornets @ Milwaukee Bucks[0m
[96m  Game 6/10: Orlando Magic @ Chicago Bulls[0m
[96m  Game 7/10: Portland Trail Blazers @ New Orleans Pelicans[0m
[96m  Game 8/10: Sacramento Kings @ Phoenix Suns[0m
[96m  Game 9/10: Oklahoma City Thunder @ Golden State Warriors[0m
[96m  Game 10/10: Memphis Grizzlies @ Los Angeles Lakers[0m
[92m✓ Fetched 72 player assists props (grouped)[0m

[96mAnalyzing 72 player props with REAL stats...[0m
[92m✓ Found 0 top OVER plays (A.I. Score >= 10.0)[0m
[92m✓ Found 3 top UNDER plays (A.I. Score >= 10.0)[0m
[93m  Skipped 3 props (no player stats found)[0m
[93m  Skipped 135 props (score below 10.0 or failed checks)[0m

[96m==========================================================================================[0m
[96m📊 TRACKING NEW PICKS[0m
[96m==========================================================================================[0m
[93m✓ Updated odds for 2 existing picks[0m

[1m[92m================================================================================[0m
[1m[92mTOP OVER PLAYS[0m
[1m[92m================================================================================[0m

[1m[91m================================================================================[0m
[1m[91mTOP UNDER PLAYS[0m
[1m[91m================================================================================[0m
  [96m 1. Tre Jones                [0m | [91mUNDER 7.5 AST  [0m | Chicago Bulls             vs Orlando Magic             | [1mA.I.: 10.00[0m | Rating: 4.7 ⭐⭐
  [96m 2. Ayo Dosunmu              [0m | [91mUNDER 4.5 AST  [0m | Chicago Bulls             vs Orlando Magic             | [1mA.I.: 10.00[0m | Rating: 4.1 ⭐⭐
  [96m 3. Jalen Smith              [0m | [91mUNDER 2.5 AST  [0m | Chicago Bulls             vs Orlando Magic             | [1mA.I.: 10.00[0m | Rating: 2.9 

[96mGenerating HTML report...[0m

[92m✓ HTML report saved: /Users/rico/sports-models/nba/nba_assists_props.html[0m

[1m[92m================================================================================[0m
[1m[92m✓ Model execution complete![0m
[1m[92m================================================================================[0m


==========================================
✅ Model completed successfully!
==========================================

📤 Pushing updates to GitHub...
[main 5dfde26] Update model outputs - 2026-01-02 07:00:08
 Committer: Ricardo Hill <rico@Ricos-M1-Mac-2.local>
Your name and email address were configured automatically based
on your username and hostname. Please check that they are accurate.
You can suppress this message by setting them explicitly. Run the
following command and follow the instructions in your editor to edit
your configuration file:

    git config --global --edit

After doing this, you may fix the identity used for this commit with:

    git commit --amend --reset-author

 2 files changed, 12 insertions(+), 11 deletions(-)
To https://github.com/BangLetsGetIt/NBA-NCAA-Betting-Models.git
   c369a27..5dfde26  main -> main
✅ Successfully pushed to GitHub!
==========================================
NBA Assists Props Model Run: Sat Jan  3 07:00:02 EST 2026
==========================================
Running NBA Assists Props model...

[1m[96m================================================================================[0m
[1m[96mNBA ASSISTS PROPS A.I. MODEL[0m
[1m[96m================================================================================[0m

[96m==========================================================================================[0m
[96m🎯 GRADING PENDING PICKS[0m
[96m==========================================================================================[0m

[93m📋 Found 2 pending picks...[0m

  Fetching team stats to verify completed games for 2025-12-16...
[93m  ⚠ Could not find stats for De'Aaron Fox on 2025-12-16[0m
  Fetching team stats to verify completed games for 2026-01-03...

[93mNo picks ready for grading yet[0m

[96mFetching REAL NBA player assists statistics...[0m
[96m  Fetching season assists stats...[0m
[96m  Fetching recent form (last 10 games)...[0m
[92m✓ Fetched REAL assists stats for 506 players[0m

[96mFetching opponent assists factors...[0m
[92m✓ Fetched assists factors for 30 teams[0m

[96mFetching player assists prop odds...[0m
[96m  Found 8 upcoming games[0m
[96m  Filtered to 8 upcoming games[0m
[96m  Game 1/8: Minnesota Timberwolves @ Miami Heat[0m
[96m  Game 2/8: Atlanta Hawks @ Toronto Raptors[0m
[96m  Game 3/8: Philadelphia 76ers @ New York Knicks[0m
[96m  Game 4/8: Charlotte Hornets @ Chicago Bulls[0m
[96m  Game 5/8: Portland Trail Blazers @ San Antonio Spurs[0m
[96m  Game 6/8: Houston Rockets @ Dallas Mavericks[0m
[96m  Game 7/8: Utah Jazz @ Golden State Warriors[0m
[96m  Game 8/8: Boston Celtics @ Los Angeles Clippers[0m
[92m✓ Fetched 71 player assists props (grouped)[0m

[96mAnalyzing 71 player props with REAL stats...[0m
[92m✓ Found 0 top OVER plays (A.I. Score >= 10.0)[0m
[92m✓ Found 2 top UNDER plays (A.I. Score >= 10.0)[0m
[93m  Skipped 2 props (no player stats found)[0m
[93m  Skipped 136 props (score below 10.0 or failed checks)[0m

[96m==========================================================================================[0m
[96m📊 TRACKING NEW PICKS[0m
[96m==========================================================================================[0m
[92m✓ Tracked 2 new picks[0m

[1m[92m================================================================================[0m
[1m[92mTOP OVER PLAYS[0m
[1m[92m================================================================================[0m

[1m[91m================================================================================[0m
[1m[91mTOP UNDER PLAYS[0m
[1m[91m================================================================================[0m
  [96m 1. Isaac Okoro              [0m | [91mUNDER 2.5 AST  [0m | Chicago Bulls             vs Charlotte Hornets         | [1mA.I.: 10.00[0m | Rating: 4.9 ⭐⭐
  [96m 2. Miles McBride            [0m | [91mUNDER 3.5 AST  [0m | New York Knicks           vs Philadelphia 76ers        | [1mA.I.: 10.00[0m | Rating: 3.5 ⭐

[96mGenerating HTML report...[0m

[92m✓ HTML report saved: /Users/rico/sports-models/nba/nba_assists_props.html[0m

[1m[92m================================================================================[0m
[1m[92m✓ Model execution complete![0m
[1m[92m================================================================================[0m


==========================================
✅ Model completed successfully!
==========================================

📤 Pushing updates to GitHub...
[main 31f2682] Update model outputs - 2026-01-03 07:00:42
 Committer: Ricardo Hill <rico@Ricos-M1-Mac-2.local>
Your name and email address were configured automatically based
on your username and hostname. Please check that they are accurate.
You can suppress this message by setting them explicitly. Run the
following command and follow the instructions in your editor to edit
your configuration file:

    git config --global --edit

After doing this, you may fix the identity used for this commit with:

    git commit --amend --reset-author

 2 files changed, 119 insertions(+), 14 deletions(-)
To https://github.com/BangLetsGetIt/NBA-NCAA-Betting-Models.git
   10e0b7a..31f2682  main -> main
✅ Successfully pushed to GitHub!
==========================================
NBA Assists Props Model Run: Sun Jan  4 07:00:05 EST 2026
==========================================
Running NBA Assists Props model...

[1m[96m================================================================================[0m
[1m[96mNBA ASSISTS PROPS A.I. MODEL[0m
[1m[96m================================================================================[0m

[96m==========================================================================================[0m
[96m🎯 GRADING PENDING PICKS[0m
[96m==========================================================================================[0m

[93m📋 Found 2 pending picks...[0m

  Fetching team stats to verify completed games for 2025-12-16...
[93m  ⚠ Could not find stats for De'Aaron Fox on 2025-12-16[0m
  Fetching team stats to verify completed games for 2026-01-04...

[93mNo picks ready for grading yet[0m

[96mFetching REAL NBA player assists statistics...[0m
[92m✓ Using cached player assists stats (less than 6 hours old)[0m

[96mFetching opponent assists factors...[0m
[92m✓ Using cached assists factors[0m

[96mFetching player assists prop odds...[0m
[96m  Found 8 upcoming games[0m
[96m  Filtered to 8 upcoming games[0m
[96m  Game 1/8: Detroit Pistons @ Cleveland Cavaliers[0m
[96m  Game 2/8: Indiana Pacers @ Orlando Magic[0m
[96m  Game 3/8: Denver Nuggets @ Brooklyn Nets[0m
[96m  Game 4/8: New Orleans Pelicans @ Miami Heat[0m
[96m  Game 5/8: Minnesota Timberwolves @ Washington Wizards[0m
[96m  Game 6/8: Oklahoma City Thunder @ Phoenix Suns[0m
[96m  Game 7/8: Milwaukee Bucks @ Sacramento Kings[0m
[96m  Game 8/8: Memphis Grizzlies @ Los Angeles Lakers[0m
[92m✓ Fetched 63 player assists props (grouped)[0m

[96mAnalyzing 63 player props with REAL stats...[0m
[92m✓ Found 0 top OVER plays (A.I. Score >= 10.0)[0m
[92m✓ Found 1 top UNDER plays (A.I. Score >= 10.0)[0m
[93m  Skipped 2 props (no player stats found)[0m
[93m  Skipped 121 props (score below 10.0 or failed checks)[0m

[96m==========================================================================================[0m
[96m📊 TRACKING NEW PICKS[0m
[96m==========================================================================================[0m
[93m✓ Updated odds for 1 existing picks[0m

[1m[92m================================================================================[0m
[1m[92mTOP OVER PLAYS[0m
[1m[92m================================================================================[0m

[1m[91m================================================================================[0m
[1m[91mTOP UNDER PLAYS[0m
[1m[91m================================================================================[0m
  [96m 1. Tyus Jones               [0m | [91mUNDER 4.5 AST  [0m | Orlando Magic             vs Indiana Pacers            | [1mA.I.: 10.00[0m | Rating: 4.9 ⭐⭐

[96mGenerating HTML report...[0m

[92m✓ HTML report saved: /Users/rico/sports-models/nba/nba_assists_props.html[0m

[1m[92m================================================================================[0m
[1m[92m✓ Model execution complete![0m
[1m[92m================================================================================[0m


==========================================
✅ Model completed successfully!
==========================================

📤 Pushing updates to GitHub...
[main 03d3b74] Update model outputs - 2026-01-04 07:00:14
 Committer: Ricardo Hill <rico@Ricos-M1-Mac-2.local>
Your name and email address were configured automatically based
on your username and hostname. Please check that they are accurate.
You can suppress this message by setting them explicitly. Run the
following command and follow the instructions in your editor to edit
your configuration file:

    git config --global --edit

After doing this, you may fix the identity used for this commit with:

    git commit --amend --reset-author

 2 files changed, 6 insertions(+), 5 deletions(-)
To https://github.com/BangLetsGetIt/NBA-NCAA-Betting-Models.git
   8d6d6f3..03d3b74  main -> main
✅ Successfully pushed to GitHub!
==========================================
NBA Assists Props Model Run: Mon Jan  5 07:00:02 EST 2026
==========================================
Running NBA Assists Props model...

[1m[96m================================================================================[0m
[1m[96mNBA ASSISTS PROPS A.I. MODEL[0m
[1m[96m================================================================================[0m

[96m==========================================================================================[0m
[96m🎯 GRADING PENDING PICKS[0m
[96m==========================================================================================[0m

[93m📋 Found 2 pending picks...[0m

  Fetching team stats to verify completed games for 2025-12-16...
[93m  ⚠ Could not find stats for De'Aaron Fox on 2025-12-16[0m
  Fetching team stats to verify completed games for 2026-01-05...

[93mNo picks ready for grading yet[0m

[96mFetching REAL NBA player assists statistics...[0m
[92m✓ Using cached player assists stats (less than 6 hours old)[0m

[96mFetching opponent assists factors...[0m
[92m✓ Using cached assists factors[0m

[96mFetching player assists prop odds...[0m
[96m  Found 8 upcoming games[0m
[96m  Filtered to 8 upcoming games[0m
[96m  Game 1/8: New York Knicks @ Detroit Pistons[0m
[96m  Game 2/8: Atlanta Hawks @ Toronto Raptors[0m
[96m  Game 3/8: Chicago Bulls @ Boston Celtics[0m
[96m  Game 4/8: Charlotte Hornets @ Oklahoma City Thunder[0m
[96m  Game 5/8: Phoenix Suns @ Houston Rockets[0m
[96m  Game 6/8: Denver Nuggets @ Philadelphia 76ers[0m
[96m  Game 7/8: Golden State Warriors @ Los Angeles Clippers[0m
[96m  Game 8/8: Utah Jazz @ Portland Trail Blazers[0m
[92m✓ Fetched 53 player assists props (grouped)[0m

[96mAnalyzing 53 player props with REAL stats...[0m
[92m✓ Found 1 top OVER plays (A.I. Score >= 10.0)[0m
[92m✓ Found 1 top UNDER plays (A.I. Score >= 10.0)[0m
[93m  Skipped 2 props (no player stats found)[0m
[93m  Skipped 100 props (score below 10.0 or failed checks)[0m

[96m==========================================================================================[0m
[96m📊 TRACKING NEW PICKS[0m
[96m==========================================================================================[0m
[92m✓ Tracked 2 new picks[0m

[1m[92m================================================================================[0m
[1m[92mTOP OVER PLAYS[0m
[1m[92m================================================================================[0m
  [96m 1. LaMelo Ball              [0m | [92mOVER 5.5 AST   [0m | Charlotte Hornets         vs Oklahoma City Thunder     | [1mA.I.: 10.00[0m | Rating: 4.4 ⭐⭐

[1m[91m================================================================================[0m
[1m[91mTOP UNDER PLAYS[0m
[1m[91m================================================================================[0m
  [96m 1. Jamal Murray             [0m | [91mUNDER 9.5 AST  [0m | Denver Nuggets            vs Philadelphia 76ers        | [1mA.I.: 10.00[0m | Rating: 4.2 ⭐⭐

[96mGenerating HTML report...[0m

[92m✓ HTML report saved: /Users/rico/sports-models/nba/nba_assists_props.html[0m

[1m[92m================================================================================[0m
[1m[92m✓ Model execution complete![0m
[1m[92m================================================================================[0m


==========================================
✅ Model completed successfully!
==========================================

📤 Pushing updates to GitHub...
[main 3b7d6ac] Update model outputs - 2026-01-05 07:00:10
 Committer: Ricardo Hill <rico@Ricos-M1-Mac-2.local>
Your name and email address were configured automatically based
on your username and hostname. Please check that they are accurate.
You can suppress this message by setting them explicitly. Run the
following command and follow the instructions in your editor to edit
your configuration file:

    git config --global --edit

After doing this, you may fix the identity used for this commit with:

    git commit --amend --reset-author

 2 files changed, 111 insertions(+), 5 deletions(-)
To https://github.com/BangLetsGetIt/NBA-NCAA-Betting-Models.git
   b0b5c94..3b7d6ac  main -> main
✅ Successfully pushed to GitHub!
==========================================
NBA Assists Props Model Run: Tue Jan  6 07:00:05 EST 2026
==========================================
Running NBA Assists Props model...

[1m[96m================================================================================[0m
[1m[96mNBA ASSISTS PROPS A.I. MODEL[0m
[1m[96m================================================================================[0m

[96m==========================================================================================[0m
[96m🎯 GRADING PENDING PICKS[0m
[96m==========================================================================================[0m

[93m📋 Found 1 pending picks...[0m

  Fetching team stats to verify completed games for 2025-12-16...
[93m  ⚠ Could not find stats for De'Aaron Fox on 2025-12-16[0m

[93mNo picks ready for grading yet[0m

[96mFetching REAL NBA player assists statistics...[0m
[92m✓ Using cached player assists stats (less than 6 hours old)[0m

[96mFetching opponent assists factors...[0m
[92m✓ Using cached assists factors[0m

[96mFetching player assists prop odds...[0m
[96m  Found 6 upcoming games[0m
[96m  Filtered to 6 upcoming games[0m
[96m  Game 1/6: Cleveland Cavaliers @ Indiana Pacers[0m
[96m  Game 2/6: Orlando Magic @ Washington Wizards[0m
[96m  Game 3/6: Los Angeles Lakers @ New Orleans Pelicans[0m
[96m  Game 4/6: San Antonio Spurs @ Memphis Grizzlies[0m
[96m  Game 5/6: Miami Heat @ Minnesota Timberwolves[0m
[96m  Game 6/6: Dallas Mavericks @ Sacramento Kings[0m
[92m✓ Fetched 52 player assists props (grouped)[0m

[96mAnalyzing 52 player props with REAL stats...[0m
[92m✓ Found 0 top OVER plays (A.I. Score >= 10.0)[0m
[92m✓ Found 0 top UNDER plays (A.I. Score >= 10.0)[0m
[93m  Skipped 1 props (no player stats found)[0m
[93m  Skipped 102 props (score below 10.0 or failed checks)[0m

[96m==========================================================================================[0m
[96m📊 TRACKING NEW PICKS[0m
[96m==========================================================================================[0m
[96mNo new picks to track[0m

[1m[92m================================================================================[0m
[1m[92mTOP OVER PLAYS[0m
[1m[92m================================================================================[0m

[1m[91m================================================================================[0m
[1m[91mTOP UNDER PLAYS[0m
[1m[91m================================================================================[0m

[96mGenerating HTML report...[0m

[92m✓ HTML report saved: /Users/rico/sports-models/nba/nba_assists_props.html[0m

[1m[92m================================================================================[0m
[1m[92m✓ Model execution complete![0m
[1m[92m================================================================================[0m


==========================================
✅ Model completed successfully!
==========================================

📤 Pushing updates to GitHub...
No changes to commit
==========================================
NBA Assists Props Model Run: Wed Jan  7 07:00:05 EST 2026
==========================================
Running NBA Assists Props model...

[1m[96m================================================================================[0m
[1m[96mNBA ASSISTS PROPS A.I. MODEL[0m
[1m[96m================================================================================[0m

[96m==========================================================================================[0m
[96m🎯 GRADING PENDING PICKS[0m
[96m==========================================================================================[0m

[93m📋 Found 2 pending picks...[0m

  Fetching team stats to verify completed games for 2025-12-16...
[93m  ⚠ Could not find stats for De'Aaron Fox on 2025-12-16[0m
  Fetching team stats to verify completed games for 2026-01-07...

[93mNo picks ready for grading yet[0m

[96mFetching REAL NBA player assists statistics...[0m
[96m  Fetching season assists stats...[0m
[96m  Fetching recent form (last 10 games)...[0m
[92m✓ Fetched REAL assists stats for 506 players[0m

[96mFetching opponent assists factors...[0m
[93m⚠ Could not fetch assists factors: HTTPSConnectionPool(host='stats.nba.com', port=443): Read timed out. (read timeout=30)[0m

[96mFetching player assists prop odds...[0m
[96m  Found 12 upcoming games[0m
[96m  Filtered to 12 upcoming games[0m
[96m  Game 1/10: Denver Nuggets @ Boston Celtics[0m
[96m  Game 2/10: Toronto Raptors @ Charlotte Hornets[0m
[96m  Game 3/10: Chicago Bulls @ Detroit Pistons[0m
[96m  Game 4/10: Washington Wizards @ Philadelphia 76ers[0m
[96m  Game 5/10: New Orleans Pelicans @ Atlanta Hawks[0m
[96m  Game 6/10: Orlando Magic @ Brooklyn Nets[0m
[96m  Game 7/10: Los Angeles Clippers @ New York Knicks[0m
[96m  Game 8/10: Phoenix Suns @ Memphis Grizzlies[0m
[96m  Game 9/10: Utah Jazz @ Oklahoma City Thunder[0m
[96m  Game 10/10: Los Angeles Lakers @ San Antonio Spurs[0m
[92m✓ Fetched 82 player assists props (grouped)[0m

[96mAnalyzing 82 player props with REAL stats...[0m
[92m✓ Found 1 top OVER plays (A.I. Score >= 10.0)[0m
[92m✓ Found 0 top UNDER plays (A.I. Score >= 10.0)[0m
[93m  Skipped 5 props (no player stats found)[0m
[93m  Skipped 153 props (score below 10.0 or failed checks)[0m

[96m==========================================================================================[0m
[96m📊 TRACKING NEW PICKS[0m
[96m==========================================================================================[0m
[96mNo new picks to track[0m

[1m[92m================================================================================[0m
[1m[92mTOP OVER PLAYS[0m
[1m[92m================================================================================[0m
  [96m 1. Keyonte George           [0m | [92mOVER 5.5 AST   [0m | Oklahoma City Thunder     vs Utah Jazz                 | [1mA.I.: 10.00[0m | Rating: 4.9 ⭐⭐

[1m[91m================================================================================[0m
[1m[91mTOP UNDER PLAYS[0m
[1m[91m================================================================================[0m

[96mGenerating HTML report...[0m

[92m✓ HTML report saved: /Users/rico/sports-models/nba/nba_assists_props.html[0m

[1m[92m================================================================================[0m
[1m[92m✓ Model execution complete![0m
[1m[92m================================================================================[0m


==========================================
✅ Model completed successfully!
==========================================

📤 Pushing updates to GitHub...
No changes to commit
==========================================
NBA Assists Props Model Run: Thu Jan  8 07:12:42 EST 2026
==========================================
Running NBA Assists Props model...

[1m[96m================================================================================[0m
[1m[96mNBA ASSISTS PROPS A.I. MODEL[0m
[1m[96m================================================================================[0m

[96m==========================================================================================[0m
[96m🎯 GRADING PENDING PICKS[0m
[96m==========================================================================================[0m

[93m📋 Found 1 pending picks...[0m

  Fetching team stats to verify completed games for 2025-12-16...
[93m  ⚠ Could not find stats for De'Aaron Fox on 2025-12-16[0m

[93mNo picks ready for grading yet[0m

[96mFetching REAL NBA player assists statistics...[0m
[92m✓ Using cached player assists stats (less than 6 hours old)[0m

[96mFetching opponent assists factors...[0m
[92m✓ Using cached assists factors[0m

[96mFetching player assists prop odds...[0m
[96m  Found 4 upcoming games[0m
[96m  Filtered to 4 upcoming games[0m
[96m  Game 1/4: Indiana Pacers @ Charlotte Hornets[0m
[96m  Game 2/4: Miami Heat @ Chicago Bulls[0m
[96m  Game 3/4: Cleveland Cavaliers @ Minnesota Timberwolves[0m
[96m  Game 4/4: Dallas Mavericks @ Utah Jazz[0m
[92m✓ Fetched 38 player assists props (grouped)[0m

[96mAnalyzing 38 player props with REAL stats...[0m
[92m✓ Found 0 top OVER plays (A.I. Score >= 10.0)[0m
[92m✓ Found 0 top UNDER plays (A.I. Score >= 10.0)[0m
[93m  Skipped 3 props (no player stats found)[0m
[93m  Skipped 70 props (score below 10.0 or failed checks)[0m

[96m==========================================================================================[0m
[96m📊 TRACKING NEW PICKS[0m
[96m==========================================================================================[0m
[96mNo new picks to track[0m

[1m[92m================================================================================[0m
[1m[92mTOP OVER PLAYS[0m
[1m[92m================================================================================[0m

[1m[91m================================================================================[0m
[1m[91mTOP UNDER PLAYS[0m
[1m[91m================================================================================[0m

[96mGenerating HTML report...[0m

[92m✓ HTML report saved: /Users/rico/sports-models/nba/nba_assists_props.html[0m

[1m[92m================================================================================[0m
[1m[92m✓ Model execution complete![0m
[1m[92m================================================================================[0m


==========================================
✅ Model completed successfully!
==========================================

📤 Pushing updates to GitHub...
No changes to commit
==========================================
NBA Assists Props Model Run: Fri Jan  9 07:14:36 EST 2026
==========================================
Running NBA Assists Props model...

[1m[96m================================================================================[0m
[1m[96mNBA ASSISTS PROPS A.I. MODEL[0m
[1m[96m================================================================================[0m

[96m==========================================================================================[0m
[96m🎯 GRADING PENDING PICKS[0m
[96m==========================================================================================[0m

[93m📋 Found 3 pending picks...[0m

  Fetching team stats to verify completed games for 2025-12-16...
[93m  ⚠ Could not find stats for De'Aaron Fox on 2025-12-16[0m
  Fetching team stats to verify completed games for 2026-01-09...

[93mNo picks ready for grading yet[0m

[96mFetching REAL NBA player assists statistics...[0m
[96m  Fetching season assists stats...[0m
[96m  Fetching recent form (last 10 games)...[0m
[92m✓ Fetched REAL assists stats for 506 players[0m

[96mFetching opponent assists factors...[0m
[92m✓ Fetched assists factors for 30 teams[0m

[96mFetching player assists prop odds...[0m
[96m  Found 10 upcoming games[0m
[96m  Filtered to 10 upcoming games[0m
[96m  Game 1/10: Toronto Raptors @ Boston Celtics[0m
[96m  Game 2/10: New Orleans Pelicans @ Washington Wizards[0m
[96m  Game 3/10: Philadelphia 76ers @ Orlando Magic[0m
[96m  Game 4/10: Los Angeles Clippers @ Brooklyn Nets[0m
[96m  Game 5/10: Oklahoma City Thunder @ Memphis Grizzlies[0m
[96m  Game 6/10: Atlanta Hawks @ Denver Nuggets[0m
[96m  Game 7/10: New York Knicks @ Phoenix Suns[0m
[96m  Game 8/10: Sacramento Kings @ Golden State Warriors[0m
[96m  Game 9/10: Houston Rockets @ Portland Trail Blazers[0m
[96m  Game 10/10: Milwaukee Bucks @ Los Angeles Lakers[0m
[92m✓ Fetched 85 player assists props (grouped)[0m

[96mAnalyzing 85 player props with REAL stats...[0m
[92m✓ Found 0 top OVER plays (A.I. Score >= 10.0)[0m
[92m✓ Found 3 top UNDER plays (A.I. Score >= 10.0)[0m
[93m  Skipped 2 props (no player stats found)[0m
[93m  Skipped 163 props (score below 10.0 or failed checks)[0m

[96m==========================================================================================[0m
[96m📊 TRACKING NEW PICKS[0m
[96m==========================================================================================[0m
[92m✓ Tracked 1 new picks[0m
[93m✓ Updated odds for 2 existing picks[0m

[1m[92m================================================================================[0m
[1m[92mTOP OVER PLAYS[0m
[1m[92m================================================================================[0m

[1m[91m================================================================================[0m
[1m[91mTOP UNDER PLAYS[0m
[1m[91m================================================================================[0m
  [96m 1. Ajay Mitchell            [0m | [91mUNDER 5.5 AST  [0m | Memphis Grizzlies         vs Oklahoma City Thunder     | [1mA.I.: 10.00[0m | Rating: 4.9 ⭐⭐
  [96m 2. Jalen Williams           [0m | [91mUNDER 7.5 AST  [0m | Memphis Grizzlies         vs Oklahoma City Thunder     | [1mA.I.: 10.00[0m | Rating: 4.1 ⭐⭐
  [96m 3. Steven Adams             [0m | [91mUNDER 2.5 AST  [0m | Portland Trail Blazers    vs Houston Rockets           | [1mA.I.: 10.00[0m | Rating: 2.9 

[96mGenerating HTML report...[0m

[92m✓ HTML report saved: /Users/rico/sports-models/nba/nba_assists_props.html[0m

[1m[92m================================================================================[0m
[1m[92m✓ Model execution complete![0m
[1m[92m================================================================================[0m


==========================================
✅ Model completed successfully!
==========================================

📤 Pushing updates to GitHub...
[main 10a4667] Update model outputs - 2026-01-09 07:15:07
 Committer: Ricardo Hill <rico@Ricos-M1-Mac-2.local>
Your name and email address were configured automatically based
on your username and hostname. Please check that they are accurate.
You can suppress this message by setting them explicitly. Run the
following command and follow the instructions in your editor to edit
your configuration file:

    git config --global --edit

After doing this, you may fix the identity used for this commit with:

    git commit --amend --reset-author

 2 files changed, 91 insertions(+), 8 deletions(-)
To https://github.com/BangLetsGetIt/NBA-NCAA-Betting-Models.git
   cd97fbd..10a4667  main -> main
✅ Successfully pushed to GitHub!
==========================================
NBA Assists Props Model Run: Sat Jan 10 07:07:57 EST 2026
==========================================
Running NBA Assists Props model...

[1m[96m================================================================================[0m
[1m[96mNBA ASSISTS PROPS A.I. MODEL[0m
[1m[96m================================================================================[0m

[96m==========================================================================================[0m
[96m🎯 GRADING PENDING PICKS[0m
[96m==========================================================================================[0m

[93m📋 Found 1 pending picks...[0m

  Fetching team stats to verify completed games for 2025-12-16...
[93m  ⚠ Could not find stats for De'Aaron Fox on 2025-12-16[0m

[93mNo picks ready for grading yet[0m

[96mFetching REAL NBA player assists statistics...[0m
[96m  Fetching season assists stats...[0m
[96m  Fetching recent form (last 10 games)...[0m
[92m✓ Fetched REAL assists stats for 506 players[0m

[96mFetching opponent assists factors...[0m
[93m⚠ Could not fetch assists factors: ('Connection aborted.', ConnectionResetError(54, 'Connection reset by peer'))[0m

[96mFetching player assists prop odds...[0m
[96m  Found 6 upcoming games[0m
[96m  Filtered to 6 upcoming games[0m
[96m  Game 1/6: Minnesota Timberwolves @ Cleveland Cavaliers[0m
[96m  Game 2/6: Miami Heat @ Indiana Pacers[0m
[96m  Game 3/6: Los Angeles Clippers @ Detroit Pistons[0m
[96m  Game 4/6: San Antonio Spurs @ Boston Celtics[0m
[96m  Game 5/6: Dallas Mavericks @ Chicago Bulls[0m
[96m  Game 6/6: Charlotte Hornets @ Utah Jazz[0m
[92m✓ Fetched 48 player assists props (grouped)[0m

[96mAnalyzing 48 player props with REAL stats...[0m
[92m✓ Found 0 top OVER plays (A.I. Score >= 10.0)[0m
[92m✓ Found 0 top UNDER plays (A.I. Score >= 10.0)[0m
[93m  Skipped 2 props (no player stats found)[0m
[93m  Skipped 92 props (score below 10.0 or failed checks)[0m

[96m==========================================================================================[0m
[96m📊 TRACKING NEW PICKS[0m
[96m==========================================================================================[0m
[96mNo new picks to track[0m

[1m[92m================================================================================[0m
[1m[92mTOP OVER PLAYS[0m
[1m[92m================================================================================[0m

[1m[91m================================================================================[0m
[1m[91mTOP UNDER PLAYS[0m
[1m[91m================================================================================[0m

[96mGenerating HTML report...[0m

[92m✓ HTML report saved: /Users/rico/sports-models/nba/nba_assists_props.html[0m

[1m[92m================================================================================[0m
[1m[92m✓ Model execution complete![0m
[1m[92m================================================================================[0m


==========================================
✅ Model completed successfully!
==========================================

📤 Pushing updates to GitHub...
No changes to commit
==========================================
NBA Assists Props Model Run: Sun Jan 11 07:12:13 EST 2026
==========================================
Running NBA Assists Props model...

[1m[96m================================================================================[0m
[1m[96mNBA ASSISTS PROPS A.I. MODEL[0m
[1m[96m================================================================================[0m

[96m==========================================================================================[0m
[96m🎯 GRADING PENDING PICKS[0m
[96m==========================================================================================[0m

[93m📋 Found 2 pending picks...[0m

  Fetching team stats to verify completed games for 2025-12-16...
[93m  ⚠ Could not find stats for De'Aaron Fox on 2025-12-16[0m
  Fetching team stats to verify completed games for 2026-01-11...

[93mNo picks ready for grading yet[0m

[96mFetching REAL NBA player assists statistics...[0m
[96m  Fetching season assists stats...[0m
[96m  Fetching recent form (last 10 games)...[0m
[92m✓ Fetched REAL assists stats for 507 players[0m

[96mFetching opponent assists factors...[0m
[93m⚠ Could not fetch assists factors: ('Connection aborted.', ConnectionResetError(54, 'Connection reset by peer'))[0m

[96mFetching player assists prop odds...[0m
[96m  Found 10 upcoming games[0m
[96m  Filtered to 10 upcoming games[0m
[96m  Game 1/10: New Orleans Pelicans @ Orlando Magic[0m
[96m  Game 2/10: Brooklyn Nets @ Memphis Grizzlies[0m
[96m  Game 3/10: New York Knicks @ Portland Trail Blazers[0m
[96m  Game 4/10: Philadelphia 76ers @ Toronto Raptors[0m
[96m  Game 5/10: Miami Heat @ Oklahoma City Thunder[0m
[96m  Game 6/10: San Antonio Spurs @ Minnesota Timberwolves[0m
[96m  Game 7/10: Milwaukee Bucks @ Denver Nuggets[0m
[96m  Game 8/10: Washington Wizards @ Phoenix Suns[0m
[96m  Game 9/10: Atlanta Hawks @ Golden State Warriors[0m
[96m  Game 10/10: Houston Rockets @ Sacramento Kings[0m
[92m✓ Fetched 78 player assists props (grouped)[0m

[96mAnalyzing 78 player props with REAL stats...[0m
[92m✓ Found 1 top OVER plays (A.I. Score >= 10.0)[0m
[92m✓ Found 0 top UNDER plays (A.I. Score >= 10.0)[0m
[93m  Skipped 2 props (no player stats found)[0m
[93m  Skipped 151 props (score below 10.0 or failed checks)[0m

[96m==========================================================================================[0m
[96m📊 TRACKING NEW PICKS[0m
[96m==========================================================================================[0m
[93m✓ Updated odds for 1 existing picks[0m

[1m[92m================================================================================[0m
[1m[92mTOP OVER PLAYS[0m
[1m[92m================================================================================[0m
  [96m 1. Davion Mitchell          [0m | [92mOVER 5.5 AST   [0m | Oklahoma City Thunder     vs Miami Heat                | [1mA.I.: 10.00[0m | Rating: 4.6 ⭐⭐

[1m[91m================================================================================[0m
[1m[91mTOP UNDER PLAYS[0m
[1m[91m================================================================================[0m

[96mGenerating HTML report...[0m

[92m✓ HTML report saved: /Users/rico/sports-models/nba/nba_assists_props.html[0m

[1m[92m================================================================================[0m
[1m[92m✓ Model execution complete![0m
[1m[92m================================================================================[0m


==========================================
✅ Model completed successfully!
==========================================

📤 Pushing updates to GitHub...
[main 416c9a0] Update model outputs - 2026-01-11 07:30:40
 Committer: Ricardo Hill <rico@MacBookAir.lan>
Your name and email address were configured automatically based
on your username and hostname. Please check that they are accurate.
You can suppress this message by setting them explicitly. Run the
following command and follow the instructions in your editor to edit
your configuration file:

    git config --global --edit

After doing this, you may fix the identity used for this commit with:

    git commit --amend --reset-author

 2 files changed, 6 insertions(+), 5 deletions(-)
To https://github.com/BangLetsGetIt/NBA-NCAA-Betting-Models.git
   8b75672..416c9a0  main -> main
✅ Successfully pushed to GitHub!
==========================================
NBA Assists Props Model Run: Mon Jan 12 07:03:09 EST 2026
==========================================
Running NBA Assists Props model...

[1m[96m================================================================================[0m
[1m[96mNBA ASSISTS PROPS A.I. MODEL[0m
[1m[96m================================================================================[0m

[96m==========================================================================================[0m
[96m🎯 GRADING PENDING PICKS[0m
[96m==========================================================================================[0m

[93m📋 Found 2 pending picks...[0m

  Fetching team stats to verify completed games for 2025-12-16...
[93m  ⚠ Could not find stats for De'Aaron Fox on 2025-12-16[0m
  Fetching team stats to verify completed games for 2026-01-12...

[93mNo picks ready for grading yet[0m

[96mFetching REAL NBA player assists statistics...[0m
[96m  Fetching season assists stats...[0m
[96m  Fetching recent form (last 10 games)...[0m
[92m✓ Fetched REAL assists stats for 508 players[0m

[96mFetching opponent assists factors...[0m
[92m✓ Fetched assists factors for 30 teams[0m

[96mFetching player assists prop odds...[0m
[96m  Found 6 upcoming games[0m
[96m  Filtered to 6 upcoming games[0m
[96m  Game 1/6: Utah Jazz @ Cleveland Cavaliers[0m
[96m  Game 2/6: Boston Celtics @ Indiana Pacers[0m
[96m  Game 3/6: Philadelphia 76ers @ Toronto Raptors[0m
[96m  Game 4/6: Brooklyn Nets @ Dallas Mavericks[0m
[96m  Game 5/6: Los Angeles Lakers @ Sacramento Kings[0m
[96m  Game 6/6: Charlotte Hornets @ Los Angeles Clippers[0m
[92m✓ Fetched 48 player assists props (grouped)[0m

[96mAnalyzing 48 player props with REAL stats...[0m
[92m✓ Found 0 top OVER plays (A.I. Score >= 10.0)[0m
[92m✓ Found 0 top UNDER plays (A.I. Score >= 10.0)[0m
[93m  Skipped 3 props (no player stats found)[0m
[93m  Skipped 90 props (score below 10.0 or failed checks)[0m

[96m==========================================================================================[0m
[96m📊 TRACKING NEW PICKS[0m
[96m==========================================================================================[0m
[96mNo new picks to track[0m

[1m[92m================================================================================[0m
[1m[92mTOP OVER PLAYS[0m
[1m[92m================================================================================[0m

[1m[91m================================================================================[0m
[1m[91mTOP UNDER PLAYS[0m
[1m[91m================================================================================[0m

[96mGenerating HTML report...[0m

[92m✓ HTML report saved: /Users/rico/sports-models/nba/nba_assists_props.html[0m

[1m[92m================================================================================[0m
[1m[92m✓ Model execution complete![0m
[1m[92m================================================================================[0m


==========================================
✅ Model completed successfully!
==========================================

📤 Pushing updates to GitHub...
[main 28003ac] Update model outputs - 2026-01-12 07:03:18
 Committer: Ricardo Hill <rico@MacBookAir.lan>
Your name and email address were configured automatically based
on your username and hostname. Please check that they are accurate.
You can suppress this message by setting them explicitly. Run the
following command and follow the instructions in your editor to edit
your configuration file:

    git config --global --edit

After doing this, you may fix the identity used for this commit with:

    git commit --amend --reset-author

 1 file changed, 60 deletions(-)
To https://github.com/BangLetsGetIt/NBA-NCAA-Betting-Models.git
   a890679..28003ac  main -> main
✅ Successfully pushed to GitHub!
==========================================
NBA Assists Props Model Run: Tue Jan 13 07:00:49 EST 2026
==========================================
Running NBA Assists Props model...

[1m[96m================================================================================[0m
[1m[96mNBA ASSISTS PROPS A.I. MODEL[0m
[1m[96m================================================================================[0m

[96m==========================================================================================[0m
[96m🎯 GRADING PENDING PICKS[0m
[96m==========================================================================================[0m

[93m📋 Found 2 pending picks...[0m

  Fetching team stats to verify completed games for 2025-12-16...
  Error fetching completed teams: HTTPSConnectionPool(host='stats.nba.com', port=443): Max retries exceeded with url: /stats/leaguedashteamstats?Conference=&DateFrom=2025-12-16&DateTo=2025-12-16&Division=&GameScope=&GameSegment=&LastNGames=0&LeagueID=&Location=&MeasureType=Base&Month=0&OpponentTeamID=0&Outcome=&PORound=&PaceAdjust=N&PerMode=Totals&Period=0&PlayerExperience=&PlayerPosition=&PlusMinus=N&Rank=N&Season=2025-26&SeasonSegment=&SeasonType=Regular+Season&ShotClockRange=&StarterBench=&TeamID=&TwoWay=&VsConference=&VsDivision= (Caused by NameResolutionError("<urllib3.connection.HTTPSConnection object at 0x11f3782f0>: Failed to resolve 'stats.nba.com' ([Errno 8] nodename nor servname provided, or not known)"))
[93m  Error fetching stats from NBA API for De'Aaron Fox: HTTPSConnectionPool(host='stats.nba.com', port=443): Max retries exceeded with url: /stats/playergamelog?DateFrom=&DateTo=&LeagueID=&PlayerID=1628368&Season=2025-26&SeasonType=Regular+Season (Caused by NameResolutionError("<urllib3.connection.HTTPSConnection object at 0x11f0ff4d0>: Failed to resolve 'stats.nba.com' ([Errno 8] nodename nor servname provided, or not known)"))[0m
[93m  ⚠ Could not find stats for De'Aaron Fox on 2025-12-16[0m
  Fetching team stats to verify completed games for 2026-01-13...
  Error fetching completed teams: HTTPSConnectionPool(host='stats.nba.com', port=443): Max retries exceeded with url: /stats/leaguedashteamstats?Conference=&DateFrom=2026-01-13&DateTo=2026-01-13&Division=&GameScope=&GameSegment=&LastNGames=0&LeagueID=&Location=&MeasureType=Base&Month=0&OpponentTeamID=0&Outcome=&PORound=&PaceAdjust=N&PerMode=Totals&Period=0&PlayerExperience=&PlayerPosition=&PlusMinus=N&Rank=N&Season=2025-26&SeasonSegment=&SeasonType=Regular+Season&ShotClockRange=&StarterBench=&TeamID=&TwoWay=&VsConference=&VsDivision= (Caused by NameResolutionError("<urllib3.connection.HTTPSConnection object at 0x11f0ffb10>: Failed to resolve 'stats.nba.com' ([Errno 8] nodename nor servname provided, or not known)"))

[93mNo picks ready for grading yet[0m

[96mFetching REAL NBA player assists statistics...[0m
[92m✓ Using cached player assists stats (less than 6 hours old)[0m

[96mFetching opponent assists factors...[0m
[92m✓ Using cached assists factors[0m

[96mFetching player assists prop odds...[0m
[91m✗ Error fetching props: HTTPSConnectionPool(host='api.the-odds-api.com', port=443): Max retries exceeded with url: /v4/sports/basketball_nba/events?apiKey=cf796adc9ac20a6df2247368d40fe0a0 (Caused by NameResolutionError("<urllib3.connection.HTTPSConnection object at 0x11f0ffb10>: Failed to resolve 'api.the-odds-api.com' ([Errno 8] nodename nor servname provided, or not known)"))[0m

[96mAnalyzing 0 player props with REAL stats...[0m
[92m✓ Found 0 top OVER plays (A.I. Score >= 10.0)[0m
[92m✓ Found 0 top UNDER plays (A.I. Score >= 10.0)[0m

[96m==========================================================================================[0m
[96m📊 TRACKING NEW PICKS[0m
[96m==========================================================================================[0m
[96mNo new picks to track[0m

[1m[92m================================================================================[0m
[1m[92mTOP OVER PLAYS[0m
[1m[92m================================================================================[0m

[1m[91m================================================================================[0m
[1m[91mTOP UNDER PLAYS[0m
[1m[91m================================================================================[0m

[96mGenerating HTML report...[0m

[92m✓ HTML report saved: /Users/rico/sports-models/nba/nba_assists_props.html[0m

[1m[92m================================================================================[0m
[1m[92m✓ Model execution complete![0m
[1m[92m================================================================================[0m


==========================================
✅ Model completed successfully!
==========================================

📤 Pushing updates to GitHub...
[main 9beb8d7] Update model outputs - 2026-01-13 07:00:51
 Committer: Ricardo Hill <rico@Ricos-M1-Mac-2.local>
Your name and email address were configured automatically based
on your username and hostname. Please check that they are accurate.
You can suppress this message by setting them explicitly. Run the
following command and follow the instructions in your editor to edit
your configuration file:

    git config --global --edit

After doing this, you may fix the identity used for this commit with:

    git commit --amend --reset-author

 1 file changed, 62 deletions(-)
fatal: unable to access 'https://github.com/BangLetsGetIt/NBA-NCAA-Betting-Models.git/': Could not resolve host: github.com
⚠️  Push failed - you may need to set up the GitHub remote first
==========================================
NBA Assists Props Model Run: Wed Jan 14 07:00:04 EST 2026
==========================================
Running NBA Assists Props model...

[1m[96m================================================================================[0m
[1m[96mNBA ASSISTS PROPS A.I. MODEL[0m
[1m[96m================================================================================[0m

[96m==========================================================================================[0m
[96m🎯 GRADING PENDING PICKS[0m
[96m==========================================================================================[0m

[93m📋 Found 1 pending picks...[0m

  Fetching team stats to verify completed games for 2025-12-16...
[93m  ⚠ Could not find stats for De'Aaron Fox on 2025-12-16[0m

[93mNo picks ready for grading yet[0m

[96mFetching REAL NBA player assists statistics...[0m
[96m  Fetching season assists stats...[0m
[96m  Fetching recent form (last 10 games)...[0m
[92m✓ Fetched REAL assists stats for 509 players[0m

[96mFetching opponent assists factors...[0m
[92m✓ Fetched assists factors for 30 teams[0m

[96mFetching player assists prop odds...[0m
[96m  Found 7 upcoming games[0m
[96m  Filtered to 7 upcoming games[0m
[96m  Game 1/7: Cleveland Cavaliers @ Philadelphia 76ers[0m
[96m  Game 2/7: Toronto Raptors @ Indiana Pacers[0m
[96m  Game 3/7: Brooklyn Nets @ New Orleans Pelicans[0m
[96m  Game 4/7: Utah Jazz @ Chicago Bulls[0m
[96m  Game 5/7: Denver Nuggets @ Dallas Mavericks[0m
[96m  Game 6/7: New York Knicks @ Sacramento Kings[0m
[96m  Game 7/7: Washington Wizards @ Los Angeles Clippers[0m
[92m✓ Fetched 60 player assists props (grouped)[0m

[96mAnalyzing 60 player props with REAL stats...[0m
[92m✓ Found 0 top OVER plays (A.I. Score >= 10.0)[0m
[92m✓ Found 0 top UNDER plays (A.I. Score >= 10.0)[0m
[93m  Skipped 3 props (no player stats found)[0m
[93m  Skipped 114 props (score below 10.0 or failed checks)[0m

[96m==========================================================================================[0m
[96m📊 TRACKING NEW PICKS[0m
[96m==========================================================================================[0m
[96mNo new picks to track[0m

[1m[92m================================================================================[0m
[1m[92mTOP OVER PLAYS[0m
[1m[92m================================================================================[0m

[1m[91m================================================================================[0m
[1m[91mTOP UNDER PLAYS[0m
[1m[91m================================================================================[0m

[96mGenerating HTML report...[0m

[92m✓ HTML report saved: /Users/rico/sports-models/nba/nba_assists_props.html[0m

[1m[92m================================================================================[0m
[1m[92m✓ Model execution complete![0m
[1m[92m================================================================================[0m


==========================================
✅ Model completed successfully!
==========================================

📤 Pushing updates to GitHub...
No changes to commit
==========================================
NBA Assists Props Model Run: Thu Jan 15 07:00:04 EST 2026
==========================================
Running NBA Assists Props model...

[1m[96m================================================================================[0m
[1m[96mNBA ASSISTS PROPS A.I. MODEL[0m
[1m[96m================================================================================[0m

[96m==========================================================================================[0m
[96m🎯 GRADING PENDING PICKS[0m
[96m==========================================================================================[0m

[93m📋 Found 4 pending picks...[0m

  Fetching team stats to verify completed games for 2025-12-16...
[93m  ⚠ Could not find stats for De'Aaron Fox on 2025-12-16[0m
  Fetching team stats to verify completed games for 2026-01-15...

[93mNo picks ready for grading yet[0m

[96mFetching REAL NBA player assists statistics...[0m
[92m✓ Using cached player assists stats (less than 6 hours old)[0m

[96mFetching opponent assists factors...[0m
[92m✓ Using cached assists factors[0m

[96mFetching player assists prop odds...[0m
[96m  Found 9 upcoming games[0m
[96m  Filtered to 9 upcoming games[0m
[96m  Game 1/9: Memphis Grizzlies @ Orlando Magic[0m
[96m  Game 2/9: Phoenix Suns @ Detroit Pistons[0m
[96m  Game 3/9: Boston Celtics @ Miami Heat[0m
[96m  Game 4/9: Oklahoma City Thunder @ Houston Rockets[0m
[96m  Game 5/9: Milwaukee Bucks @ San Antonio Spurs[0m
[96m  Game 6/9: Utah Jazz @ Dallas Mavericks[0m
[96m  Game 7/9: Atlanta Hawks @ Portland Trail Blazers[0m
[96m  Game 8/9: New York Knicks @ Golden State Warriors[0m
[96m  Game 9/9: Charlotte Hornets @ Los Angeles Lakers[0m
[92m✓ Fetched 66 player assists props (grouped)[0m

[96mAnalyzing 66 player props with REAL stats...[0m
[92m✓ Found 1 top OVER plays (A.I. Score >= 10.0)[0m
[92m✓ Found 1 top UNDER plays (A.I. Score >= 10.0)[0m
[93m  Skipped 2 props (no player stats found)[0m
[93m  Skipped 126 props (score below 10.0 or failed checks)[0m

[96m==========================================================================================[0m
[96m📊 TRACKING NEW PICKS[0m
[96m==========================================================================================[0m
[93m✓ Updated odds for 1 existing picks[0m

[1m[92m================================================================================[0m
[1m[92mTOP OVER PLAYS[0m
[1m[92m================================================================================[0m
  [96m 1. Keyonte George           [0m | [92mOVER 5.5 AST   [0m | Dallas Mavericks          vs Utah Jazz                 | [1mA.I.: 10.00[0m | Rating: 3.9 ⭐

[1m[91m================================================================================[0m
[1m[91mTOP UNDER PLAYS[0m
[1m[91m================================================================================[0m
  [96m 1. Tyler Herro              [0m | [91mUNDER 4.5 AST  [0m | Miami Heat                vs Boston Celtics            | [1mA.I.: 10.00[0m | Rating: 4.9 ⭐⭐

[96mGenerating HTML report...[0m

[92m✓ HTML report saved: /Users/rico/sports-models/nba/nba_assists_props.html[0m

[1m[92m================================================================================[0m
[1m[92m✓ Model execution complete![0m
[1m[92m================================================================================[0m


==========================================
✅ Model completed successfully!
==========================================

📤 Pushing updates to GitHub...
[main 26b3729] Update model outputs - 2026-01-15 07:00:13
 Committer: Ricardo Hill <rico@Ricos-M1-Mac-2.local>
Your name and email address were configured automatically based
on your username and hostname. Please check that they are accurate.
You can suppress this message by setting them explicitly. Run the
following command and follow the instructions in your editor to edit
your configuration file:

    git config --global --edit

After doing this, you may fix the identity used for this commit with:

    git commit --amend --reset-author

 2 files changed, 6 insertions(+), 5 deletions(-)
To https://github.com/BangLetsGetIt/NBA-NCAA-Betting-Models.git
   3e7d260..26b3729  main -> main
✅ Successfully pushed to GitHub!
==========================================
NBA Assists Props Model Run: Fri Jan 16 07:00:04 EST 2026
==========================================
Running NBA Assists Props model...

[1m[96m================================================================================[0m
[1m[96mNBA ASSISTS PROPS A.I. MODEL[0m
[1m[96m================================================================================[0m

[96m==========================================================================================[0m
[96m🎯 GRADING PENDING PICKS[0m
[96m==========================================================================================[0m

[93m📋 Found 1 pending picks...[0m

  Fetching team stats to verify completed games for 2025-12-16...
[93m  ⚠ Could not find stats for De'Aaron Fox on 2025-12-16[0m

[93mNo picks ready for grading yet[0m

[96mFetching REAL NBA player assists statistics...[0m
[96m  Fetching season assists stats...[0m
[96m  Fetching recent form (last 10 games)...[0m
[92m✓ Fetched REAL assists stats for 509 players[0m

[96mFetching opponent assists factors...[0m
[93m⚠ Could not fetch assists factors: HTTPSConnectionPool(host='stats.nba.com', port=443): Read timed out. (read timeout=30)[0m

[96mFetching player assists prop odds...[0m
[96m  Found 7 upcoming games[0m
[96m  Filtered to 7 upcoming games[0m
[96m  Game 1/7: Cleveland Cavaliers @ Philadelphia 76ers[0m
[96m  Game 2/7: New Orleans Pelicans @ Indiana Pacers[0m
[96m  Game 3/7: Chicago Bulls @ Brooklyn Nets[0m
[96m  Game 4/7: Los Angeles Clippers @ Toronto Raptors[0m
[96m  Game 5/7: Minnesota Timberwolves @ Houston Rockets[0m
[96m  Game 6/7: Washington Wizards @ Sacramento Kings[0m
[96m  Game 7/7: Orlando Magic @ Memphis Grizzlies[0m
[92m✓ Fetched 52 player assists props (grouped)[0m

[96mAnalyzing 52 player props with REAL stats...[0m
[92m✓ Found 0 top OVER plays (A.I. Score >= 10.0)[0m
[92m✓ Found 0 top UNDER plays (A.I. Score >= 10.0)[0m
[93m  Skipped 2 props (no player stats found)[0m
[93m  Skipped 100 props (score below 10.0 or failed checks)[0m

[96m==========================================================================================[0m
[96m📊 TRACKING NEW PICKS[0m
[96m==========================================================================================[0m
[96mNo new picks to track[0m

[1m[92m================================================================================[0m
[1m[92mTOP OVER PLAYS[0m
[1m[92m================================================================================[0m

[1m[91m================================================================================[0m
[1m[91mTOP UNDER PLAYS[0m
[1m[91m================================================================================[0m

[96mGenerating HTML report...[0m

[92m✓ HTML report saved: /Users/rico/sports-models/nba/nba_assists_props.html[0m

[1m[92m================================================================================[0m
[1m[92m✓ Model execution complete![0m
[1m[92m================================================================================[0m


==========================================
✅ Model completed successfully!
==========================================

📤 Pushing updates to GitHub...
No changes to commit
==========================================
NBA Assists Props Model Run: Sun Jan 18 07:00:05 EST 2026
==========================================
Running NBA Assists Props model...

[1m[96m================================================================================[0m
[1m[96mNBA ASSISTS PROPS A.I. MODEL[0m
[1m[96m================================================================================[0m

[96m==========================================================================================[0m
[96m🎯 GRADING PENDING PICKS[0m
[96m==========================================================================================[0m

[93m📋 Found 1 pending picks...[0m

  Fetching team stats to verify completed games for 2025-12-16...
[93m  ⚠ Could not find stats for De'Aaron Fox on 2025-12-16[0m

[93mNo picks ready for grading yet[0m

[96mFetching REAL NBA player assists statistics...[0m
[92m✓ Using cached player assists stats (less than 6 hours old)[0m

[96mFetching opponent assists factors...[0m
[92m✓ Using cached assists factors[0m

[96mFetching player assists prop odds...[0m
[96m  Found 6 upcoming games[0m
[96m  Filtered to 6 upcoming games[0m
[96m  Game 1/6: Orlando Magic @ Memphis Grizzlies[0m
[96m  Game 2/6: Brooklyn Nets @ Chicago Bulls[0m
[96m  Game 3/6: New Orleans Pelicans @ Houston Rockets[0m
[96m  Game 4/6: Charlotte Hornets @ Denver Nuggets[0m
[96m  Game 5/6: Portland Trail Blazers @ Sacramento Kings[0m
[96m  Game 6/6: Toronto Raptors @ Los Angeles Lakers[0m
[92m✓ Fetched 53 player assists props (grouped)[0m

[96mAnalyzing 53 player props with REAL stats...[0m
[92m✓ Found 0 top OVER plays (A.I. Score >= 10.0)[0m
[92m✓ Found 0 top UNDER plays (A.I. Score >= 10.0)[0m
[93m  Skipped 3 props (no player stats found)[0m
[93m  Skipped 100 props (score below 10.0 or failed checks)[0m

[96m==========================================================================================[0m
[96m📊 TRACKING NEW PICKS[0m
[96m==========================================================================================[0m
[96mNo new picks to track[0m

[1m[92m================================================================================[0m
[1m[92mTOP OVER PLAYS[0m
[1m[92m================================================================================[0m

[1m[91m================================================================================[0m
[1m[91mTOP UNDER PLAYS[0m
[1m[91m================================================================================[0m

[96mGenerating HTML report...[0m

[92m✓ HTML report saved: /Users/rico/sports-models/nba/nba_assists_props.html[0m

[1m[92m================================================================================[0m
[1m[92m✓ Model execution complete![0m
[1m[92m================================================================================[0m


==========================================
✅ Model completed successfully!
==========================================

📤 Pushing updates to GitHub...
[main 18c06e2] Update model outputs - 2026-01-18 07:00:11
 Committer: Ricardo Hill <rico@Ricos-M1-Mac-2.local>
Your name and email address were configured automatically based
on your username and hostname. Please check that they are accurate.
You can suppress this message by setting them explicitly. Run the
following command and follow the instructions in your editor to edit
your configuration file:

    git config --global --edit

After doing this, you may fix the identity used for this commit with:

    git commit --amend --reset-author

 2 files changed, 5 insertions(+), 5 deletions(-)
To https://github.com/BangLetsGetIt/NBA-NCAA-Betting-Models.git
   4bd7cca..18c06e2  main -> main
✅ Successfully pushed to GitHub!
==========================================
NBA Assists Props Model Run: Mon Jan 19 07:00:02 EST 2026
==========================================
Running NBA Assists Props model...

[1m[96m================================================================================[0m
[1m[96mNBA ASSISTS PROPS A.I. MODEL[0m
[1m[96m================================================================================[0m

[96m==========================================================================================[0m
[96m🎯 GRADING PENDING PICKS[0m
[96m==========================================================================================[0m

[93m📋 Found 2 pending picks...[0m

  Fetching team stats to verify completed games for 2025-12-16...
[93m  ⚠ Could not find stats for De'Aaron Fox on 2025-12-16[0m
  Fetching team stats to verify completed games for 2026-01-19...

[93mNo picks ready for grading yet[0m

[96mFetching REAL NBA player assists statistics...[0m
[92m✓ Using cached player assists stats (less than 6 hours old)[0m

[96mFetching opponent assists factors...[0m
[92m✓ Using cached assists factors[0m

[96mFetching player assists prop odds...[0m
[96m  Found 9 upcoming games[0m
[96m  Filtered to 9 upcoming games[0m
[96m  Game 1/9: Milwaukee Bucks @ Atlanta Hawks[0m
[96m  Game 2/9: Oklahoma City Thunder @ Cleveland Cavaliers[0m
[96m  Game 3/9: Los Angeles Clippers @ Washington Wizards[0m
[96m  Game 4/9: Dallas Mavericks @ New York Knicks[0m
[96m  Game 5/9: Utah Jazz @ San Antonio Spurs[0m
[96m  Game 6/9: Indiana Pacers @ Philadelphia 76ers[0m
[96m  Game 7/9: Phoenix Suns @ Brooklyn Nets[0m
[96m  Game 8/9: Boston Celtics @ Detroit Pistons[0m
[96m  Game 9/9: Miami Heat @ Golden State Warriors[0m
[92m✓ Fetched 65 player assists props (grouped)[0m

[96mAnalyzing 65 player props with REAL stats...[0m
[92m✓ Found 1 top OVER plays (A.I. Score >= 10.0)[0m
[92m✓ Found 0 top UNDER plays (A.I. Score >= 10.0)[0m
[93m  Skipped 2 props (no player stats found)[0m
[93m  Skipped 125 props (score below 10.0 or failed checks)[0m

[96m==========================================================================================[0m
[96m📊 TRACKING NEW PICKS[0m
[96m==========================================================================================[0m
[93m✓ Updated odds for 1 existing picks[0m

[1m[92m================================================================================[0m
[1m[92mTOP OVER PLAYS[0m
[1m[92m================================================================================[0m
  [96m 1. Keyonte George           [0m | [92mOVER 5.5 AST   [0m | San Antonio Spurs         vs Utah Jazz                 | [1mA.I.: 10.00[0m | Rating: 4.2 ⭐⭐

[1m[91m================================================================================[0m
[1m[91mTOP UNDER PLAYS[0m
[1m[91m================================================================================[0m

[96mGenerating HTML report...[0m

[92m✓ HTML report saved: /Users/rico/sports-models/nba/nba_assists_props.html[0m

[1m[92m================================================================================[0m
[1m[92m✓ Model execution complete![0m
[1m[92m================================================================================[0m


==========================================
✅ Model completed successfully!
==========================================

📤 Pushing updates to GitHub...
[main 7a4af86] Update model outputs - 2026-01-19 07:00:22
 Committer: Ricardo Hill <rico@Ricos-M1-Mac-2.local>
Your name and email address were configured automatically based
on your username and hostname. Please check that they are accurate.
You can suppress this message by setting them explicitly. Run the
following command and follow the instructions in your editor to edit
your configuration file:

    git config --global --edit

After doing this, you may fix the identity used for this commit with:

    git commit --amend --reset-author

 2 files changed, 6 insertions(+), 5 deletions(-)
To https://github.com/BangLetsGetIt/NBA-NCAA-Betting-Models.git
   36f71cd..7a4af86  main -> main
✅ Successfully pushed to GitHub!
==========================================
NBA Assists Props Model Run: Tue Jan 20 07:00:04 EST 2026
==========================================
Running NBA Assists Props model...

[1m[96m================================================================================[0m
[1m[96mNBA ASSISTS PROPS A.I. MODEL[0m
[1m[96m================================================================================[0m

[96m==========================================================================================[0m
[96m🎯 GRADING PENDING PICKS[0m
[96m==========================================================================================[0m

[93m📋 Found 4 pending picks...[0m

  Fetching team stats to verify completed games for 2025-12-16...
[93m  ⚠ Could not find stats for De'Aaron Fox on 2025-12-16[0m
  Fetching team stats to verify completed games for 2026-01-20...

[93mNo picks ready for grading yet[0m

[96mFetching REAL NBA player assists statistics...[0m
[92m✓ Using cached player assists stats (less than 6 hours old)[0m

[96mFetching opponent assists factors...[0m
[92m✓ Using cached assists factors[0m

[96mFetching player assists prop odds...[0m
[96m  Found 7 upcoming games[0m
[96m  Filtered to 7 upcoming games[0m
[96m  Game 1/7: Phoenix Suns @ Philadelphia 76ers[0m
[96m  Game 2/7: Los Angeles Clippers @ Chicago Bulls[0m
[96m  Game 3/7: San Antonio Spurs @ Houston Rockets[0m
[96m  Game 4/7: Minnesota Timberwolves @ Utah Jazz[0m
[96m  Game 5/7: Los Angeles Lakers @ Denver Nuggets[0m
[96m  Game 6/7: Toronto Raptors @ Golden State Warriors[0m
[96m  Game 7/7: Miami Heat @ Sacramento Kings[0m
[92m✓ Fetched 51 player assists props (grouped)[0m

[96mAnalyzing 51 player props with REAL stats...[0m
[92m✓ Found 2 top OVER plays (A.I. Score >= 10.0)[0m
[92m✓ Found 0 top UNDER plays (A.I. Score >= 10.0)[0m
[93m  Skipped 3 props (no player stats found)[0m
[93m  Skipped 94 props (score below 10.0 or failed checks)[0m

[96m==========================================================================================[0m
[96m📊 TRACKING NEW PICKS[0m
[96m==========================================================================================[0m
[93m✓ Updated odds for 2 existing picks[0m

[1m[92m================================================================================[0m
[1m[92mTOP OVER PLAYS[0m
[1m[92m================================================================================[0m
  [96m 1. Josh Giddey              [0m | [92mOVER 7.5 AST   [0m | Chicago Bulls             vs Los Angeles Clippers      | [1mA.I.: 10.00[0m | Rating: 4.9 ⭐⭐
  [96m 2. De'Aaron Fox             [0m | [92mOVER 4.5 AST   [0m | San Antonio Spurs         vs Houston Rockets           | [1mA.I.: 10.00[0m | Rating: 4.9 ⭐⭐

[1m[91m================================================================================[0m
[1m[91mTOP UNDER PLAYS[0m
[1m[91m================================================================================[0m

[96mGenerating HTML report...[0m

[92m✓ HTML report saved: /Users/rico/sports-models/nba/nba_assists_props.html[0m

[1m[92m================================================================================[0m
[1m[92m✓ Model execution complete![0m
[1m[92m================================================================================[0m


==========================================
✅ Model completed successfully!
==========================================

📤 Pushing updates to GitHub...
[main 6958827] Update model outputs - 2026-01-20 07:00:08
 Committer: Ricardo Hill <rico@Ricos-M1-Mac-2.local>
Your name and email address were configured automatically based
on your username and hostname. Please check that they are accurate.
You can suppress this message by setting them explicitly. Run the
following command and follow the instructions in your editor to edit
your configuration file:

    git config --global --edit

After doing this, you may fix the identity used for this commit with:

    git commit --amend --reset-author

 2 files changed, 12 insertions(+), 10 deletions(-)
To https://github.com/BangLetsGetIt/NBA-NCAA-Betting-Models.git
   414f17e..6958827  main -> main
✅ Successfully pushed to GitHub!
==========================================
NBA Assists Props Model Run: Wed Jan 21 07:00:03 EST 2026
==========================================
Running NBA Assists Props model...

[1m[96m================================================================================[0m
[1m[96mNBA ASSISTS PROPS A.I. MODEL[0m
[1m[96m================================================================================[0m

[96m==========================================================================================[0m
[96m🎯 GRADING PENDING PICKS[0m
[96m==========================================================================================[0m

[93m📋 Found 1 pending picks...[0m

  Fetching team stats to verify completed games for 2025-12-16...
[93m  ⚠ Could not find stats for De'Aaron Fox on 2025-12-16[0m

[93mNo picks ready for grading yet[0m

[96mFetching REAL NBA player assists statistics...[0m
[92m✓ Using cached player assists stats (less than 6 hours old)[0m

[96mFetching opponent assists factors...[0m
[92m✓ Using cached assists factors[0m

[96mFetching player assists prop odds...[0m
[96m  Found 7 upcoming games[0m
[96m  Filtered to 7 upcoming games[0m
[96m  Game 1/7: Cleveland Cavaliers @ Charlotte Hornets[0m
[96m  Game 2/7: Indiana Pacers @ Boston Celtics[0m
[96m  Game 3/7: Brooklyn Nets @ New York Knicks[0m
[96m  Game 4/7: Atlanta Hawks @ Memphis Grizzlies[0m
[96m  Game 5/7: Detroit Pistons @ New Orleans Pelicans[0m
[96m  Game 6/7: Oklahoma City Thunder @ Milwaukee Bucks[0m
[96m  Game 7/7: Toronto Raptors @ Sacramento Kings[0m
[92m✓ Fetched 62 player assists props (grouped)[0m

[96mAnalyzing 62 player props with REAL stats...[0m
[92m✓ Found 0 top OVER plays (A.I. Score >= 10.0)[0m
[92m✓ Found 0 top UNDER plays (A.I. Score >= 10.0)[0m
[93m  Skipped 1 props (no player stats found)[0m
[93m  Skipped 122 props (score below 10.0 or failed checks)[0m

[96m==========================================================================================[0m
[96m📊 TRACKING NEW PICKS[0m
[96m==========================================================================================[0m
[96mNo new picks to track[0m

[1m[92m================================================================================[0m
[1m[92mTOP OVER PLAYS[0m
[1m[92m================================================================================[0m

[1m[91m================================================================================[0m
[1m[91mTOP UNDER PLAYS[0m
[1m[91m================================================================================[0m

[96mGenerating HTML report...[0m

[92m✓ HTML report saved: /Users/rico/sports-models/nba/nba_assists_props.html[0m

[1m[92m================================================================================[0m
[1m[92m✓ Model execution complete![0m
[1m[92m================================================================================[0m


==========================================
✅ Model completed successfully!
==========================================

📤 Pushing updates to GitHub...
No changes to commit
==========================================
NBA Assists Props Model Run: Fri Jan 23 07:00:05 EST 2026
==========================================
Running NBA Assists Props model...

[1m[96m================================================================================[0m
[1m[96mNBA ASSISTS PROPS A.I. MODEL[0m
[1m[96m================================================================================[0m

[96m==========================================================================================[0m
[96m🎯 GRADING PENDING PICKS[0m
[96m==========================================================================================[0m

[93m📋 Found 4 pending picks...[0m

  Fetching team stats to verify completed games for 2025-12-16...
[93m  ⚠ Could not find stats for De'Aaron Fox on 2025-12-16[0m
  Fetching team stats to verify completed games for 2026-01-23...

[93mNo picks ready for grading yet[0m

[96mFetching REAL NBA player assists statistics...[0m
[92m✓ Using cached player assists stats (less than 6 hours old)[0m

[96mFetching opponent assists factors...[0m
[92m✓ Using cached assists factors[0m

[96mFetching player assists prop odds...[0m
[96m  Found 8 upcoming games[0m
[96m  Filtered to 8 upcoming games[0m
[96m  Game 1/8: Houston Rockets @ Detroit Pistons[0m
[96m  Game 2/8: Phoenix Suns @ Atlanta Hawks[0m
[96m  Game 3/8: Boston Celtics @ Brooklyn Nets[0m
[96m  Game 4/8: Sacramento Kings @ Cleveland Cavaliers[0m
[96m  Game 5/8: New Orleans Pelicans @ Memphis Grizzlies[0m
[96m  Game 6/8: Denver Nuggets @ Milwaukee Bucks[0m
[96m  Game 7/8: Indiana Pacers @ Oklahoma City Thunder[0m
[96m  Game 8/8: Toronto Raptors @ Portland Trail Blazers[0m
[92m✓ Fetched 0 player assists props (grouped)[0m

[96mAnalyzing 0 player props with REAL stats...[0m
[92m✓ Found 0 top OVER plays (A.I. Score >= 10.0)[0m
[92m✓ Found 0 top UNDER plays (A.I. Score >= 10.0)[0m

[96m==========================================================================================[0m
[96m📊 TRACKING NEW PICKS[0m
[96m==========================================================================================[0m
[96mNo new picks to track[0m

[1m[92m================================================================================[0m
[1m[92mTOP OVER PLAYS[0m
[1m[92m================================================================================[0m

[1m[91m================================================================================[0m
[1m[91mTOP UNDER PLAYS[0m
[1m[91m================================================================================[0m

[96mGenerating HTML report...[0m

[92m✓ HTML report saved: /Users/rico/sports-models/nba/nba_assists_props.html[0m

[1m[92m================================================================================[0m
[1m[92m✓ Model execution complete![0m
[1m[92m================================================================================[0m


==========================================
✅ Model completed successfully!
==========================================

📤 Pushing updates to GitHub...
No changes to commit
