==========================================
NBA Model Run: Sun Nov 16 10:00:03 EST 2025
==========================================
Running NBA model...
Traceback (most recent call last):
  File "/Users/rico/sports-models/nba/nba_model_IMPROVED.py", line 8, in <module>
    from jinja2 import Template
ModuleNotFoundError: No module named 'jinja2'

==========================================
✅ Model completed successfully!
==========================================

📤 Pushing updates to GitHub...
No changes to commit
==========================================
NBA Model Run: Mon Nov 17 10:00:00 EST 2025
==========================================
Running NBA model...
Traceback (most recent call last):
  File "/Library/Frameworks/Python.framework/Versions/3.13/lib/python3.13/site-packages/urllib3/connection.py", line 198, in _new_conn
    sock = connection.create_connection(
        (self._dns_host, self.port),
    ...<2 lines>...
        socket_options=self.socket_options,
    )
  File "/Library/Frameworks/Python.framework/Versions/3.13/lib/python3.13/site-packages/urllib3/util/connection.py", line 60, in create_connection
    for res in socket.getaddrinfo(host, port, family, socket.SOCK_STREAM):
               ~~~~~~~~~~~~~~~~~~^^^^^^^^^^^^^^^^^^^^^^^^^^^^^^^^^^^^^^^^
  File "/Library/Frameworks/Python.framework/Versions/3.13/lib/python3.13/socket.py", line 977, in getaddrinfo
    for res in _socket.getaddrinfo(host, port, family, type, proto, flags):
               ~~~~~~~~~~~~~~~~~~~^^^^^^^^^^^^^^^^^^^^^^^^^^^^^^^^^^^^^^^^
socket.gaierror: [Errno 8] nodename nor servname provided, or not known

The above exception was the direct cause of the following exception:

Traceback (most recent call last):
  File "/Library/Frameworks/Python.framework/Versions/3.13/lib/python3.13/site-packages/urllib3/connectionpool.py", line 787, in urlopen
    response = self._make_request(
        conn,
    ...<10 lines>...
        **response_kw,
    )
  File "/Library/Frameworks/Python.framework/Versions/3.13/lib/python3.13/site-packages/urllib3/connectionpool.py", line 488, in _make_request
    raise new_e
  File "/Library/Frameworks/Python.framework/Versions/3.13/lib/python3.13/site-packages/urllib3/connectionpool.py", line 464, in _make_request
    self._validate_conn(conn)
    ~~~~~~~~~~~~~~~~~~~^^^^^^
  File "/Library/Frameworks/Python.framework/Versions/3.13/lib/python3.13/site-packages/urllib3/connectionpool.py", line 1093, in _validate_conn
    conn.connect()
    ~~~~~~~~~~~~^^
  File "/Library/Frameworks/Python.framework/Versions/3.13/lib/python3.13/site-packages/urllib3/connection.py", line 753, in connect
    self.sock = sock = self._new_conn()
                       ~~~~~~~~~~~~~~^^
  File "/Library/Frameworks/Python.framework/Versions/3.13/lib/python3.13/site-packages/urllib3/connection.py", line 205, in _new_conn
    raise NameResolutionError(self.host, self, e) from e
urllib3.exceptions.NameResolutionError: <urllib3.connection.HTTPSConnection object at 0x12093fd90>: Failed to resolve 'stats.nba.com' ([Errno 8] nodename nor servname provided, or not known)

The above exception was the direct cause of the following exception:

Traceback (most recent call last):
  File "/Library/Frameworks/Python.framework/Versions/3.13/lib/python3.13/site-packages/requests/adapters.py", line 667, in send
    resp = conn.urlopen(
        method=request.method,
    ...<9 lines>...
        chunked=chunked,
    )
  File "/Library/Frameworks/Python.framework/Versions/3.13/lib/python3.13/site-packages/urllib3/connectionpool.py", line 841, in urlopen
    retries = retries.increment(
        method, url, error=new_e, _pool=self, _stacktrace=sys.exc_info()[2]
    )
  File "/Library/Frameworks/Python.framework/Versions/3.13/lib/python3.13/site-packages/urllib3/util/retry.py", line 519, in increment
    raise MaxRetryError(_pool, url, reason) from reason  # type: ignore[arg-type]
    ^^^^^^^^^^^^^^^^^^^^^^^^^^^^^^^^^^^^^^^^^^^^^^^^^^^
urllib3.exceptions.MaxRetryError: HTTPSConnectionPool(host='stats.nba.com', port=443): Max retries exceeded with url: /stats/leaguedashteamstats?Conference=&DateFrom=&DateTo=&Division=&GameScope=&GameSegment=&LastNGames=0&LeagueID=&Location=&MeasureType=Advanced&Month=0&OpponentTeamID=0&Outcome=&PORound=&PaceAdjust=N&PerMode=Totals&Period=0&PlayerExperience=&PlayerPosition=&PlusMinus=N&Rank=N&Season=2024-25&SeasonSegment=&SeasonType=Regular+Season&ShotClockRange=&StarterBench=&TeamID=&TwoWay=&VsConference=&VsDivision= (Caused by NameResolutionError("<urllib3.connection.HTTPSConnection object at 0x12093fd90>: Failed to resolve 'stats.nba.com' ([Errno 8] nodename nor servname provided, or not known)"))

During handling of the above exception, another exception occurred:

Traceback (most recent call last):
  File "/Users/rico/sports-models/nba/nba_model_IMPROVED.py", line 917, in fetch_advanced_stats
    season_stats_data = leaguedashteamstats.LeagueDashTeamStats(
        measure_type_detailed_defense='Advanced',
        season=CURRENT_SEASON,
        timeout=30
    )
  File "/Library/Frameworks/Python.framework/Versions/3.13/lib/python3.13/site-packages/nba_api/stats/endpoints/leaguedashteamstats.py", line 173, in __init__
    self.get_request()
    ~~~~~~~~~~~~~~~~^^
  File "/Library/Frameworks/Python.framework/Versions/3.13/lib/python3.13/site-packages/nba_api/stats/endpoints/leaguedashteamstats.py", line 176, in get_request
    self.nba_response = NBAStatsHTTP().send_api_request(
                        ~~~~~~~~~~~~~~~~~~~~~~~~~~~~~~~^
        endpoint=self.endpoint,
        ^^^^^^^^^^^^^^^^^^^^^^^
    ...<3 lines>...
        timeout=self.timeout,
        ^^^^^^^^^^^^^^^^^^^^^
    )
    ^
  File "/Library/Frameworks/Python.framework/Versions/3.13/lib/python3.13/site-packages/nba_api/library/http.py", line 160, in send_api_request
    response = self.get_session().get(
        url=base_url,
    ...<3 lines>...
        timeout=timeout,
    )
  File "/Library/Frameworks/Python.framework/Versions/3.13/lib/python3.13/site-packages/requests/sessions.py", line 602, in get
    return self.request("GET", url, **kwargs)
           ~~~~~~~~~~~~^^^^^^^^^^^^^^^^^^^^^^
  File "/Library/Frameworks/Python.framework/Versions/3.13/lib/python3.13/site-packages/requests/sessions.py", line 589, in request
    resp = self.send(prep, **send_kwargs)
  File "/Library/Frameworks/Python.framework/Versions/3.13/lib/python3.13/site-packages/requests/sessions.py", line 703, in send
    r = adapter.send(request, **kwargs)
  File "/Library/Frameworks/Python.framework/Versions/3.13/lib/python3.13/site-packages/requests/adapters.py", line 700, in send
    raise ConnectionError(e, request=request)
requests.exceptions.ConnectionError: HTTPSConnectionPool(host='stats.nba.com', port=443): Max retries exceeded with url: /stats/leaguedashteamstats?Conference=&DateFrom=&DateTo=&Division=&GameScope=&GameSegment=&LastNGames=0&LeagueID=&Location=&MeasureType=Advanced&Month=0&OpponentTeamID=0&Outcome=&PORound=&PaceAdjust=N&PerMode=Totals&Period=0&PlayerExperience=&PlayerPosition=&PlusMinus=N&Rank=N&Season=2024-25&SeasonSegment=&SeasonType=Regular+Season&ShotClockRange=&StarterBench=&TeamID=&TwoWay=&VsConference=&VsDivision= (Caused by NameResolutionError("<urllib3.connection.HTTPSConnection object at 0x12093fd90>: Failed to resolve 'stats.nba.com' ([Errno 8] nodename nor servname provided, or not known)"))

[1m==========================================================================================[0m
[1m[96m🎲 IMPROVED NBA BETTING MODEL 🎲[0m
[1m[92m⚡ Enhanced Stats + Rest Days + Stricter Filters ⚡[0m
[1m==========================================================================================[0m

[1m[96mSTEP 1: Checking for Completed Games[0m

[96m==========================================================================================[0m
[96m🔄 UPDATING RESULTS FOR COMPLETED GAMES[0m
[96m==========================================================================================[0m

[93m📋 Checking 5 pending picks...[0m
[96mFetching completed NBA game scores...[0m
[91mError fetching NBA scores: HTTPSConnectionPool(host='api.the-odds-api.com', port=443): Max retries exceeded with url: /v4/sports/basketball_nba/scores/?apiKey=671958bc1621170701241a09d5ecc627&daysFrom=3 (Caused by NameResolutionError("<urllib3.connection.HTTPSConnection object at 0x120b986e0>: Failed to resolve 'api.the-odds-api.com' ([Errno 8] nodename nor servname provided, or not known)"))[0m
[93m⚠️  No completed games found.[0m
[92m✓ Tracking data saved to /Users/rico/sports-models/nba/nba_picks_tracking.json[0m
[92m✓ Tracking dashboard saved: /Users/rico/sports-models/nba/nba_tracking_dashboard.html[0m

[1m[96mSTEP 2: Fetching Composite Stats (Season + Form)[0m
[96m🔄 Fetching new team stats from stats.nba.com...[0m
[91m✗ Error fetching stats: HTTPSConnectionPool(host='stats.nba.com', port=443): Max retries exceeded with url: /stats/leaguedashteamstats?Conference=&DateFrom=&DateTo=&Division=&GameScope=&GameSegment=&LastNGames=0&LeagueID=&Location=&MeasureType=Advanced&Month=0&OpponentTeamID=0&Outcome=&PORound=&PaceAdjust=N&PerMode=Totals&Period=0&PlayerExperience=&PlayerPosition=&PlusMinus=N&Rank=N&Season=2024-25&SeasonSegment=&SeasonType=Regular+Season&ShotClockRange=&StarterBench=&TeamID=&TwoWay=&VsConference=&VsDivision= (Caused by NameResolutionError("<urllib3.connection.HTTPSConnection object at 0x12093fd90>: Failed to resolve 'stats.nba.com' ([Errno 8] nodename nor servname provided, or not known)"))[0m

[91m⚠️  Could not fetch advanced stats. Exiting.[0m

==========================================
✅ Model completed successfully!
==========================================

📤 Pushing updates to GitHub...
[main 1dc1f77] Update model outputs - 2025-11-17 10:00:03
 Committer: Ricardo Hill <rico@Ricos-M1-Mac-2.local>
Your name and email address were configured automatically based
on your username and hostname. Please check that they are accurate.
You can suppress this message by setting them explicitly. Run the
following command and follow the instructions in your editor to edit
your configuration file:

    git config --global --edit

After doing this, you may fix the identity used for this commit with:

    git commit --amend --reset-author

 1 file changed, 1 insertion(+), 1 deletion(-)
fatal: unable to access 'https://github.com/BangLetsGetIt/NBA-NCAA-Betting-Models.git/': Could not resolve host: github.com
⚠️  Push failed - you may need to set up the GitHub remote first
==========================================
NBA Model Run: Tue Nov 18 10:00:00 EST 2025
==========================================
Running NBA model...
Traceback (most recent call last):
  File "/Library/Frameworks/Python.framework/Versions/3.13/lib/python3.13/site-packages/urllib3/connection.py", line 198, in _new_conn
    sock = connection.create_connection(
        (self._dns_host, self.port),
    ...<2 lines>...
        socket_options=self.socket_options,
    )
  File "/Library/Frameworks/Python.framework/Versions/3.13/lib/python3.13/site-packages/urllib3/util/connection.py", line 60, in create_connection
    for res in socket.getaddrinfo(host, port, family, socket.SOCK_STREAM):
               ~~~~~~~~~~~~~~~~~~^^^^^^^^^^^^^^^^^^^^^^^^^^^^^^^^^^^^^^^^
  File "/Library/Frameworks/Python.framework/Versions/3.13/lib/python3.13/socket.py", line 977, in getaddrinfo
    for res in _socket.getaddrinfo(host, port, family, type, proto, flags):
               ~~~~~~~~~~~~~~~~~~~^^^^^^^^^^^^^^^^^^^^^^^^^^^^^^^^^^^^^^^^
socket.gaierror: [Errno 8] nodename nor servname provided, or not known

The above exception was the direct cause of the following exception:

Traceback (most recent call last):
  File "/Library/Frameworks/Python.framework/Versions/3.13/lib/python3.13/site-packages/urllib3/connectionpool.py", line 787, in urlopen
    response = self._make_request(
        conn,
    ...<10 lines>...
        **response_kw,
    )
  File "/Library/Frameworks/Python.framework/Versions/3.13/lib/python3.13/site-packages/urllib3/connectionpool.py", line 488, in _make_request
    raise new_e
  File "/Library/Frameworks/Python.framework/Versions/3.13/lib/python3.13/site-packages/urllib3/connectionpool.py", line 464, in _make_request
    self._validate_conn(conn)
    ~~~~~~~~~~~~~~~~~~~^^^^^^
  File "/Library/Frameworks/Python.framework/Versions/3.13/lib/python3.13/site-packages/urllib3/connectionpool.py", line 1093, in _validate_conn
    conn.connect()
    ~~~~~~~~~~~~^^
  File "/Library/Frameworks/Python.framework/Versions/3.13/lib/python3.13/site-packages/urllib3/connection.py", line 753, in connect
    self.sock = sock = self._new_conn()
                       ~~~~~~~~~~~~~~^^
  File "/Library/Frameworks/Python.framework/Versions/3.13/lib/python3.13/site-packages/urllib3/connection.py", line 205, in _new_conn
    raise NameResolutionError(self.host, self, e) from e
urllib3.exceptions.NameResolutionError: <urllib3.connection.HTTPSConnection object at 0x11502bed0>: Failed to resolve 'stats.nba.com' ([Errno 8] nodename nor servname provided, or not known)

The above exception was the direct cause of the following exception:

Traceback (most recent call last):
  File "/Library/Frameworks/Python.framework/Versions/3.13/lib/python3.13/site-packages/requests/adapters.py", line 667, in send
    resp = conn.urlopen(
        method=request.method,
    ...<9 lines>...
        chunked=chunked,
    )
  File "/Library/Frameworks/Python.framework/Versions/3.13/lib/python3.13/site-packages/urllib3/connectionpool.py", line 841, in urlopen
    retries = retries.increment(
        method, url, error=new_e, _pool=self, _stacktrace=sys.exc_info()[2]
    )
  File "/Library/Frameworks/Python.framework/Versions/3.13/lib/python3.13/site-packages/urllib3/util/retry.py", line 519, in increment
    raise MaxRetryError(_pool, url, reason) from reason  # type: ignore[arg-type]
    ^^^^^^^^^^^^^^^^^^^^^^^^^^^^^^^^^^^^^^^^^^^^^^^^^^^
urllib3.exceptions.MaxRetryError: HTTPSConnectionPool(host='stats.nba.com', port=443): Max retries exceeded with url: /stats/leaguedashteamstats?Conference=&DateFrom=&DateTo=&Division=&GameScope=&GameSegment=&LastNGames=0&LeagueID=&Location=&MeasureType=Advanced&Month=0&OpponentTeamID=0&Outcome=&PORound=&PaceAdjust=N&PerMode=Totals&Period=0&PlayerExperience=&PlayerPosition=&PlusMinus=N&Rank=N&Season=2024-25&SeasonSegment=&SeasonType=Regular+Season&ShotClockRange=&StarterBench=&TeamID=&TwoWay=&VsConference=&VsDivision= (Caused by NameResolutionError("<urllib3.connection.HTTPSConnection object at 0x11502bed0>: Failed to resolve 'stats.nba.com' ([Errno 8] nodename nor servname provided, or not known)"))

During handling of the above exception, another exception occurred:

Traceback (most recent call last):
  File "/Users/rico/sports-models/nba/nba_model_IMPROVED.py", line 917, in fetch_advanced_stats
    season_stats_data = leaguedashteamstats.LeagueDashTeamStats(
        measure_type_detailed_defense='Advanced',
        season=CURRENT_SEASON,
        timeout=30
    )
  File "/Library/Frameworks/Python.framework/Versions/3.13/lib/python3.13/site-packages/nba_api/stats/endpoints/leaguedashteamstats.py", line 173, in __init__
    self.get_request()
    ~~~~~~~~~~~~~~~~^^
  File "/Library/Frameworks/Python.framework/Versions/3.13/lib/python3.13/site-packages/nba_api/stats/endpoints/leaguedashteamstats.py", line 176, in get_request
    self.nba_response = NBAStatsHTTP().send_api_request(
                        ~~~~~~~~~~~~~~~~~~~~~~~~~~~~~~~^
        endpoint=self.endpoint,
        ^^^^^^^^^^^^^^^^^^^^^^^
    ...<3 lines>...
        timeout=self.timeout,
        ^^^^^^^^^^^^^^^^^^^^^
    )
    ^
  File "/Library/Frameworks/Python.framework/Versions/3.13/lib/python3.13/site-packages/nba_api/library/http.py", line 160, in send_api_request
    response = self.get_session().get(
        url=base_url,
    ...<3 lines>...
        timeout=timeout,
    )
  File "/Library/Frameworks/Python.framework/Versions/3.13/lib/python3.13/site-packages/requests/sessions.py", line 602, in get
    return self.request("GET", url, **kwargs)
           ~~~~~~~~~~~~^^^^^^^^^^^^^^^^^^^^^^
  File "/Library/Frameworks/Python.framework/Versions/3.13/lib/python3.13/site-packages/requests/sessions.py", line 589, in request
    resp = self.send(prep, **send_kwargs)
  File "/Library/Frameworks/Python.framework/Versions/3.13/lib/python3.13/site-packages/requests/sessions.py", line 703, in send
    r = adapter.send(request, **kwargs)
  File "/Library/Frameworks/Python.framework/Versions/3.13/lib/python3.13/site-packages/requests/adapters.py", line 700, in send
    raise ConnectionError(e, request=request)
requests.exceptions.ConnectionError: HTTPSConnectionPool(host='stats.nba.com', port=443): Max retries exceeded with url: /stats/leaguedashteamstats?Conference=&DateFrom=&DateTo=&Division=&GameScope=&GameSegment=&LastNGames=0&LeagueID=&Location=&MeasureType=Advanced&Month=0&OpponentTeamID=0&Outcome=&PORound=&PaceAdjust=N&PerMode=Totals&Period=0&PlayerExperience=&PlayerPosition=&PlusMinus=N&Rank=N&Season=2024-25&SeasonSegment=&SeasonType=Regular+Season&ShotClockRange=&StarterBench=&TeamID=&TwoWay=&VsConference=&VsDivision= (Caused by NameResolutionError("<urllib3.connection.HTTPSConnection object at 0x11502bed0>: Failed to resolve 'stats.nba.com' ([Errno 8] nodename nor servname provided, or not known)"))

[1m==========================================================================================[0m
[1m[96m🎲 IMPROVED NBA BETTING MODEL 🎲[0m
[1m[92m⚡ Enhanced Stats + Rest Days + Stricter Filters ⚡[0m
[1m==========================================================================================[0m

[1m[96mSTEP 1: Checking for Completed Games[0m

[96m==========================================================================================[0m
[96m🔄 UPDATING RESULTS FOR COMPLETED GAMES[0m
[96m==========================================================================================[0m

[93m📋 Checking 5 pending picks...[0m
[96mFetching completed NBA game scores...[0m
[91mError fetching NBA scores: HTTPSConnectionPool(host='api.the-odds-api.com', port=443): Max retries exceeded with url: /v4/sports/basketball_nba/scores/?apiKey=671958bc1621170701241a09d5ecc627&daysFrom=3 (Caused by NameResolutionError("<urllib3.connection.HTTPSConnection object at 0x1152846e0>: Failed to resolve 'api.the-odds-api.com' ([Errno 8] nodename nor servname provided, or not known)"))[0m
[93m⚠️  No completed games found.[0m
[92m✓ Tracking data saved to /Users/rico/sports-models/nba/nba_picks_tracking.json[0m
[92m✓ Tracking dashboard saved: /Users/rico/sports-models/nba/nba_tracking_dashboard.html[0m

[1m[96mSTEP 2: Fetching Composite Stats (Season + Form)[0m
[96m🔄 Fetching new team stats from stats.nba.com...[0m
[91m✗ Error fetching stats: HTTPSConnectionPool(host='stats.nba.com', port=443): Max retries exceeded with url: /stats/leaguedashteamstats?Conference=&DateFrom=&DateTo=&Division=&GameScope=&GameSegment=&LastNGames=0&LeagueID=&Location=&MeasureType=Advanced&Month=0&OpponentTeamID=0&Outcome=&PORound=&PaceAdjust=N&PerMode=Totals&Period=0&PlayerExperience=&PlayerPosition=&PlusMinus=N&Rank=N&Season=2024-25&SeasonSegment=&SeasonType=Regular+Season&ShotClockRange=&StarterBench=&TeamID=&TwoWay=&VsConference=&VsDivision= (Caused by NameResolutionError("<urllib3.connection.HTTPSConnection object at 0x11502bed0>: Failed to resolve 'stats.nba.com' ([Errno 8] nodename nor servname provided, or not known)"))[0m

[91m⚠️  Could not fetch advanced stats. Exiting.[0m

==========================================
✅ Model completed successfully!
==========================================

📤 Pushing updates to GitHub...
[main 6a1a2c0] Update model outputs - 2025-11-18 10:00:03
 Committer: Ricardo Hill <rico@Ricos-M1-Mac-2.local>
Your name and email address were configured automatically based
on your username and hostname. Please check that they are accurate.
You can suppress this message by setting them explicitly. Run the
following command and follow the instructions in your editor to edit
your configuration file:

    git config --global --edit

After doing this, you may fix the identity used for this commit with:

    git commit --amend --reset-author

 8 files changed, 4911 insertions(+), 1167 deletions(-)
fatal: unable to access 'https://github.com/BangLetsGetIt/NBA-NCAA-Betting-Models.git/': Could not resolve host: github.com
⚠️  Push failed - you may need to set up the GitHub remote first
==========================================
NBA Model Run: Wed Nov 19 10:00:03 EST 2025
==========================================
Running NBA model...

[1m==========================================================================================[0m
[1m[96m🎲 IMPROVED NBA BETTING MODEL 🎲[0m
[1m[92m⚡ Enhanced Stats + Rest Days + Stricter Filters ⚡[0m
[1m==========================================================================================[0m

[1m[96mSTEP 1: Checking for Completed Games[0m

[96m==========================================================================================[0m
[96m🔄 UPDATING RESULTS FOR COMPLETED GAMES[0m
[96m==========================================================================================[0m

[93m📋 Checking 5 pending picks...[0m
[96mFetching completed NBA game scores...[0m
[92m✓ Fetched 31 games from API[0m
[92m✓ Found 22 completed games[0m
  ✓ Updating: Golden State Warriors 113 @ Orlando Magic 121
    Result: Win
  ✓ Updating: Memphis Grizzlies 101 @ San Antonio Spurs 111
    Result: Loss
  ✓ Updating: Utah Jazz 126 @ Los Angeles Lakers 140
    Result: Loss
  ✓ Updating: Phoenix Suns 127 @ Portland Trail Blazers 110
    Result: Loss
  ✓ Updating: Phoenix Suns 127 @ Portland Trail Blazers 110
    Result: Win
[92m✓ Tracking data saved to /Users/rico/sports-models/nba/nba_picks_tracking.json[0m

[92m✅ Updated 5 picks! Record: 27-21-0[0m
[92m✓ Tracking dashboard saved: /Users/rico/sports-models/nba/nba_tracking_dashboard.html[0m

[1m[96mSTEP 2: Fetching Composite Stats (Season + Form)[0m
[96m🔄 Fetching new team stats from stats.nba.com...[0m
[92m✓ Fetched and cached stats for 76 teams[0m

[1m[96mSTEP 3: Fetching Home/Away Splits[0m
[96m🔄 Fetching home/away splits from stats.nba.com...[0m
[92m✓ Fetched and cached home/away splits[0m

[1m[96mSTEP 4: Fetching Team Schedules (Rest Days)[0m
[96m🔄 Fetching team schedules...[0m
[92m✓ Fetched schedules for 1 teams[0m

[1m[96mSTEP 5: Fetching Live Odds (Next 7 Days)[0m
[92m✓ Fetched odds for 9 total games[0m
[92m✓ Filtered to 9 games in next 7 days[0m

[1m[96mSTEP 6: Processing Games & Generating Picks[0m

[92m✓ Tracking data saved to /Users/rico/sports-models/nba/nba_picks_tracking.json[0m
[92m📝 LOGGED PICK: ✅ BET: Indiana Pacers +1.5 (Edge: +19.2)[0m
[92m✓ Tracking data saved to /Users/rico/sports-models/nba/nba_picks_tracking.json[0m
[92m📝 LOGGED PICK: ✅ BET: UNDER 237.5 (Edge: -15.6)[0m
[92m✓ Tracking data saved to /Users/rico/sports-models/nba/nba_picks_tracking.json[0m
[92m📝 LOGGED PICK: ✅ BET: Cleveland Cavaliers +1.5 (Edge: +12.0)[0m
[92m✓ Tracking data saved to /Users/rico/sports-models/nba/nba_picks_tracking.json[0m
[92m📝 LOGGED PICK: ✅ BET: Philadelphia 76ers +1.5 (Edge: +5.8)[0m
[92m✓ Tracking data saved to /Users/rico/sports-models/nba/nba_picks_tracking.json[0m
[92m📝 LOGGED PICK: ✅ BET: UNDER 233.5 (Edge: -10.5)[0m
[92m✓ Tracking data saved to /Users/rico/sports-models/nba/nba_picks_tracking.json[0m
[92m📝 LOGGED PICK: ✅ BET: UNDER 234.5 (Edge: -13.0)[0m
[92m✓ Tracking data saved to /Users/rico/sports-models/nba/nba_picks_tracking.json[0m
[92m📝 LOGGED PICK: ✅ BET: New Orleans Pelicans +14.5 (Edge: +10.7)[0m
[92m✓ Tracking data saved to /Users/rico/sports-models/nba/nba_picks_tracking.json[0m
[92m📝 LOGGED PICK: ✅ BET: UNDER 234.5 (Edge: -8.1)[0m
[92m✓ Tracking data saved to /Users/rico/sports-models/nba/nba_picks_tracking.json[0m
[92m📝 LOGGED PICK: ✅ BET: Minnesota Timberwolves -16.5 (Edge: +5.4)[0m
[92m✓ Tracking data saved to /Users/rico/sports-models/nba/nba_picks_tracking.json[0m
[92m📝 LOGGED PICK: ✅ BET: UNDER 238.5 (Edge: -15.4)[0m
[92m✓ Tracking data saved to /Users/rico/sports-models/nba/nba_picks_tracking.json[0m
[92m📝 LOGGED PICK: ✅ BET: Dallas Mavericks +5.5 (Edge: +9.9)[0m
[92m✓ Tracking data saved to /Users/rico/sports-models/nba/nba_picks_tracking.json[0m
[92m📝 LOGGED PICK: ✅ BET: Portland Trail Blazers +3.0 (Edge: +8.3)[0m
[92m✓ Tracking data saved to /Users/rico/sports-models/nba/nba_picks_tracking.json[0m
[92m📝 LOGGED PICK: ✅ BET: UNDER 244.5 (Edge: -17.1)[0m

[1m[92m✅ Analyzed 9 games with complete odds[0m


[1m==========================================================================================[0m
[1m[93m🏀 NBA MODEL PREDICTIONS 🏀[0m
[1m==========================================================================================[0m

[1m[96mCharlotte Hornets @ Indiana Pacers[0m
  🕐 11/19/25 07:00 PM EST
  📊 Spread: Market +1.5 | Model +17.7
  🎯 Total: Market 237.5 | Model 221.9
  [92m✅ BET: Indiana Pacers +1.5[0m
     [96mModel projects Indiana Pacers to win outright, easily covering +1.5.[0m
  [92m✅ BET: UNDER 237.5[0m
     [96mModel projects 222 total points, bet the UNDER[0m
  📈 Predicted: Charlotte Hornets 102, Indiana Pacers 120

[1m[96mHouston Rockets @ Cleveland Cavaliers[0m
  🕐 11/19/25 07:00 PM EST
  📊 Spread: Market +1.5 | Model +10.5
  🎯 Total: Market 233.5 | Model 228.5
  [92m✅ BET: Cleveland Cavaliers +1.5[0m
     [96mModel projects Cleveland Cavaliers to win outright, easily covering +1.5.[0m
  [92m✅ BET: UNDER 233.5[0m
     [96mModel projects 228 total points, bet the UNDER[0m
  📈 Predicted: Houston Rockets 109, Cleveland Cavaliers 120

[1m[96mToronto Raptors @ Philadelphia 76ers[0m
  🕐 11/19/25 07:00 PM EST
  📊 Spread: Market +1.5 | Model +4.3
  🎯 Total: Market 233.5 | Model 223.0
  [92m✅ BET: Philadelphia 76ers +1.5[0m
     [96mModel projects Philadelphia 76ers to win outright, easily covering +1.5.[0m
  [92m✅ BET: UNDER 233.5[0m
     [96mModel projects 223 total points, bet the UNDER[0m
  📈 Predicted: Toronto Raptors 109, Philadelphia 76ers 114

[1m[96mGolden State Warriors @ Miami Heat[0m
  🕐 11/19/25 07:30 PM EST
  📊 Spread: Market -6.5 | Model +2.0
  🎯 Total: Market 234.5 | Model 221.5
  [92m✅ BET: Golden State Warriors +6.5[0m
     [96mModel projects Miami Heat to win by only 2.0, not enough to cover -6.5.[0m
  [92m✅ BET: UNDER 234.5[0m
     [96mModel projects 222 total points, bet the UNDER[0m
  📈 Predicted: Golden State Warriors 110, Miami Heat 112

[1m[96mDenver Nuggets @ New Orleans Pelicans[0m
  🕐 11/19/25 08:00 PM EST
  📊 Spread: Market +14.5 | Model -3.8
  🎯 Total: Market 234.5 | Model 226.4
  [92m✅ BET: New Orleans Pelicans +14.5[0m
     [96mModel projects New Orleans Pelicans to lose by only 3.8, covering +14.5.[0m
  [92m✅ BET: UNDER 234.5[0m
     [96mModel projects 226 total points, bet the UNDER[0m
  📈 Predicted: Denver Nuggets 115, New Orleans Pelicans 111

[1m[96mWashington Wizards @ Minnesota Timberwolves[0m
  🕐 11/19/25 08:00 PM EST
  📊 Spread: Market -16.5 | Model +21.9
  🎯 Total: Market 238.5 | Model 223.1
  [92m✅ BET: Minnesota Timberwolves -16.5[0m
     [96mModel projects Minnesota Timberwolves to win by 21.9, covering -16.5.[0m
  [92m✅ BET: UNDER 238.5[0m
     [96mModel projects 223 total points, bet the UNDER[0m
  📈 Predicted: Washington Wizards 101, Minnesota Timberwolves 122

[1m[96mSacramento Kings @ Oklahoma City Thunder[0m
  🕐 11/19/25 08:00 PM EST
  📊 Spread: Market -18.5 | Model +18.1
  🎯 Total: Market 231.5 | Model 225.6
  [93m⚠️ NO BET - Too close to call[0m
     [96mEdge too small (-0.4)[0m
  [92m✅ BET: UNDER 231.5[0m
     [96mModel projects 226 total points, bet the UNDER[0m
  📈 Predicted: Sacramento Kings 104, Oklahoma City Thunder 122

[1m[96mNew York Knicks @ Dallas Mavericks[0m
  🕐 11/19/25 09:30 PM EST
  📊 Spread: Market +5.5 | Model +4.4
  🎯 Total: Market 230.5 | Model 224.2
  [92m✅ BET: Dallas Mavericks +5.5[0m
     [96mModel projects Dallas Mavericks to win outright, easily covering +5.5.[0m
  [92m✅ BET: UNDER 230.5[0m
     [96mModel projects 224 total points, bet the UNDER[0m
  📈 Predicted: New York Knicks 110, Dallas Mavericks 114

[1m[96mChicago Bulls @ Portland Trail Blazers[0m
  🕐 11/19/25 10:10 PM EST
  📊 Spread: Market +3.0 | Model +5.3
  🎯 Total: Market 244.5 | Model 227.4
  [92m✅ BET: Portland Trail Blazers +3.0[0m
     [96mModel projects Portland Trail Blazers to win outright, easily covering +3.0.[0m
  [92m✅ BET: UNDER 244.5[0m
     [96mModel projects 227 total points, bet the UNDER[0m
  📈 Predicted: Chicago Bulls 111, Portland Trail Blazers 116

[92m✓ CSV saved: /Users/rico/sports-models/nba/nba_model_output.csv[0m
[92m✓ HTML saved: /Users/rico/sports-models/nba/nba_model_output.html[0m

[1m[96mSTEP 7: Generating Final Tracking Dashboard[0m
[92m✓ Tracking dashboard saved: /Users/rico/sports-models/nba/nba_tracking_dashboard.html[0m

[1m==========================================================================================[0m
[1m[93m📊 TRACKING SUMMARY 📊[0m
[1m==========================================================================================[0m
[92mTotal Tracked Bets: 61[0m
[92mRecord: 27-21-0[0m
[92mWin Rate: 56.2%[0m
[92mProfit: +3.06 units[0m
[92mROI: +5.8%[0m
[1m==========================================================================================[0m


==========================================
✅ Model completed successfully!
==========================================

📤 Pushing updates to GitHub...
[main d4c5728] Update model outputs - 2025-11-19 10:00:47
 Committer: Ricardo Hill <rico@MacBookAir.lan>
Your name and email address were configured automatically based
on your username and hostname. Please check that they are accurate.
You can suppress this message by setting them explicitly. Run the
following command and follow the instructions in your editor to edit
your configuration file:

    git config --global --edit

After doing this, you may fix the identity used for this commit with:

    git commit --amend --reset-author

 4 files changed, 781 insertions(+), 153 deletions(-)
To https://github.com/BangLetsGetIt/NBA-NCAA-Betting-Models.git
   163f016..d4c5728  main -> main
✅ Successfully pushed to GitHub!
==========================================
NBA Model Run: Thu Nov 20 10:00:00 EST 2025
==========================================
Running NBA model...

[1m==========================================================================================[0m
[1m[96m🎲 IMPROVED NBA BETTING MODEL 🎲[0m
[1m[92m⚡ Enhanced Stats + Rest Days + Stricter Filters ⚡[0m
[1m==========================================================================================[0m

[1m[96mSTEP 1: Checking for Completed Games[0m

[96m==========================================================================================[0m
[96m🔄 UPDATING RESULTS FOR COMPLETED GAMES[0m
[96m==========================================================================================[0m

[93m📋 Checking 5 pending picks...[0m
[96mFetching completed NBA game scores...[0m
[92m✓ Fetched 29 games from API[0m
[92m✓ Found 23 completed games[0m
  ✓ Updating: New York Knicks 113 @ Dallas Mavericks 111
    Result: Win
  ✓ Updating: Chicago Bulls 122 @ Portland Trail Blazers 121
    Result: Win
  ✓ Updating: Chicago Bulls 122 @ Portland Trail Blazers 121
    Result: Win
[92m✓ Tracking data saved to /Users/rico/sports-models/nba/nba_picks_tracking.json[0m

[92m✅ Updated 3 picks! Record: 35-26-0[0m
[92m✓ Tracking dashboard saved: /Users/rico/sports-models/nba/nba_tracking_dashboard.html[0m

[1m[96mSTEP 2: Fetching Composite Stats (Season + Form)[0m
[96m🔄 Fetching new team stats from stats.nba.com...[0m
[92m✓ Fetched and cached stats for 76 teams[0m

[1m[96mSTEP 3: Fetching Home/Away Splits[0m
[96m🔄 Fetching home/away splits from stats.nba.com...[0m
[92m✓ Fetched and cached home/away splits[0m

[1m[96mSTEP 4: Fetching Team Schedules (Rest Days)[0m

[1m[96mSTEP 5: Fetching Live Odds (Next 7 Days)[0m
[92m✓ Fetched odds for 6 total games[0m
[92m✓ Filtered to 6 games in next 7 days[0m

[1m[96mSTEP 6: Processing Games & Generating Picks[0m

[91m❌ Missing stats for Orlando Magic or Los Angeles Clippers[0m
[91m❌ Missing stats for Orlando Magic or Los Angeles Clippers[0m
[91m❌ Skipping Los Angeles Clippers @ Orlando Magic - missing model data[0m
[92m✓ Tracking data saved to /Users/rico/sports-models/nba/nba_picks_tracking.json[0m
[92m📝 LOGGED PICK: ✅ BET: Houston Rockets -2.5 (Edge: +5.1)[0m
[92m✓ Tracking data saved to /Users/rico/sports-models/nba/nba_picks_tracking.json[0m
[92m📝 LOGGED PICK: ✅ BET: Golden State Warriors -6.5 (Edge: +6.5)[0m
[92m✓ Tracking data saved to /Users/rico/sports-models/nba/nba_picks_tracking.json[0m
[92m📝 LOGGED PICK: ✅ BET: UNDER 237.5 (Edge: -16.4)[0m

[1m[92m✅ Analyzed 5 games with complete odds[0m


[1m==========================================================================================[0m
[1m[93m🏀 NBA MODEL PREDICTIONS 🏀[0m
[1m==========================================================================================[0m

[1m[96mAtlanta Hawks @ San Antonio Spurs[0m
  🕐 11/20/25 08:10 PM EST
  📊 Spread: Market -1.0 | Model +2.9
  🎯 Total: Market 232.5 | Model 229.0
  [93m⚠️ NO BET - Too close to call[0m
     [96mEdge too small (+1.9)[0m
  [93m⚠️ NO BET - Too close to call[0m
  📈 Predicted: Atlanta Hawks 113, San Antonio Spurs 116

[1m[96mSacramento Kings @ Memphis Grizzlies[0m
  🕐 11/20/25 08:10 PM EST
  📊 Spread: Market -2.5 | Model +12.2
  🎯 Total: Market 234.5 | Model 229.4
  [92m✅ BET: Memphis Grizzlies -2.5[0m
     [96mModel projects Memphis Grizzlies to win by 12.2, covering -2.5.[0m
  [92m✅ BET: UNDER 234.5[0m
     [96mModel projects 229 total points, bet the UNDER[0m
  📈 Predicted: Sacramento Kings 109, Memphis Grizzlies 121

[1m[96mPhiladelphia 76ers @ Milwaukee Bucks[0m
  🕐 11/20/25 08:10 PM EST
  📊 Spread: Market +2.5 | Model +12.7
  🎯 Total: Market 224.5 | Model 226.9
  [92m✅ BET: Milwaukee Bucks +2.5[0m
     [96mModel projects Milwaukee Bucks to win outright, easily covering +2.5.[0m
  [93m⚠️ NO BET - Too close to call[0m
  📈 Predicted: Philadelphia 76ers 107, Milwaukee Bucks 120

[1m[96mDenver Nuggets @ Houston Rockets[0m
  🕐 11/21/25 09:40 PM EST
  📊 Spread: Market -2.5 | Model +7.6
  🎯 Total: Market 233.5 | Model 227.4
  [92m✅ BET: Houston Rockets -2.5[0m
     [96mModel projects Houston Rockets to win by 7.6, covering -2.5.[0m
  [92m✅ BET: UNDER 233.5[0m
     [96mModel projects 227 total points, bet the UNDER[0m
  📈 Predicted: Denver Nuggets 110, Houston Rockets 118

[1m[96mPortland Trail Blazers @ Golden State Warriors[0m
  🕐 11/21/25 10:10 PM EST
  📊 Spread: Market -6.5 | Model +13.0
  🎯 Total: Market 237.5 | Model 221.1
  [92m✅ BET: Golden State Warriors -6.5[0m
     [96mModel projects Golden State Warriors to win by 13.0, covering -6.5.[0m
  [92m✅ BET: UNDER 237.5[0m
     [96mModel projects 221 total points, bet the UNDER[0m
  📈 Predicted: Portland Trail Blazers 104, Golden State Warriors 117

[92m✓ CSV saved: /Users/rico/sports-models/nba/nba_model_output.csv[0m
[92m✓ HTML saved: /Users/rico/sports-models/nba/nba_model_output.html[0m

[1m[96mSTEP 7: Generating Final Tracking Dashboard[0m
[92m✓ Tracking dashboard saved: /Users/rico/sports-models/nba/nba_tracking_dashboard.html[0m

[1m==========================================================================================[0m
[1m[93m📊 TRACKING SUMMARY 📊[0m
[1m==========================================================================================[0m
[92mTotal Tracked Bets: 66[0m
[92mRecord: 35-26-0[0m
[92mWin Rate: 57.4%[0m
[92mProfit: +5.56 units[0m
[92mROI: +8.3%[0m
[1m==========================================================================================[0m


==========================================
✅ Model completed successfully!
==========================================

📤 Pushing updates to GitHub...
[main 42f4718] Update model outputs - 2025-11-20 10:00:33
 Committer: Ricardo Hill <rico@Ricos-M1-Mac-2.local>
Your name and email address were configured automatically based
on your username and hostname. Please check that they are accurate.
You can suppress this message by setting them explicitly. Run the
following command and follow the instructions in your editor to edit
your configuration file:

    git config --global --edit

After doing this, you may fix the identity used for this commit with:

    git commit --amend --reset-author

 4 files changed, 326 insertions(+), 44 deletions(-)
To https://github.com/BangLetsGetIt/NBA-NCAA-Betting-Models.git
   baa5a42..42f4718  main -> main
✅ Successfully pushed to GitHub!
==========================================
NBA Model Run: Fri Nov 21 10:00:03 EST 2025
==========================================
Running NBA model...

[1m==========================================================================================[0m
[1m[96m🎲 IMPROVED NBA BETTING MODEL 🎲[0m
[1m[92m⚡ Enhanced Stats + Rest Days + Stricter Filters ⚡[0m
[1m==========================================================================================[0m

[1m[96mSTEP 1: Checking for Completed Games[0m

[96m==========================================================================================[0m
[96m🔄 UPDATING RESULTS FOR COMPLETED GAMES[0m
[96m==========================================================================================[0m

[93m📋 Checking 11 pending picks...[0m
[96mFetching completed NBA game scores...[0m
[92m✓ Fetched 28 games from API[0m
[92m✓ Found 19 completed games[0m
[92m✓ Tracking data saved to /Users/rico/sports-models/nba/nba_picks_tracking.json[0m

[93m⚠️  No new results found[0m
[92m✓ Tracking dashboard saved: /Users/rico/sports-models/nba/nba_tracking_dashboard.html[0m

[1m[96mSTEP 2: Fetching Composite Stats (Season + Form)[0m
[92m✓ Using cached composite stats (less than 6 hours old)[0m

[1m[96mSTEP 3: Fetching Home/Away Splits[0m
[92m✓ Using cached home/away splits (less than 6 hours old)[0m

[1m[96mSTEP 4: Fetching Team Schedules (Rest Days)[0m

[1m[96mSTEP 5: Fetching Live Odds (Next 7 Days)[0m
[92m✓ Fetched odds for 9 total games[0m
[92m✓ Filtered to 9 games in next 7 days[0m

[1m[96mSTEP 6: Processing Games & Generating Picks[0m


[1m[92m✅ Analyzed 9 games with complete odds[0m


[1m==========================================================================================[0m
[1m[93m🏀 NBA MODEL PREDICTIONS 🏀[0m
[1m==========================================================================================[0m

[1m[96mIndiana Pacers @ Cleveland Cavaliers[0m
  🕐 11/21/25 07:00 PM EST
  📊 Spread: Market -13.5 | Model +15.2
  🎯 Total: Market 239.5 | Model 230.7
  [93m⚠️ NO BET - Too close to call[0m
     [96mEdge too small (+1.7)[0m
  [92m✅ BET: UNDER 239.5[0m
     [96mModel projects 231 total points, bet the UNDER[0m
  📈 Predicted: Indiana Pacers 108, Cleveland Cavaliers 123

[1m[96mBrooklyn Nets @ Boston Celtics[0m
  🕐 11/21/25 07:40 PM EST
  📊 Spread: Market -15.5 | Model +17.1
  🎯 Total: Market 222.5 | Model 219.3
  [93m⚠️ NO BET - Too close to call[0m
     [96mEdge too small (+1.6)[0m
  [93m⚠️ NO BET - Too close to call[0m
  📈 Predicted: Brooklyn Nets 101, Boston Celtics 118

[1m[96mWashington Wizards @ Toronto Raptors[0m
  🕐 11/21/25 07:40 PM EST
  📊 Spread: Market -14.5 | Model +12.9
  🎯 Total: Market 240.5 | Model 223.0
  [93m⚠️ NO BET - Too close to call[0m
     [96mEdge too small (-1.6)[0m
  [92m✅ BET: UNDER 240.5[0m
     [96mModel projects 223 total points, bet the UNDER[0m
  📈 Predicted: Washington Wizards 105, Toronto Raptors 118

[1m[96mMiami Heat @ Chicago Bulls[0m
  🕐 11/21/25 08:10 PM EST
  📊 Spread: Market -2.0 | Model +2.4
  🎯 Total: Market 250.0 | Model 227.8
  [93m⚠️ NO BET - Too close to call[0m
     [96mEdge too small (+0.4)[0m
  [92m✅ BET: UNDER 250.0[0m
     [96mModel projects 228 total points, bet the UNDER[0m
  📈 Predicted: Miami Heat 113, Chicago Bulls 115

[1m[96mNew Orleans Pelicans @ Dallas Mavericks[0m
  🕐 11/21/25 08:40 PM EST
  📊 Spread: Market -3.5 | Model +18.8
  🎯 Total: Market 233.5 | Model 224.8
  [92m✅ BET: Dallas Mavericks -3.5[0m
     [96mModel projects Dallas Mavericks to win by 18.8, covering -3.5.[0m
  [92m✅ BET: UNDER 233.5[0m
     [96mModel projects 225 total points, bet the UNDER[0m
  📈 Predicted: New Orleans Pelicans 103, Dallas Mavericks 122

[1m[96mMinnesota Timberwolves @ Phoenix Suns[0m
  🕐 11/21/25 09:10 PM EST
  📊 Spread: Market +3.5 | Model +0.5
  🎯 Total: Market 233.5 | Model 225.2
  [92m✅ BET: Phoenix Suns +3.5[0m
     [96mModel projects Phoenix Suns to win outright, easily covering +3.5.[0m
  [92m✅ BET: UNDER 233.5[0m
     [96mModel projects 225 total points, bet the UNDER[0m
  📈 Predicted: Minnesota Timberwolves 112, Phoenix Suns 113

[1m[96mDenver Nuggets @ Houston Rockets[0m
  🕐 11/21/25 09:40 PM EST
  📊 Spread: Market -2.5 | Model +7.6
  🎯 Total: Market 235.5 | Model 227.4
  [92m✅ BET: Houston Rockets -2.5[0m
     [96mModel projects Houston Rockets to win by 7.6, covering -2.5.[0m
  [92m✅ BET: UNDER 235.5[0m
     [96mModel projects 227 total points, bet the UNDER[0m
  📈 Predicted: Denver Nuggets 110, Houston Rockets 118

[1m[96mPortland Trail Blazers @ Golden State Warriors[0m
  🕐 11/21/25 10:10 PM EST
  📊 Spread: Market -7.5 | Model +13.0
  🎯 Total: Market 237.5 | Model 221.1
  [92m✅ BET: Golden State Warriors -7.5[0m
     [96mModel projects Golden State Warriors to win by 13.0, covering -7.5.[0m
  [92m✅ BET: UNDER 237.5[0m
     [96mModel projects 221 total points, bet the UNDER[0m
  📈 Predicted: Portland Trail Blazers 104, Golden State Warriors 117

[1m[96mOklahoma City Thunder @ Utah Jazz[0m
  🕐 11/21/25 10:10 PM EST
  📊 Spread: Market +16.5 | Model -13.3
  🎯 Total: Market 234.5 | Model 228.0
  [92m✅ BET: Utah Jazz +16.5[0m
     [96mModel projects Utah Jazz to lose by only 13.3, covering +16.5.[0m
  [92m✅ BET: UNDER 234.5[0m
     [96mModel projects 228 total points, bet the UNDER[0m
  📈 Predicted: Oklahoma City Thunder 121, Utah Jazz 107

[92m✓ CSV saved: /Users/rico/sports-models/nba/nba_model_output.csv[0m
[92m✓ HTML saved: /Users/rico/sports-models/nba/nba_model_output.html[0m

[1m[96mSTEP 7: Generating Final Tracking Dashboard[0m
[92m✓ Tracking dashboard saved: /Users/rico/sports-models/nba/nba_tracking_dashboard.html[0m

[1m==========================================================================================[0m
[1m[93m📊 TRACKING SUMMARY 📊[0m
[1m==========================================================================================[0m
[92mTotal Tracked Bets: 74[0m
[92mRecord: 36-27-0[0m
[92mWin Rate: 57.1%[0m
[92mProfit: +5.46 units[0m
[92mROI: +7.9%[0m
[1m==========================================================================================[0m


==========================================
✅ Model completed successfully!
==========================================

📤 Pushing updates to GitHub...
[main 4b32f7a] Update model outputs - 2025-11-21 10:00:08
 Committer: Ricardo Hill <rico@MacBookAir.lan>
Your name and email address were configured automatically based
on your username and hostname. Please check that they are accurate.
You can suppress this message by setting them explicitly. Run the
following command and follow the instructions in your editor to edit
your configuration file:

    git config --global --edit

After doing this, you may fix the identity used for this commit with:

    git commit --amend --reset-author

 3 files changed, 24 insertions(+), 24 deletions(-)
To https://github.com/BangLetsGetIt/NBA-NCAA-Betting-Models.git
   fac1560..4b32f7a  main -> main
✅ Successfully pushed to GitHub!
==========================================
NBA Model Run: Sat Nov 22 10:00:01 EST 2025
==========================================
Running NBA model...
Traceback (most recent call last):
  File "/Library/Frameworks/Python.framework/Versions/3.13/lib/python3.13/site-packages/urllib3/connection.py", line 198, in _new_conn
    sock = connection.create_connection(
        (self._dns_host, self.port),
    ...<2 lines>...
        socket_options=self.socket_options,
    )
  File "/Library/Frameworks/Python.framework/Versions/3.13/lib/python3.13/site-packages/urllib3/util/connection.py", line 60, in create_connection
    for res in socket.getaddrinfo(host, port, family, socket.SOCK_STREAM):
               ~~~~~~~~~~~~~~~~~~^^^^^^^^^^^^^^^^^^^^^^^^^^^^^^^^^^^^^^^^
  File "/Library/Frameworks/Python.framework/Versions/3.13/lib/python3.13/socket.py", line 977, in getaddrinfo
    for res in _socket.getaddrinfo(host, port, family, type, proto, flags):
               ~~~~~~~~~~~~~~~~~~~^^^^^^^^^^^^^^^^^^^^^^^^^^^^^^^^^^^^^^^^
socket.gaierror: [Errno 8] nodename nor servname provided, or not known

The above exception was the direct cause of the following exception:

Traceback (most recent call last):
  File "/Library/Frameworks/Python.framework/Versions/3.13/lib/python3.13/site-packages/urllib3/connectionpool.py", line 787, in urlopen
    response = self._make_request(
        conn,
    ...<10 lines>...
        **response_kw,
    )
  File "/Library/Frameworks/Python.framework/Versions/3.13/lib/python3.13/site-packages/urllib3/connectionpool.py", line 488, in _make_request
    raise new_e
  File "/Library/Frameworks/Python.framework/Versions/3.13/lib/python3.13/site-packages/urllib3/connectionpool.py", line 464, in _make_request
    self._validate_conn(conn)
    ~~~~~~~~~~~~~~~~~~~^^^^^^
  File "/Library/Frameworks/Python.framework/Versions/3.13/lib/python3.13/site-packages/urllib3/connectionpool.py", line 1093, in _validate_conn
    conn.connect()
    ~~~~~~~~~~~~^^
  File "/Library/Frameworks/Python.framework/Versions/3.13/lib/python3.13/site-packages/urllib3/connection.py", line 753, in connect
    self.sock = sock = self._new_conn()
                       ~~~~~~~~~~~~~~^^
  File "/Library/Frameworks/Python.framework/Versions/3.13/lib/python3.13/site-packages/urllib3/connection.py", line 205, in _new_conn
    raise NameResolutionError(self.host, self, e) from e
urllib3.exceptions.NameResolutionError: <urllib3.connection.HTTPSConnection object at 0x113602c10>: Failed to resolve 'stats.nba.com' ([Errno 8] nodename nor servname provided, or not known)

The above exception was the direct cause of the following exception:

Traceback (most recent call last):
  File "/Library/Frameworks/Python.framework/Versions/3.13/lib/python3.13/site-packages/requests/adapters.py", line 667, in send
    resp = conn.urlopen(
        method=request.method,
    ...<9 lines>...
        chunked=chunked,
    )
  File "/Library/Frameworks/Python.framework/Versions/3.13/lib/python3.13/site-packages/urllib3/connectionpool.py", line 841, in urlopen
    retries = retries.increment(
        method, url, error=new_e, _pool=self, _stacktrace=sys.exc_info()[2]
    )
  File "/Library/Frameworks/Python.framework/Versions/3.13/lib/python3.13/site-packages/urllib3/util/retry.py", line 519, in increment
    raise MaxRetryError(_pool, url, reason) from reason  # type: ignore[arg-type]
    ^^^^^^^^^^^^^^^^^^^^^^^^^^^^^^^^^^^^^^^^^^^^^^^^^^^
urllib3.exceptions.MaxRetryError: HTTPSConnectionPool(host='stats.nba.com', port=443): Max retries exceeded with url: /stats/leaguedashteamstats?Conference=&DateFrom=&DateTo=&Division=&GameScope=&GameSegment=&LastNGames=0&LeagueID=&Location=&MeasureType=Advanced&Month=0&OpponentTeamID=0&Outcome=&PORound=&PaceAdjust=N&PerMode=Totals&Period=0&PlayerExperience=&PlayerPosition=&PlusMinus=N&Rank=N&Season=2024-25&SeasonSegment=&SeasonType=Regular+Season&ShotClockRange=&StarterBench=&TeamID=&TwoWay=&VsConference=&VsDivision= (Caused by NameResolutionError("<urllib3.connection.HTTPSConnection object at 0x113602c10>: Failed to resolve 'stats.nba.com' ([Errno 8] nodename nor servname provided, or not known)"))

During handling of the above exception, another exception occurred:

Traceback (most recent call last):
  File "/Users/rico/sports-models/nba/nba_model_IMPROVED.py", line 946, in fetch_advanced_stats
    season_stats_data = leaguedashteamstats.LeagueDashTeamStats(
        measure_type_detailed_defense='Advanced',
        season=CURRENT_SEASON,
        timeout=30
    )
  File "/Library/Frameworks/Python.framework/Versions/3.13/lib/python3.13/site-packages/nba_api/stats/endpoints/leaguedashteamstats.py", line 173, in __init__
    self.get_request()
    ~~~~~~~~~~~~~~~~^^
  File "/Library/Frameworks/Python.framework/Versions/3.13/lib/python3.13/site-packages/nba_api/stats/endpoints/leaguedashteamstats.py", line 176, in get_request
    self.nba_response = NBAStatsHTTP().send_api_request(
                        ~~~~~~~~~~~~~~~~~~~~~~~~~~~~~~~^
        endpoint=self.endpoint,
        ^^^^^^^^^^^^^^^^^^^^^^^
    ...<3 lines>...
        timeout=self.timeout,
        ^^^^^^^^^^^^^^^^^^^^^
    )
    ^
  File "/Library/Frameworks/Python.framework/Versions/3.13/lib/python3.13/site-packages/nba_api/library/http.py", line 160, in send_api_request
    response = self.get_session().get(
        url=base_url,
    ...<3 lines>...
        timeout=timeout,
    )
  File "/Library/Frameworks/Python.framework/Versions/3.13/lib/python3.13/site-packages/requests/sessions.py", line 602, in get
    return self.request("GET", url, **kwargs)
           ~~~~~~~~~~~~^^^^^^^^^^^^^^^^^^^^^^
  File "/Library/Frameworks/Python.framework/Versions/3.13/lib/python3.13/site-packages/requests/sessions.py", line 589, in request
    resp = self.send(prep, **send_kwargs)
  File "/Library/Frameworks/Python.framework/Versions/3.13/lib/python3.13/site-packages/requests/sessions.py", line 703, in send
    r = adapter.send(request, **kwargs)
  File "/Library/Frameworks/Python.framework/Versions/3.13/lib/python3.13/site-packages/requests/adapters.py", line 700, in send
    raise ConnectionError(e, request=request)
requests.exceptions.ConnectionError: HTTPSConnectionPool(host='stats.nba.com', port=443): Max retries exceeded with url: /stats/leaguedashteamstats?Conference=&DateFrom=&DateTo=&Division=&GameScope=&GameSegment=&LastNGames=0&LeagueID=&Location=&MeasureType=Advanced&Month=0&OpponentTeamID=0&Outcome=&PORound=&PaceAdjust=N&PerMode=Totals&Period=0&PlayerExperience=&PlayerPosition=&PlusMinus=N&Rank=N&Season=2024-25&SeasonSegment=&SeasonType=Regular+Season&ShotClockRange=&StarterBench=&TeamID=&TwoWay=&VsConference=&VsDivision= (Caused by NameResolutionError("<urllib3.connection.HTTPSConnection object at 0x113602c10>: Failed to resolve 'stats.nba.com' ([Errno 8] nodename nor servname provided, or not known)"))

[1m==========================================================================================[0m
[1m[96m🎲 IMPROVED NBA BETTING MODEL 🎲[0m
[1m[92m⚡ Enhanced Stats + Rest Days + Stricter Filters ⚡[0m
[1m==========================================================================================[0m

[1m[96mSTEP 1: Checking for Completed Games[0m

[96m==========================================================================================[0m
[96m🔄 UPDATING RESULTS FOR COMPLETED GAMES[0m
[96m==========================================================================================[0m

[93m📋 Checking 6 pending picks...[0m
[96mFetching completed NBA game scores...[0m
[91mError fetching NBA scores: HTTPSConnectionPool(host='api.the-odds-api.com', port=443): Max retries exceeded with url: /v4/sports/basketball_nba/scores/?apiKey=671958bc1621170701241a09d5ecc627&daysFrom=3 (Caused by NameResolutionError("<urllib3.connection.HTTPSConnection object at 0x1135ae660>: Failed to resolve 'api.the-odds-api.com' ([Errno 8] nodename nor servname provided, or not known)"))[0m
[93m⚠️  No completed games found.[0m
[92m✓ Tracking data saved to /Users/rico/sports-models/nba/nba_picks_tracking.json[0m
[92m✓ Tracking dashboard saved: /Users/rico/sports-models/nba/nba_tracking_dashboard.html[0m

[1m[96mSTEP 2: Fetching Composite Stats (Season + Form)[0m
[96m🔄 Fetching new team stats from stats.nba.com...[0m
[91m✗ Error fetching stats: HTTPSConnectionPool(host='stats.nba.com', port=443): Max retries exceeded with url: /stats/leaguedashteamstats?Conference=&DateFrom=&DateTo=&Division=&GameScope=&GameSegment=&LastNGames=0&LeagueID=&Location=&MeasureType=Advanced&Month=0&OpponentTeamID=0&Outcome=&PORound=&PaceAdjust=N&PerMode=Totals&Period=0&PlayerExperience=&PlayerPosition=&PlusMinus=N&Rank=N&Season=2024-25&SeasonSegment=&SeasonType=Regular+Season&ShotClockRange=&StarterBench=&TeamID=&TwoWay=&VsConference=&VsDivision= (Caused by NameResolutionError("<urllib3.connection.HTTPSConnection object at 0x113602c10>: Failed to resolve 'stats.nba.com' ([Errno 8] nodename nor servname provided, or not known)"))[0m

[91m⚠️  Could not fetch advanced stats. Exiting.[0m

==========================================
✅ Model completed successfully!
==========================================

📤 Pushing updates to GitHub...
[main d8ccf81] Update model outputs - 2025-11-22 10:00:03
 Committer: Ricardo Hill <rico@Ricos-M1-Mac-2.local>
Your name and email address were configured automatically based
on your username and hostname. Please check that they are accurate.
You can suppress this message by setting them explicitly. Run the
following command and follow the instructions in your editor to edit
your configuration file:

    git config --global --edit

After doing this, you may fix the identity used for this commit with:

    git commit --amend --reset-author

 1 file changed, 1 insertion(+), 1 deletion(-)
fatal: unable to access 'https://github.com/BangLetsGetIt/NBA-NCAA-Betting-Models.git/': Could not resolve host: github.com
⚠️  Push failed - you may need to set up the GitHub remote first
==========================================
NBA Model Run: Sun Nov 23 10:00:00 EST 2025
==========================================
Running NBA model...

[1m==========================================================================================[0m
[1m[96m🎲 IMPROVED NBA BETTING MODEL 🎲[0m
[1m[92m⚡ Enhanced Stats + Rest Days + Stricter Filters ⚡[0m
[1m==========================================================================================[0m

[1m[96mSTEP 1: Checking for Completed Games[0m

[96m==========================================================================================[0m
[96m🔄 UPDATING RESULTS FOR COMPLETED GAMES[0m
[96m==========================================================================================[0m

[93m📋 Checking 11 pending picks...[0m
[96mFetching completed NBA game scores...[0m
[92m✓ Fetched 28 games from API[0m
[92m✓ Found 20 completed games[0m
[92m✓ Tracking data saved to /Users/rico/sports-models/nba/nba_picks_tracking.json[0m

[93m⚠️  No new results found[0m
[92m✓ Tracking dashboard saved: /Users/rico/sports-models/nba/nba_tracking_dashboard.html[0m

[1m[96mSTEP 2: Fetching Composite Stats (Season + Form)[0m
[92m✓ Using cached composite stats (less than 6 hours old)[0m

[1m[96mSTEP 3: Fetching Home/Away Splits[0m
[92m✓ Using cached home/away splits (less than 6 hours old)[0m

[1m[96mSTEP 4: Fetching Team Schedules (Rest Days)[0m

[1m[96mSTEP 5: Fetching Live Odds (Next 7 Days)[0m
[92m✓ Fetched odds for 8 total games[0m
[92m✓ Filtered to 8 games in next 7 days[0m

[1m[96mSTEP 6: Processing Games & Generating Picks[0m

[91m❌ Missing stats for Cleveland Cavaliers or Los Angeles Clippers[0m
[91m❌ Missing stats for Cleveland Cavaliers or Los Angeles Clippers[0m
[91m❌ Skipping Los Angeles Clippers @ Cleveland Cavaliers - missing model data[0m

[1m[92m✅ Analyzed 7 games with complete odds[0m


[1m==========================================================================================[0m
[1m[93m🏀 NBA MODEL PREDICTIONS 🏀[0m
[1m==========================================================================================[0m

[1m[96mMiami Heat @ Philadelphia 76ers[0m
  🕐 11/23/25 01:10 PM EST
  📊 Spread: Market -1.0 | Model -1.8
  🎯 Total: Market 241.5 | Model 222.5
  [93m⚠️ NO BET - Too close to call[0m
     [96mEdge too small (-2.8)[0m
  [92m✅ BET: UNDER 241.5[0m
     [96mModel projects 222 total points, bet the UNDER[0m
  📈 Predicted: Miami Heat 112, Philadelphia 76ers 110

[1m[96mCharlotte Hornets @ Atlanta Hawks[0m
  🕐 11/23/25 06:10 PM EST
  📊 Spread: Market -7.5 | Model +11.3
  🎯 Total: Market 231.5 | Model 224.2
  [92m✅ BET: Atlanta Hawks -7.5[0m
     [96mModel projects Atlanta Hawks to win by 11.3, covering -7.5.[0m
  [92m✅ BET: UNDER 231.5[0m
     [96mModel projects 224 total points, bet the UNDER[0m
  📈 Predicted: Charlotte Hornets 106, Atlanta Hawks 118

[1m[96mOrlando Magic @ Boston Celtics[0m
  🕐 11/23/25 06:10 PM EST
  📊 Spread: Market -4.5 | Model +13.8
  🎯 Total: Market 223.5 | Model 217.3
  [92m✅ BET: Boston Celtics -4.5[0m
     [96mModel projects Boston Celtics to win by 13.8, covering -4.5.[0m
  [92m✅ BET: UNDER 223.5[0m
     [96mModel projects 217 total points, bet the UNDER[0m
  📈 Predicted: Orlando Magic 102, Boston Celtics 116

[1m[96mBrooklyn Nets @ Toronto Raptors[0m
  🕐 11/23/25 06:10 PM EST
  📊 Spread: Market -12.5 | Model +6.5
  🎯 Total: Market 228.5 | Model 220.0
  [92m✅ BET: Brooklyn Nets +12.5[0m
     [96mModel projects Toronto Raptors to win by only 6.5, not enough to cover -12.5.[0m
  [92m✅ BET: UNDER 228.5[0m
     [96mModel projects 220 total points, bet the UNDER[0m
  📈 Predicted: Brooklyn Nets 107, Toronto Raptors 113

[1m[96mPortland Trail Blazers @ Oklahoma City Thunder[0m
  🕐 11/23/25 07:10 PM EST
  📊 Spread: Market -15.5 | Model +22.3
  🎯 Total: Market 233.5 | Model 223.7
  [92m✅ BET: Oklahoma City Thunder -15.5[0m
     [96mModel projects Oklahoma City Thunder to win by 22.3, covering -15.5.[0m
  [92m✅ BET: UNDER 233.5[0m
     [96mModel projects 224 total points, bet the UNDER[0m
  📈 Predicted: Portland Trail Blazers 101, Oklahoma City Thunder 123

[1m[96mLos Angeles Lakers @ Utah Jazz[0m
  🕐 11/23/25 08:10 PM EST
  📊 Spread: Market +9.5 | Model -2.0
  🎯 Total: Market 245.5 | Model 226.3
  [92m✅ BET: Utah Jazz +9.5[0m
     [96mModel projects Utah Jazz to lose by only 2.0, covering +9.5.[0m
  [92m✅ BET: UNDER 245.5[0m
     [96mModel projects 226 total points, bet the UNDER[0m
  📈 Predicted: Los Angeles Lakers 114, Utah Jazz 112

[1m[96mSan Antonio Spurs @ Phoenix Suns[0m
  🕐 11/23/25 08:10 PM EST
  📊 Spread: Market -3.0 | Model +7.7
  🎯 Total: Market 234.5 | Model 226.0
  [92m✅ BET: Phoenix Suns -3.0[0m
     [96mModel projects Phoenix Suns to win by 7.7, covering -3.0.[0m
  [92m✅ BET: UNDER 234.5[0m
     [96mModel projects 226 total points, bet the UNDER[0m
  📈 Predicted: San Antonio Spurs 109, Phoenix Suns 117

[92m✓ CSV saved: /Users/rico/sports-models/nba/nba_model_output.csv[0m
[92m✓ HTML saved: /Users/rico/sports-models/nba/nba_model_output.html[0m

[1m[96mSTEP 7: Generating Final Tracking Dashboard[0m
[92m✓ Tracking dashboard saved: /Users/rico/sports-models/nba/nba_tracking_dashboard.html[0m

[1m==========================================================================================[0m
[1m[93m📊 TRACKING SUMMARY 📊[0m
[1m==========================================================================================[0m
[92mTotal Tracked Bets: 91[0m
[92mRecord: 41-39-0[0m
[92mWin Rate: 51.2%[0m
[91mProfit: -2.74 units[0m
[91mROI: -3.1%[0m
[1m==========================================================================================[0m


==========================================
✅ Model completed successfully!
==========================================

📤 Pushing updates to GitHub...
[main 8a1cd87] Update model outputs - 2025-11-23 10:00:02
 Committer: Ricardo Hill <rico@Ricos-M1-Mac-2.local>
Your name and email address were configured automatically based
on your username and hostname. Please check that they are accurate.
You can suppress this message by setting them explicitly. Run the
following command and follow the instructions in your editor to edit
your configuration file:

    git config --global --edit

After doing this, you may fix the identity used for this commit with:

    git commit --amend --reset-author

 3 files changed, 53 insertions(+), 53 deletions(-)
To https://github.com/BangLetsGetIt/NBA-NCAA-Betting-Models.git
   b6e657b..8a1cd87  main -> main
✅ Successfully pushed to GitHub!
==========================================
NBA Model Run: Mon Nov 24 10:00:01 EST 2025
==========================================
Running NBA model...

[1m==========================================================================================[0m
[1m[96m🎲 IMPROVED NBA BETTING MODEL 🎲[0m
[1m[92m⚡ Enhanced Stats + Rest Days + Stricter Filters ⚡[0m
[1m==========================================================================================[0m

[1m[96mSTEP 1: Checking for Completed Games[0m

[96m==========================================================================================[0m
[96m🔄 UPDATING RESULTS FOR COMPLETED GAMES[0m
[96m==========================================================================================[0m

[93m📋 Checking 8 pending picks...[0m
[96mFetching completed NBA game scores...[0m
[92m✓ Fetched 34 games from API[0m
[92m✓ Found 24 completed games[0m
[92m✓ Tracking data saved to /Users/rico/sports-models/nba/nba_picks_tracking.json[0m

[93m⚠️  No new results found[0m
[92m✓ Tracking dashboard saved: /Users/rico/sports-models/nba/nba_tracking_dashboard.html[0m

[1m[96mSTEP 2: Fetching Composite Stats (Season + Form)[0m
[96m🔄 Fetching new team stats from stats.nba.com...[0m
[92m✓ Fetched and cached stats for 76 teams[0m

[1m[96mSTEP 3: Fetching Home/Away Splits[0m
[96m🔄 Fetching home/away splits from stats.nba.com...[0m
[92m✓ Fetched and cached home/away splits[0m

[1m[96mSTEP 4: Fetching Team Schedules (Rest Days)[0m

[1m[96mSTEP 5: Fetching Live Odds (Next 7 Days)[0m
[92m✓ Fetched odds for 10 total games[0m
[92m✓ Filtered to 10 games in next 7 days[0m

[1m[96mSTEP 6: Processing Games & Generating Picks[0m


[1m[92m✅ Analyzed 10 games with complete odds[0m


[1m==========================================================================================[0m
[1m[93m🏀 NBA MODEL PREDICTIONS 🏀[0m
[1m==========================================================================================[0m

[1m[96mCleveland Cavaliers @ Toronto Raptors[0m
  🕐 11/24/25 07:10 PM EST
  📊 Spread: Market +2.5 | Model -5.8
  🎯 Total: Market 235.5 | Model 226.7
  [92m✅ BET: Cleveland Cavaliers -2.5[0m
     [96mModel projects Toronto Raptors to lose by 5.8, Cleveland Cavaliers covers -2.5.[0m
  [92m✅ BET: UNDER 235.5[0m
     [96mModel projects 227 total points, bet the UNDER[0m
  📈 Predicted: Cleveland Cavaliers 116, Toronto Raptors 110

[1m[96mDetroit Pistons @ Indiana Pacers[0m
  🕐 11/24/25 07:10 PM EST
  📊 Spread: Market +10.5 | Model +5.2
  🎯 Total: Market 235.5 | Model 227.4
  [92m✅ BET: Indiana Pacers +10.5[0m
     [96mModel projects Indiana Pacers to win outright, easily covering +10.5.[0m
  [92m✅ BET: UNDER 235.5[0m
     [96mModel projects 227 total points, bet the UNDER[0m
  📈 Predicted: Detroit Pistons 111, Indiana Pacers 116

[1m[96mNew York Knicks @ Brooklyn Nets[0m
  🕐 11/24/25 07:40 PM EST
  📊 Spread: Market +14.0 | Model -6.6
  🎯 Total: Market 229.5 | Model 219.6
  [92m✅ BET: Brooklyn Nets +14.0[0m
     [96mModel projects Brooklyn Nets to lose by only 6.6, covering +14.0.[0m
  [92m✅ BET: UNDER 229.5[0m
     [96mModel projects 220 total points, bet the UNDER[0m
  📈 Predicted: New York Knicks 113, Brooklyn Nets 106

[1m[96mDallas Mavericks @ Miami Heat[0m
  🕐 11/24/25 07:40 PM EST
  📊 Spread: Market -8.5 | Model +11.3
  🎯 Total: Market 241.5 | Model 224.0
  [93m⚠️ NO BET - Too close to call[0m
     [96mEdge too small (+2.8)[0m
  [92m✅ BET: UNDER 241.5[0m
     [96mModel projects 224 total points, bet the UNDER[0m
  📈 Predicted: Dallas Mavericks 106, Miami Heat 118

[1m[96mChicago Bulls @ New Orleans Pelicans[0m
  🕐 11/24/25 08:10 PM EST
  📊 Spread: Market +5.0 | Model -0.7
  🎯 Total: Market 244.5 | Model 228.0
  [92m✅ BET: New Orleans Pelicans +5.0[0m
     [96mModel projects New Orleans Pelicans to lose by only 0.7, covering +5.0.[0m
  [92m✅ BET: UNDER 244.5[0m
     [96mModel projects 228 total points, bet the UNDER[0m
  📈 Predicted: Chicago Bulls 114, New Orleans Pelicans 114

[1m[96mDenver Nuggets @ Memphis Grizzlies[0m
  🕐 11/24/25 08:10 PM EST
  📊 Spread: Market +8.0 | Model +9.1
  🎯 Total: Market 233.5 | Model 230.9
  [92m✅ BET: Memphis Grizzlies +8.0[0m
     [96mModel projects Memphis Grizzlies to win outright, easily covering +8.0.[0m
  [93m⚠️ NO BET - Too close to call[0m
  📈 Predicted: Denver Nuggets 111, Memphis Grizzlies 120

[1m[96mPortland Trail Blazers @ Milwaukee Bucks[0m
  🕐 11/24/25 08:10 PM EST
  📊 Spread: Market -2.0 | Model +12.6
  🎯 Total: Market 232.5 | Model 225.7
  [92m✅ BET: Milwaukee Bucks -2.0[0m
     [96mModel projects Milwaukee Bucks to win by 12.6, covering -2.0.[0m
  [92m✅ BET: UNDER 232.5[0m
     [96mModel projects 226 total points, bet the UNDER[0m
  📈 Predicted: Portland Trail Blazers 107, Milwaukee Bucks 119

[1m[96mHouston Rockets @ Phoenix Suns[0m
  🕐 11/24/25 09:40 PM EST
  📊 Spread: Market +6.5 | Model +0.0
  🎯 Total: Market 224.5 | Model 227.1
  [92m✅ BET: Phoenix Suns +6.5[0m
     [96mModel projects Phoenix Suns to lose by only 0.0, covering +6.5.[0m
  [93m⚠️ NO BET - Too close to call[0m
  📈 Predicted: Houston Rockets 114, Phoenix Suns 114

[1m[96mUtah Jazz @ Golden State Warriors[0m
  🕐 11/24/25 10:10 PM EST
  📊 Spread: Market -14.5 | Model +16.5
  🎯 Total: Market 239.5 | Model 225.0
  [93m⚠️ NO BET - Too close to call[0m
     [96mEdge too small (+2.0)[0m
  [92m✅ BET: UNDER 239.5[0m
     [96mModel projects 225 total points, bet the UNDER[0m
  📈 Predicted: Utah Jazz 104, Golden State Warriors 121

[1m[96mMinnesota Timberwolves @ Sacramento Kings[0m
  🕐 11/24/25 10:10 PM EST
  📊 Spread: Market +9.5 | Model +1.5
  🎯 Total: Market 237.5 | Model 223.1
  [92m✅ BET: Sacramento Kings +9.5[0m
     [96mModel projects Sacramento Kings to win outright, easily covering +9.5.[0m
  [92m✅ BET: UNDER 237.5[0m
     [96mModel projects 223 total points, bet the UNDER[0m
  📈 Predicted: Minnesota Timberwolves 111, Sacramento Kings 112

[92m✓ CSV saved: /Users/rico/sports-models/nba/nba_model_output.csv[0m
[92m✓ HTML saved: /Users/rico/sports-models/nba/nba_model_output.html[0m

[1m[96mSTEP 7: Generating Final Tracking Dashboard[0m
[92m✓ Tracking dashboard saved: /Users/rico/sports-models/nba/nba_tracking_dashboard.html[0m

[1m==========================================================================================[0m
[1m[93m📊 TRACKING SUMMARY 📊[0m
[1m==========================================================================================[0m
[92mTotal Tracked Bets: 99[0m
[92mRecord: 51-40-0[0m
[92mWin Rate: 56.0%[0m
[92mProfit: +6.16 units[0m
[92mROI: +6.2%[0m
[1m==========================================================================================[0m


==========================================
✅ Model completed successfully!
==========================================

📤 Pushing updates to GitHub...
[main a31f643] Update model outputs - 2025-11-24 10:00:34
 Committer: Ricardo Hill <rico@Ricos-M1-Mac-2.local>
Your name and email address were configured automatically based
on your username and hostname. Please check that they are accurate.
You can suppress this message by setting them explicitly. Run the
following command and follow the instructions in your editor to edit
your configuration file:

    git config --global --edit

After doing this, you may fix the identity used for this commit with:

    git commit --amend --reset-author

 3 files changed, 64 insertions(+), 64 deletions(-)
To https://github.com/BangLetsGetIt/NBA-NCAA-Betting-Models.git
   729a2be..a31f643  main -> main
✅ Successfully pushed to GitHub!
==========================================
NBA Model Run: Tue Nov 25 10:00:00 EST 2025
==========================================
Running NBA model...
Traceback (most recent call last):
  File "/Library/Frameworks/Python.framework/Versions/3.13/lib/python3.13/site-packages/urllib3/connection.py", line 198, in _new_conn
    sock = connection.create_connection(
        (self._dns_host, self.port),
    ...<2 lines>...
        socket_options=self.socket_options,
    )
  File "/Library/Frameworks/Python.framework/Versions/3.13/lib/python3.13/site-packages/urllib3/util/connection.py", line 60, in create_connection
    for res in socket.getaddrinfo(host, port, family, socket.SOCK_STREAM):
               ~~~~~~~~~~~~~~~~~~^^^^^^^^^^^^^^^^^^^^^^^^^^^^^^^^^^^^^^^^
  File "/Library/Frameworks/Python.framework/Versions/3.13/lib/python3.13/socket.py", line 977, in getaddrinfo
    for res in _socket.getaddrinfo(host, port, family, type, proto, flags):
               ~~~~~~~~~~~~~~~~~~~^^^^^^^^^^^^^^^^^^^^^^^^^^^^^^^^^^^^^^^^
socket.gaierror: [Errno 8] nodename nor servname provided, or not known

The above exception was the direct cause of the following exception:

Traceback (most recent call last):
  File "/Library/Frameworks/Python.framework/Versions/3.13/lib/python3.13/site-packages/urllib3/connectionpool.py", line 787, in urlopen
    response = self._make_request(
        conn,
    ...<10 lines>...
        **response_kw,
    )
  File "/Library/Frameworks/Python.framework/Versions/3.13/lib/python3.13/site-packages/urllib3/connectionpool.py", line 488, in _make_request
    raise new_e
  File "/Library/Frameworks/Python.framework/Versions/3.13/lib/python3.13/site-packages/urllib3/connectionpool.py", line 464, in _make_request
    self._validate_conn(conn)
    ~~~~~~~~~~~~~~~~~~~^^^^^^
  File "/Library/Frameworks/Python.framework/Versions/3.13/lib/python3.13/site-packages/urllib3/connectionpool.py", line 1093, in _validate_conn
    conn.connect()
    ~~~~~~~~~~~~^^
  File "/Library/Frameworks/Python.framework/Versions/3.13/lib/python3.13/site-packages/urllib3/connection.py", line 753, in connect
    self.sock = sock = self._new_conn()
                       ~~~~~~~~~~~~~~^^
  File "/Library/Frameworks/Python.framework/Versions/3.13/lib/python3.13/site-packages/urllib3/connection.py", line 205, in _new_conn
    raise NameResolutionError(self.host, self, e) from e
urllib3.exceptions.NameResolutionError: <urllib3.connection.HTTPSConnection object at 0x1154af620>: Failed to resolve 'stats.nba.com' ([Errno 8] nodename nor servname provided, or not known)

The above exception was the direct cause of the following exception:

Traceback (most recent call last):
  File "/Library/Frameworks/Python.framework/Versions/3.13/lib/python3.13/site-packages/requests/adapters.py", line 667, in send
    resp = conn.urlopen(
        method=request.method,
    ...<9 lines>...
        chunked=chunked,
    )
  File "/Library/Frameworks/Python.framework/Versions/3.13/lib/python3.13/site-packages/urllib3/connectionpool.py", line 841, in urlopen
    retries = retries.increment(
        method, url, error=new_e, _pool=self, _stacktrace=sys.exc_info()[2]
    )
  File "/Library/Frameworks/Python.framework/Versions/3.13/lib/python3.13/site-packages/urllib3/util/retry.py", line 519, in increment
    raise MaxRetryError(_pool, url, reason) from reason  # type: ignore[arg-type]
    ^^^^^^^^^^^^^^^^^^^^^^^^^^^^^^^^^^^^^^^^^^^^^^^^^^^
urllib3.exceptions.MaxRetryError: HTTPSConnectionPool(host='stats.nba.com', port=443): Max retries exceeded with url: /stats/leaguedashteamstats?Conference=&DateFrom=&DateTo=&Division=&GameScope=&GameSegment=&LastNGames=0&LeagueID=&Location=&MeasureType=Advanced&Month=0&OpponentTeamID=0&Outcome=&PORound=&PaceAdjust=N&PerMode=Totals&Period=0&PlayerExperience=&PlayerPosition=&PlusMinus=N&Rank=N&Season=2024-25&SeasonSegment=&SeasonType=Regular+Season&ShotClockRange=&StarterBench=&TeamID=&TwoWay=&VsConference=&VsDivision= (Caused by NameResolutionError("<urllib3.connection.HTTPSConnection object at 0x1154af620>: Failed to resolve 'stats.nba.com' ([Errno 8] nodename nor servname provided, or not known)"))

During handling of the above exception, another exception occurred:

Traceback (most recent call last):
  File "/Users/rico/sports-models/nba/nba_model_IMPROVED.py", line 1078, in fetch_advanced_stats
    season_stats_data = leaguedashteamstats.LeagueDashTeamStats(
        measure_type_detailed_defense='Advanced',
        season=CURRENT_SEASON,
        timeout=30
    )
  File "/Library/Frameworks/Python.framework/Versions/3.13/lib/python3.13/site-packages/nba_api/stats/endpoints/leaguedashteamstats.py", line 173, in __init__
    self.get_request()
    ~~~~~~~~~~~~~~~~^^
  File "/Library/Frameworks/Python.framework/Versions/3.13/lib/python3.13/site-packages/nba_api/stats/endpoints/leaguedashteamstats.py", line 176, in get_request
    self.nba_response = NBAStatsHTTP().send_api_request(
                        ~~~~~~~~~~~~~~~~~~~~~~~~~~~~~~~^
        endpoint=self.endpoint,
        ^^^^^^^^^^^^^^^^^^^^^^^
    ...<3 lines>...
        timeout=self.timeout,
        ^^^^^^^^^^^^^^^^^^^^^
    )
    ^
  File "/Library/Frameworks/Python.framework/Versions/3.13/lib/python3.13/site-packages/nba_api/library/http.py", line 160, in send_api_request
    response = self.get_session().get(
        url=base_url,
    ...<3 lines>...
        timeout=timeout,
    )
  File "/Library/Frameworks/Python.framework/Versions/3.13/lib/python3.13/site-packages/requests/sessions.py", line 602, in get
    return self.request("GET", url, **kwargs)
           ~~~~~~~~~~~~^^^^^^^^^^^^^^^^^^^^^^
  File "/Library/Frameworks/Python.framework/Versions/3.13/lib/python3.13/site-packages/requests/sessions.py", line 589, in request
    resp = self.send(prep, **send_kwargs)
  File "/Library/Frameworks/Python.framework/Versions/3.13/lib/python3.13/site-packages/requests/sessions.py", line 703, in send
    r = adapter.send(request, **kwargs)
  File "/Library/Frameworks/Python.framework/Versions/3.13/lib/python3.13/site-packages/requests/adapters.py", line 700, in send
    raise ConnectionError(e, request=request)
requests.exceptions.ConnectionError: HTTPSConnectionPool(host='stats.nba.com', port=443): Max retries exceeded with url: /stats/leaguedashteamstats?Conference=&DateFrom=&DateTo=&Division=&GameScope=&GameSegment=&LastNGames=0&LeagueID=&Location=&MeasureType=Advanced&Month=0&OpponentTeamID=0&Outcome=&PORound=&PaceAdjust=N&PerMode=Totals&Period=0&PlayerExperience=&PlayerPosition=&PlusMinus=N&Rank=N&Season=2024-25&SeasonSegment=&SeasonType=Regular+Season&ShotClockRange=&StarterBench=&TeamID=&TwoWay=&VsConference=&VsDivision= (Caused by NameResolutionError("<urllib3.connection.HTTPSConnection object at 0x1154af620>: Failed to resolve 'stats.nba.com' ([Errno 8] nodename nor servname provided, or not known)"))

[1m==========================================================================================[0m
[1m[96m🎲 IMPROVED NBA BETTING MODEL 🎲[0m
[1m[92m⚡ Enhanced Stats + Rest Days + Stricter Filters ⚡[0m
[1m==========================================================================================[0m

[1m[96mSTEP 1: Checking for Completed Games[0m

[96m==========================================================================================[0m
[96m🔄 UPDATING RESULTS FOR COMPLETED GAMES[0m
[96m==========================================================================================[0m

[92m✓ No pending picks to update[0m
[92m✓ Tracking dashboard saved: /Users/rico/sports-models/nba/nba_tracking_dashboard.html[0m

[1m[96mSTEP 2: Fetching Composite Stats (Season + Form)[0m
[96m🔄 Fetching new team stats from stats.nba.com...[0m
[91m✗ Error fetching stats: HTTPSConnectionPool(host='stats.nba.com', port=443): Max retries exceeded with url: /stats/leaguedashteamstats?Conference=&DateFrom=&DateTo=&Division=&GameScope=&GameSegment=&LastNGames=0&LeagueID=&Location=&MeasureType=Advanced&Month=0&OpponentTeamID=0&Outcome=&PORound=&PaceAdjust=N&PerMode=Totals&Period=0&PlayerExperience=&PlayerPosition=&PlusMinus=N&Rank=N&Season=2024-25&SeasonSegment=&SeasonType=Regular+Season&ShotClockRange=&StarterBench=&TeamID=&TwoWay=&VsConference=&VsDivision= (Caused by NameResolutionError("<urllib3.connection.HTTPSConnection object at 0x1154af620>: Failed to resolve 'stats.nba.com' ([Errno 8] nodename nor servname provided, or not known)"))[0m

[91m⚠️  Could not fetch advanced stats. Exiting.[0m

==========================================
✅ Model completed successfully!
==========================================

📤 Pushing updates to GitHub...
[main 078dced] Update model outputs - 2025-11-25 10:00:02
 Committer: Ricardo Hill <rico@Ricos-M1-Mac-2.local>
Your name and email address were configured automatically based
on your username and hostname. Please check that they are accurate.
You can suppress this message by setting them explicitly. Run the
following command and follow the instructions in your editor to edit
your configuration file:

    git config --global --edit

After doing this, you may fix the identity used for this commit with:

    git commit --amend --reset-author

 1 file changed, 1 insertion(+), 1 deletion(-)
fatal: unable to access 'https://github.com/BangLetsGetIt/NBA-NCAA-Betting-Models.git/': Could not resolve host: github.com
⚠️  Push failed - you may need to set up the GitHub remote first
==========================================
NBA Model Run: Wed Nov 26 10:00:00 EST 2025
==========================================
Running NBA model...
Traceback (most recent call last):
  File "/Library/Frameworks/Python.framework/Versions/3.13/lib/python3.13/site-packages/urllib3/connection.py", line 198, in _new_conn
    sock = connection.create_connection(
        (self._dns_host, self.port),
    ...<2 lines>...
        socket_options=self.socket_options,
    )
  File "/Library/Frameworks/Python.framework/Versions/3.13/lib/python3.13/site-packages/urllib3/util/connection.py", line 60, in create_connection
    for res in socket.getaddrinfo(host, port, family, socket.SOCK_STREAM):
               ~~~~~~~~~~~~~~~~~~^^^^^^^^^^^^^^^^^^^^^^^^^^^^^^^^^^^^^^^^
  File "/Library/Frameworks/Python.framework/Versions/3.13/lib/python3.13/socket.py", line 977, in getaddrinfo
    for res in _socket.getaddrinfo(host, port, family, type, proto, flags):
               ~~~~~~~~~~~~~~~~~~~^^^^^^^^^^^^^^^^^^^^^^^^^^^^^^^^^^^^^^^^
socket.gaierror: [Errno 8] nodename nor servname provided, or not known

The above exception was the direct cause of the following exception:

Traceback (most recent call last):
  File "/Library/Frameworks/Python.framework/Versions/3.13/lib/python3.13/site-packages/urllib3/connectionpool.py", line 787, in urlopen
    response = self._make_request(
        conn,
    ...<10 lines>...
        **response_kw,
    )
  File "/Library/Frameworks/Python.framework/Versions/3.13/lib/python3.13/site-packages/urllib3/connectionpool.py", line 488, in _make_request
    raise new_e
  File "/Library/Frameworks/Python.framework/Versions/3.13/lib/python3.13/site-packages/urllib3/connectionpool.py", line 464, in _make_request
    self._validate_conn(conn)
    ~~~~~~~~~~~~~~~~~~~^^^^^^
  File "/Library/Frameworks/Python.framework/Versions/3.13/lib/python3.13/site-packages/urllib3/connectionpool.py", line 1093, in _validate_conn
    conn.connect()
    ~~~~~~~~~~~~^^
  File "/Library/Frameworks/Python.framework/Versions/3.13/lib/python3.13/site-packages/urllib3/connection.py", line 753, in connect
    self.sock = sock = self._new_conn()
                       ~~~~~~~~~~~~~~^^
  File "/Library/Frameworks/Python.framework/Versions/3.13/lib/python3.13/site-packages/urllib3/connection.py", line 205, in _new_conn
    raise NameResolutionError(self.host, self, e) from e
urllib3.exceptions.NameResolutionError: <urllib3.connection.HTTPSConnection object at 0x11e6af620>: Failed to resolve 'stats.nba.com' ([Errno 8] nodename nor servname provided, or not known)

The above exception was the direct cause of the following exception:

Traceback (most recent call last):
  File "/Library/Frameworks/Python.framework/Versions/3.13/lib/python3.13/site-packages/requests/adapters.py", line 667, in send
    resp = conn.urlopen(
        method=request.method,
    ...<9 lines>...
        chunked=chunked,
    )
  File "/Library/Frameworks/Python.framework/Versions/3.13/lib/python3.13/site-packages/urllib3/connectionpool.py", line 841, in urlopen
    retries = retries.increment(
        method, url, error=new_e, _pool=self, _stacktrace=sys.exc_info()[2]
    )
  File "/Library/Frameworks/Python.framework/Versions/3.13/lib/python3.13/site-packages/urllib3/util/retry.py", line 519, in increment
    raise MaxRetryError(_pool, url, reason) from reason  # type: ignore[arg-type]
    ^^^^^^^^^^^^^^^^^^^^^^^^^^^^^^^^^^^^^^^^^^^^^^^^^^^
urllib3.exceptions.MaxRetryError: HTTPSConnectionPool(host='stats.nba.com', port=443): Max retries exceeded with url: /stats/leaguedashteamstats?Conference=&DateFrom=&DateTo=&Division=&GameScope=&GameSegment=&LastNGames=0&LeagueID=&Location=&MeasureType=Advanced&Month=0&OpponentTeamID=0&Outcome=&PORound=&PaceAdjust=N&PerMode=Totals&Period=0&PlayerExperience=&PlayerPosition=&PlusMinus=N&Rank=N&Season=2024-25&SeasonSegment=&SeasonType=Regular+Season&ShotClockRange=&StarterBench=&TeamID=&TwoWay=&VsConference=&VsDivision= (Caused by NameResolutionError("<urllib3.connection.HTTPSConnection object at 0x11e6af620>: Failed to resolve 'stats.nba.com' ([Errno 8] nodename nor servname provided, or not known)"))

During handling of the above exception, another exception occurred:

Traceback (most recent call last):
  File "/Users/rico/sports-models/nba/nba_model_IMPROVED.py", line 1078, in fetch_advanced_stats
    season_stats_data = leaguedashteamstats.LeagueDashTeamStats(
        measure_type_detailed_defense='Advanced',
        season=CURRENT_SEASON,
        timeout=30
    )
  File "/Library/Frameworks/Python.framework/Versions/3.13/lib/python3.13/site-packages/nba_api/stats/endpoints/leaguedashteamstats.py", line 173, in __init__
    self.get_request()
    ~~~~~~~~~~~~~~~~^^
  File "/Library/Frameworks/Python.framework/Versions/3.13/lib/python3.13/site-packages/nba_api/stats/endpoints/leaguedashteamstats.py", line 176, in get_request
    self.nba_response = NBAStatsHTTP().send_api_request(
                        ~~~~~~~~~~~~~~~~~~~~~~~~~~~~~~~^
        endpoint=self.endpoint,
        ^^^^^^^^^^^^^^^^^^^^^^^
    ...<3 lines>...
        timeout=self.timeout,
        ^^^^^^^^^^^^^^^^^^^^^
    )
    ^
  File "/Library/Frameworks/Python.framework/Versions/3.13/lib/python3.13/site-packages/nba_api/library/http.py", line 160, in send_api_request
    response = self.get_session().get(
        url=base_url,
    ...<3 lines>...
        timeout=timeout,
    )
  File "/Library/Frameworks/Python.framework/Versions/3.13/lib/python3.13/site-packages/requests/sessions.py", line 602, in get
    return self.request("GET", url, **kwargs)
           ~~~~~~~~~~~~^^^^^^^^^^^^^^^^^^^^^^
  File "/Library/Frameworks/Python.framework/Versions/3.13/lib/python3.13/site-packages/requests/sessions.py", line 589, in request
    resp = self.send(prep, **send_kwargs)
  File "/Library/Frameworks/Python.framework/Versions/3.13/lib/python3.13/site-packages/requests/sessions.py", line 703, in send
    r = adapter.send(request, **kwargs)
  File "/Library/Frameworks/Python.framework/Versions/3.13/lib/python3.13/site-packages/requests/adapters.py", line 700, in send
    raise ConnectionError(e, request=request)
requests.exceptions.ConnectionError: HTTPSConnectionPool(host='stats.nba.com', port=443): Max retries exceeded with url: /stats/leaguedashteamstats?Conference=&DateFrom=&DateTo=&Division=&GameScope=&GameSegment=&LastNGames=0&LeagueID=&Location=&MeasureType=Advanced&Month=0&OpponentTeamID=0&Outcome=&PORound=&PaceAdjust=N&PerMode=Totals&Period=0&PlayerExperience=&PlayerPosition=&PlusMinus=N&Rank=N&Season=2024-25&SeasonSegment=&SeasonType=Regular+Season&ShotClockRange=&StarterBench=&TeamID=&TwoWay=&VsConference=&VsDivision= (Caused by NameResolutionError("<urllib3.connection.HTTPSConnection object at 0x11e6af620>: Failed to resolve 'stats.nba.com' ([Errno 8] nodename nor servname provided, or not known)"))

[1m==========================================================================================[0m
[1m[96m🎲 IMPROVED NBA BETTING MODEL 🎲[0m
[1m[92m⚡ Enhanced Stats + Rest Days + Stricter Filters ⚡[0m
[1m==========================================================================================[0m

[1m[96mSTEP 1: Checking for Completed Games[0m

[96m==========================================================================================[0m
[96m🔄 UPDATING RESULTS FOR COMPLETED GAMES[0m
[96m==========================================================================================[0m

[92m✓ No pending picks to update[0m
[92m✓ Tracking dashboard saved: /Users/rico/sports-models/nba/nba_tracking_dashboard.html[0m

[1m[96mSTEP 2: Fetching Composite Stats (Season + Form)[0m
[96m🔄 Fetching new team stats from stats.nba.com...[0m
[91m✗ Error fetching stats: HTTPSConnectionPool(host='stats.nba.com', port=443): Max retries exceeded with url: /stats/leaguedashteamstats?Conference=&DateFrom=&DateTo=&Division=&GameScope=&GameSegment=&LastNGames=0&LeagueID=&Location=&MeasureType=Advanced&Month=0&OpponentTeamID=0&Outcome=&PORound=&PaceAdjust=N&PerMode=Totals&Period=0&PlayerExperience=&PlayerPosition=&PlusMinus=N&Rank=N&Season=2024-25&SeasonSegment=&SeasonType=Regular+Season&ShotClockRange=&StarterBench=&TeamID=&TwoWay=&VsConference=&VsDivision= (Caused by NameResolutionError("<urllib3.connection.HTTPSConnection object at 0x11e6af620>: Failed to resolve 'stats.nba.com' ([Errno 8] nodename nor servname provided, or not known)"))[0m

[91m⚠️  Could not fetch advanced stats. Exiting.[0m

==========================================
✅ Model completed successfully!
==========================================

📤 Pushing updates to GitHub...
[main 6d7f1df] Update model outputs - 2025-11-26 10:00:06
 Committer: Ricardo Hill <rico@Ricos-M1-Mac-2.local>
Your name and email address were configured automatically based
on your username and hostname. Please check that they are accurate.
You can suppress this message by setting them explicitly. Run the
following command and follow the instructions in your editor to edit
your configuration file:

    git config --global --edit

After doing this, you may fix the identity used for this commit with:

    git commit --amend --reset-author

 1 file changed, 6 insertions(+), 6 deletions(-)
fatal: unable to access 'https://github.com/BangLetsGetIt/NBA-NCAA-Betting-Models.git/': Could not resolve host: github.com
⚠️  Push failed - you may need to set up the GitHub remote first
==========================================
NBA Model Run: Thu Nov 27 10:00:02 EST 2025
==========================================
Running NBA model...

[1m==========================================================================================[0m
[1m[96m🎲 IMPROVED NBA BETTING MODEL 🎲[0m
[1m[92m⚡ Enhanced Stats + Rest Days + Stricter Filters ⚡[0m
[1m==========================================================================================[0m

[1m[96mSTEP 1: Checking for Completed Games[0m

[96m==========================================================================================[0m
[96m🔄 UPDATING RESULTS FOR COMPLETED GAMES[0m
[96m==========================================================================================[0m

[93m📋 Checking 5 pending picks...[0m
[96mFetching completed NBA game scores...[0m
[92m✓ Fetched 33 games from API[0m
[92m✓ Found 22 completed games[0m
  ✓ Updating: Detroit Pistons 114 @ Boston Celtics 117
    Result: Win
  ✓ Updating: New York Knicks 129 @ Charlotte Hornets 101
    Result: Win
  ✓ Updating: Indiana Pacers 95 @ Toronto Raptors 97
    Result: Win
  ✓ Updating: Phoenix Suns 112 @ Sacramento Kings 100
    Result: Loss
  ✓ Updating: San Antonio Spurs 115 @ Portland Trail Blazers 102
    Result: Win
[92m✓ Tracking data saved to /Users/rico/sports-models/nba/nba_picks_tracking.json[0m

[92m✅ Updated 5 picks! Record: 59-45-0[0m
[92m✓ Tracking dashboard saved: /Users/rico/sports-models/nba/nba_tracking_dashboard.html[0m

[1m[96mSTEP 2: Fetching Composite Stats (Season + Form)[0m
[96m🔄 Fetching new team stats from stats.nba.com...[0m
[92m✓ Fetched and cached stats for 76 teams[0m

[1m[96mSTEP 3: Fetching Home/Away Splits[0m
[96m🔄 Fetching home/away splits from stats.nba.com...[0m
[92m✓ Fetched and cached home/away splits[0m

[1m[96mSTEP 4: Fetching Team Schedules (Rest Days)[0m
[96m🔄 Fetching team schedules...[0m
[92m✓ Fetched schedules for 1 teams[0m

[1m[96mSTEP 5: Fetching Live Odds (Next 7 Days)[0m
[92m✓ Fetched odds for 11 total games[0m
[92m✓ Filtered to 11 games in next 7 days[0m

[1m[96mSTEP 6: Processing Games & Generating Picks[0m

[92m✓ Tracking data saved to /Users/rico/sports-models/nba/nba_picks_tracking.json[0m
[92m📝 LOGGED PICK: ✅ BET: UNDER 248.0 (Edge: -24.5)[0m
[92m✓ Tracking data saved to /Users/rico/sports-models/nba/nba_picks_tracking.json[0m
[92m📝 LOGGED PICK: ✅ BET: Indiana Pacers -6.5 (Edge: +12.3)[0m
[92m✓ Tracking data saved to /Users/rico/sports-models/nba/nba_picks_tracking.json[0m
[92m📝 LOGGED PICK: ✅ BET: UNDER 238.5 (Edge: -12.4)[0m
[92m✓ Tracking data saved to /Users/rico/sports-models/nba/nba_picks_tracking.json[0m
[92m📝 LOGGED PICK: ✅ BET: Oklahoma City Thunder -14.5 (Edge: +8.3)[0m
[92m✓ Tracking data saved to /Users/rico/sports-models/nba/nba_picks_tracking.json[0m
[92m📝 LOGGED PICK: ✅ BET: UNDER 241.5 (Edge: -15.1)[0m
[91m❌ Missing stats for Los Angeles Clippers or Memphis Grizzlies[0m
[91m❌ Missing stats for Los Angeles Clippers or Memphis Grizzlies[0m
[91m❌ Skipping Memphis Grizzlies @ Los Angeles Clippers - missing model data[0m

[1m[92m✅ Analyzed 10 games with complete odds[0m

[93m📊 All picks sorted by edge (highest confidence first)[0m


[1m==========================================================================================[0m
[1m[93m🏀 NBA MODEL PREDICTIONS 🏀[0m
[1m==========================================================================================[0m

[1m[96mChicago Bulls @ Charlotte Hornets[0m
  🕐 11/28/25 07:40 PM EST
  📊 Spread: Market +3.5 | Model +0.6
  🎯 Total: Market 248.0 | Model 223.5
  [92m✅ BET: Charlotte Hornets +3.5[0m
     [96mModel projects Charlotte Hornets to win outright, easily covering +3.5.[0m
  [92m✅ BET: UNDER 248.0[0m
     [96mModel projects 224 total points, bet the UNDER[0m
  📈 Predicted: Chicago Bulls 111, Charlotte Hornets 112

[1m[96mSacramento Kings @ Utah Jazz[0m
  🕐 11/28/25 09:40 PM EST
  📊 Spread: Market -1.0 | Model -4.2
  🎯 Total: Market 241.5 | Model 226.4
  [92m✅ BET: Sacramento Kings +1.0[0m
     [96mModel projects Utah Jazz to win by only 4.2, not enough to cover -1.0.[0m
  [92m✅ BET: UNDER 241.5[0m
     [96mModel projects 226 total points, bet the UNDER[0m
  📈 Predicted: Sacramento Kings 115, Utah Jazz 111

[1m[96mWashington Wizards @ Indiana Pacers[0m
  🕐 11/28/25 07:40 PM EST
  📊 Spread: Market -6.5 | Model +18.8
  🎯 Total: Market 238.5 | Model 226.1
  [92m✅ BET: Indiana Pacers -6.5[0m
     [96mModel projects Indiana Pacers to win by 18.8, covering -6.5.[0m
  [92m✅ BET: UNDER 238.5[0m
     [96mModel projects 226 total points, bet the UNDER[0m
  📈 Predicted: Washington Wizards 104, Indiana Pacers 122

[1m[96mOrlando Magic @ Detroit Pistons[0m
  🕐 11/28/25 07:40 PM EST
  📊 Spread: Market -4.5 | Model +7.5
  🎯 Total: Market 231.5 | Model 219.8
  [93m⚠️ NO BET - Too close to call[0m
     [96mEdge too small (+3.0)[0m
  [92m✅ BET: UNDER 231.5[0m
     [96mModel projects 220 total points, bet the UNDER[0m
  📈 Predicted: Orlando Magic 106, Detroit Pistons 114

[1m[96mSan Antonio Spurs @ Denver Nuggets[0m
  🕐 11/28/25 09:40 PM EST
  📊 Spread: Market -10.5 | Model +12.6
  🎯 Total: Market 235.5 | Model 225.6
  [93m⚠️ NO BET - Too close to call[0m
     [96mEdge too small (+2.1)[0m
  [92m✅ BET: UNDER 235.5[0m
     [96mModel projects 226 total points, bet the UNDER[0m
  📈 Predicted: San Antonio Spurs 106, Denver Nuggets 119

[1m[96mMilwaukee Bucks @ New York Knicks[0m
  🕐 11/28/25 07:40 PM EST
  📊 Spread: Market -6.5 | Model +11.2
  🎯 Total: Market 234.5 | Model 226.2
  [92m✅ BET: New York Knicks -6.5[0m
     [96mModel projects New York Knicks to win by 11.2, covering -6.5.[0m
  [92m✅ BET: UNDER 234.5[0m
     [96mModel projects 226 total points, bet the UNDER[0m
  📈 Predicted: Milwaukee Bucks 108, New York Knicks 119

[1m[96mPhoenix Suns @ Oklahoma City Thunder[0m
  🕐 11/28/25 09:40 PM EST
  📊 Spread: Market -14.5 | Model +22.8
  🎯 Total: Market 227.5 | Model 227.5
  [92m✅ BET: Oklahoma City Thunder -14.5[0m
     [96mModel projects Oklahoma City Thunder to win by 22.8, covering -14.5.[0m
  [93m⚠️ NO BET - Too close to call[0m
  📈 Predicted: Phoenix Suns 102, Oklahoma City Thunder 125

[1m[96mPhiladelphia 76ers @ Brooklyn Nets[0m
  🕐 11/28/25 07:40 PM EST
  📊 Spread: Market +6.0 | Model -0.2
  🎯 Total: Market 228.5 | Model 220.7
  [92m✅ BET: Brooklyn Nets +6.0[0m
     [96mModel projects Brooklyn Nets to lose by only 0.2, covering +6.0.[0m
  [92m✅ BET: UNDER 228.5[0m
     [96mModel projects 221 total points, bet the UNDER[0m
  📈 Predicted: Philadelphia 76ers 110, Brooklyn Nets 110

[1m[96mDallas Mavericks @ Los Angeles Lakers[0m
  🕐 11/28/25 10:10 PM EST
  📊 Spread: Market -10.5 | Model +12.7
  🎯 Total: Market 230.5 | Model 224.4
  [93m⚠️ NO BET - Too close to call[0m
     [96mEdge too small (+2.2)[0m
  [92m✅ BET: UNDER 230.5[0m
     [96mModel projects 224 total points, bet the UNDER[0m
  📈 Predicted: Dallas Mavericks 106, Los Angeles Lakers 119

[1m[96mCleveland Cavaliers @ Atlanta Hawks[0m
  🕐 11/28/25 07:40 PM EST
  📊 Spread: Market +5.5 | Model -5.3
  🎯 Total: Market 238.5 | Model 232.6
  [93m⚠️ NO BET - Too close to call[0m
     [96mEdge too small (+0.2)[0m
  [92m✅ BET: UNDER 238.5[0m
     [96mModel projects 233 total points, bet the UNDER[0m
  📈 Predicted: Cleveland Cavaliers 119, Atlanta Hawks 114

[92m✓ CSV saved: /Users/rico/sports-models/nba/nba_model_output.csv[0m
[92m✓ HTML saved: /Users/rico/sports-models/nba/nba_model_output.html[0m

[1m[96mSTEP 7: Generating Final Tracking Dashboard[0m
[92m✓ Tracking dashboard saved: /Users/rico/sports-models/nba/nba_tracking_dashboard.html[0m

[1m==========================================================================================[0m
[1m[93m📊 TRACKING SUMMARY 📊[0m
[1m==========================================================================================[0m
[92mTotal Tracked Bets: 109[0m
[92mRecord: 59-45-0[0m
[92mWin Rate: 56.7%[0m
[92mProfit: +8.66 units[0m
[92mROI: +7.6%[0m
[1m==========================================================================================[0m


==========================================
✅ Model completed successfully!
==========================================

📤 Pushing updates to GitHub...
[main b640d47] Update model outputs - 2025-11-27 10:00:54
 Committer: Ricardo Hill <rico@Ricos-M1-Mac-2.local>
Your name and email address were configured automatically based
on your username and hostname. Please check that they are accurate.
You can suppress this message by setting them explicitly. Run the
following command and follow the instructions in your editor to edit
your configuration file:

    git config --global --edit

After doing this, you may fix the identity used for this commit with:

    git commit --amend --reset-author

 4 files changed, 372 insertions(+), 205 deletions(-)
To https://github.com/BangLetsGetIt/NBA-NCAA-Betting-Models.git
   da78c0b..b640d47  main -> main
✅ Successfully pushed to GitHub!
==========================================
NBA Model Run: Fri Nov 28 10:00:00 EST 2025
==========================================
Running NBA model...

[1m==========================================================================================[0m
[1m[96m🎲 IMPROVED NBA BETTING MODEL 🎲[0m
[1m[92m⚡ Enhanced Stats + Rest Days + Stricter Filters ⚡[0m
[1m==========================================================================================[0m

[1m[96mSTEP 1: Checking for Completed Games[0m

[96m==========================================================================================[0m
[96m🔄 UPDATING RESULTS FOR COMPLETED GAMES[0m
[96m==========================================================================================[0m

[93m📋 Checking 6 pending picks...[0m
[96mFetching completed NBA game scores...[0m
[92m✓ Fetched 23 games from API[0m
[92m✓ Found 12 completed games[0m
[92m✓ Tracking data saved to /Users/rico/sports-models/nba/nba_picks_tracking.json[0m

[93m⚠️  No new results found[0m
[92m✓ Tracking dashboard saved: /Users/rico/sports-models/nba/nba_tracking_dashboard.html[0m

[1m[96mSTEP 2: Fetching Composite Stats (Season + Form)[0m
[92m✓ Using cached composite stats (less than 6 hours old)[0m

[1m[96mSTEP 3: Fetching Home/Away Splits[0m
[92m✓ Using cached home/away splits (less than 6 hours old)[0m

[1m[96mSTEP 4: Fetching Team Schedules (Rest Days)[0m

[1m[96mSTEP 5: Fetching Live Odds (Next 7 Days)[0m
[92m✓ Fetched odds for 11 total games[0m
[92m✓ Filtered to 11 games in next 7 days[0m

[1m[96mSTEP 6: Processing Games & Generating Picks[0m

[91m❌ Missing stats for Los Angeles Clippers or Memphis Grizzlies[0m
[91m❌ Missing stats for Los Angeles Clippers or Memphis Grizzlies[0m
[91m❌ Skipping Memphis Grizzlies @ Los Angeles Clippers - missing model data[0m

[1m[92m✅ Analyzed 10 games with complete odds[0m

[93m📊 All picks sorted by edge (highest confidence first)[0m


[1m==========================================================================================[0m
[1m[93m🏀 NBA MODEL PREDICTIONS 🏀[0m
[1m==========================================================================================[0m

[1m[96mChicago Bulls @ Charlotte Hornets[0m
  🕐 11/28/25 07:40 PM EST
  📊 Spread: Market +2.5 | Model +0.6
  🎯 Total: Market 248.5 | Model 223.5
  [92m✅ BET: Charlotte Hornets +2.5[0m
     [96mModel projects Charlotte Hornets to win outright, easily covering +2.5.[0m
  [92m✅ BET: UNDER 248.5[0m
     [96mModel projects 224 total points, bet the UNDER[0m
  📈 Predicted: Chicago Bulls 111, Charlotte Hornets 112

[1m[96mSacramento Kings @ Utah Jazz[0m
  🕐 11/28/25 09:40 PM EST
  📊 Spread: Market -1.5 | Model -4.2
  🎯 Total: Market 242.5 | Model 226.4
  [92m✅ BET: Sacramento Kings +1.5[0m
     [96mModel projects Utah Jazz to win by only 4.2, not enough to cover -1.5.[0m
  [92m✅ BET: UNDER 242.5[0m
     [96mModel projects 226 total points, bet the UNDER[0m
  📈 Predicted: Sacramento Kings 115, Utah Jazz 111

[1m[96mWashington Wizards @ Indiana Pacers[0m
  🕐 11/28/25 07:40 PM EST
  📊 Spread: Market -6.5 | Model +18.8
  🎯 Total: Market 240.5 | Model 226.1
  [92m✅ BET: Indiana Pacers -6.5[0m
     [96mModel projects Indiana Pacers to win by 18.8, covering -6.5.[0m
  [92m✅ BET: UNDER 240.5[0m
     [96mModel projects 226 total points, bet the UNDER[0m
  📈 Predicted: Washington Wizards 104, Indiana Pacers 122

[1m[96mOrlando Magic @ Detroit Pistons[0m
  🕐 11/28/25 07:40 PM EST
  📊 Spread: Market -3.0 | Model +7.5
  🎯 Total: Market 232.5 | Model 219.8
  [92m✅ BET: Detroit Pistons -3.0[0m
     [96mModel projects Detroit Pistons to win by 7.5, covering -3.0.[0m
  [92m✅ BET: UNDER 232.5[0m
     [96mModel projects 220 total points, bet the UNDER[0m
  📈 Predicted: Orlando Magic 106, Detroit Pistons 114

[1m[96mSan Antonio Spurs @ Denver Nuggets[0m
  🕐 11/28/25 09:40 PM EST
  📊 Spread: Market -7.5 | Model +12.6
  🎯 Total: Market 237.5 | Model 225.6
  [92m✅ BET: Denver Nuggets -7.5[0m
     [96mModel projects Denver Nuggets to win by 12.6, covering -7.5.[0m
  [92m✅ BET: UNDER 237.5[0m
     [96mModel projects 226 total points, bet the UNDER[0m
  📈 Predicted: San Antonio Spurs 106, Denver Nuggets 119

[1m[96mPhoenix Suns @ Oklahoma City Thunder[0m
  🕐 11/28/25 09:40 PM EST
  📊 Spread: Market -15.5 | Model +22.8
  🎯 Total: Market 225.5 | Model 227.5
  [92m✅ BET: Oklahoma City Thunder -15.5[0m
     [96mModel projects Oklahoma City Thunder to win by 22.8, covering -15.5.[0m
  [93m⚠️ NO BET - Too close to call[0m
  📈 Predicted: Phoenix Suns 102, Oklahoma City Thunder 125

[1m[96mPhiladelphia 76ers @ Brooklyn Nets[0m
  🕐 11/28/25 07:40 PM EST
  📊 Spread: Market +7.5 | Model -0.2
  🎯 Total: Market 222.5 | Model 220.7
  [92m✅ BET: Brooklyn Nets +7.5[0m
     [96mModel projects Brooklyn Nets to lose by only 0.2, covering +7.5.[0m
  [93m⚠️ NO BET - Too close to call[0m
  📈 Predicted: Philadelphia 76ers 110, Brooklyn Nets 110

[1m[96mDallas Mavericks @ Los Angeles Lakers[0m
  🕐 11/28/25 10:10 PM EST
  📊 Spread: Market -10.5 | Model +12.7
  🎯 Total: Market 230.5 | Model 224.4
  [93m⚠️ NO BET - Too close to call[0m
     [96mEdge too small (+2.2)[0m
  [92m✅ BET: UNDER 230.5[0m
     [96mModel projects 224 total points, bet the UNDER[0m
  📈 Predicted: Dallas Mavericks 106, Los Angeles Lakers 119

[1m[96mMilwaukee Bucks @ New York Knicks[0m
  🕐 11/28/25 07:40 PM EST
  📊 Spread: Market -8.5 | Model +11.2
  🎯 Total: Market 231.5 | Model 226.2
  [93m⚠️ NO BET - Too close to call[0m
     [96mEdge too small (+2.7)[0m
  [92m✅ BET: UNDER 231.5[0m
     [96mModel projects 226 total points, bet the UNDER[0m
  📈 Predicted: Milwaukee Bucks 108, New York Knicks 119

[1m[96mCleveland Cavaliers @ Atlanta Hawks[0m
  🕐 11/28/25 07:40 PM EST
  📊 Spread: Market +6.0 | Model -5.3
  🎯 Total: Market 236.5 | Model 232.6
  [93m⚠️ NO BET - Too close to call[0m
     [96mEdge too small (+0.7)[0m
  [93m⚠️ NO BET - Too close to call[0m
  📈 Predicted: Cleveland Cavaliers 119, Atlanta Hawks 114

[92m✓ CSV saved: /Users/rico/sports-models/nba/nba_model_output.csv[0m
[92m✓ HTML saved: /Users/rico/sports-models/nba/nba_model_output.html[0m

[1m[96mSTEP 7: Generating Final Tracking Dashboard[0m
[92m✓ Tracking dashboard saved: /Users/rico/sports-models/nba/nba_tracking_dashboard.html[0m

[1m==========================================================================================[0m
[1m[93m📊 TRACKING SUMMARY 📊[0m
[1m==========================================================================================[0m
[92mTotal Tracked Bets: 110[0m
[92mRecord: 59-45-0[0m
[92mWin Rate: 56.7%[0m
[92mProfit: +8.66 units[0m
[92mROI: +7.6%[0m
[1m==========================================================================================[0m


==========================================
✅ Model completed successfully!
==========================================

📤 Pushing updates to GitHub...
[main 99b629a] Update model outputs - 2025-11-28 10:00:03
 Committer: Ricardo Hill <rico@MacBookAir.lan>
Your name and email address were configured automatically based
on your username and hostname. Please check that they are accurate.
You can suppress this message by setting them explicitly. Run the
following command and follow the instructions in your editor to edit
your configuration file:

    git config --global --edit

After doing this, you may fix the identity used for this commit with:

    git commit --amend --reset-author

 3 files changed, 8 insertions(+), 8 deletions(-)
To https://github.com/BangLetsGetIt/NBA-NCAA-Betting-Models.git
   fe8f16e..99b629a  main -> main
✅ Successfully pushed to GitHub!
==========================================
NBA Model Run: Sat Nov 29 10:00:00 EST 2025
==========================================
Running NBA model...

[1m==========================================================================================[0m
[1m[96m🎲 IMPROVED NBA BETTING MODEL 🎲[0m
[1m[92m⚡ Enhanced Stats + Rest Days + Stricter Filters ⚡[0m
[1m==========================================================================================[0m

[1m[96mSTEP 1: Checking for Completed Games[0m

[96m==========================================================================================[0m
[96m🔄 UPDATING RESULTS FOR COMPLETED GAMES[0m
[96m==========================================================================================[0m

[93m📋 Checking 4 pending picks...[0m
[96mFetching completed NBA game scores...[0m
[92m✓ Fetched 32 games from API[0m
[92m✓ Found 20 completed games[0m
[92m✓ Tracking data saved to /Users/rico/sports-models/nba/nba_picks_tracking.json[0m

[93m⚠️  No new results found[0m
[92m✓ Tracking dashboard saved: /Users/rico/sports-models/nba/nba_tracking_dashboard.html[0m

[1m[96mSTEP 2: Fetching Composite Stats (Season + Form)[0m
[92m✓ Using cached composite stats (less than 6 hours old)[0m

[1m[96mSTEP 3: Fetching Home/Away Splits[0m
[92m✓ Using cached home/away splits (less than 6 hours old)[0m

[1m[96mSTEP 4: Fetching Team Schedules (Rest Days)[0m

[1m[96mSTEP 5: Fetching Live Odds (Next 7 Days)[0m
[92m✓ Fetched odds for 12 total games[0m
[92m✓ Filtered to 8 games in next 7 days[0m

[1m[96mSTEP 6: Processing Games & Generating Picks[0m

[91m❌ Missing stats for Los Angeles Clippers or Dallas Mavericks[0m
[91m❌ Missing stats for Los Angeles Clippers or Dallas Mavericks[0m
[91m❌ Skipping Dallas Mavericks @ Los Angeles Clippers - missing model data[0m

[1m[92m✅ Analyzed 7 games with complete odds[0m

[93m📊 All picks sorted by edge (highest confidence first)[0m


[1m==========================================================================================[0m
[1m[93m🏀 NBA MODEL PREDICTIONS 🏀[0m
[1m==========================================================================================[0m

[1m[96mDetroit Pistons @ Miami Heat[0m
  🕐 11/29/25 08:10 PM EST
  📊 Spread: Market -3.5 | Model +3.7
  🎯 Total: Market 238.5 | Model 223.9
  [93m⚠️ NO BET - Too close to call[0m
     [96mEdge too small (+0.2)[0m
  [92m✅ BET: UNDER 238.5[0m
     [96mModel projects 224 total points, bet the UNDER[0m
  📈 Predicted: Detroit Pistons 110, Miami Heat 114

[1m[96mToronto Raptors @ Charlotte Hornets[0m
  🕐 11/29/25 06:10 PM EST
  📊 Spread: Market +8.5 | Model +5.3
  🎯 Total: Market 228.5 | Model 217.7
  [92m✅ BET: Charlotte Hornets +8.5[0m
     [96mModel projects Charlotte Hornets to win outright, easily covering +8.5.[0m
  [92m✅ BET: UNDER 228.5[0m
     [96mModel projects 218 total points, bet the UNDER[0m
  📈 Predicted: Toronto Raptors 106, Charlotte Hornets 112

[1m[96mChicago Bulls @ Indiana Pacers[0m
  🕐 11/29/25 07:40 PM EST
  📊 Spread: Market +4.0 | Model +9.2
  🎯 Total: Market 241.5 | Model 231.6
  [92m✅ BET: Indiana Pacers +4.0[0m
     [96mModel projects Indiana Pacers to win outright, easily covering +4.0.[0m
  [92m✅ BET: UNDER 241.5[0m
     [96mModel projects 232 total points, bet the UNDER[0m
  📈 Predicted: Chicago Bulls 111, Indiana Pacers 120

[1m[96mNew Orleans Pelicans @ Golden State Warriors[0m
  🕐 11/29/25 08:40 PM EST
  📊 Spread: Market -8.5 | Model +20.1
  🎯 Total: Market 225.5 | Model 221.7
  [92m✅ BET: Golden State Warriors -8.5[0m
     [96mModel projects Golden State Warriors to win by 20.1, covering -8.5.[0m
  [93m⚠️ NO BET - Too close to call[0m
  📈 Predicted: New Orleans Pelicans 101, Golden State Warriors 121

[1m[96mBoston Celtics @ Minnesota Timberwolves[0m
  🕐 11/29/25 05:10 PM EST
  📊 Spread: Market -7.0 | Model +0.4
  🎯 Total: Market 227.5 | Model 221.6
  [92m✅ BET: Boston Celtics +7.0[0m
     [96mModel projects Minnesota Timberwolves to win by only 0.4, not enough to cover -7.0.[0m
  [92m✅ BET: UNDER 227.5[0m
     [96mModel projects 222 total points, bet the UNDER[0m
  📈 Predicted: Boston Celtics 111, Minnesota Timberwolves 111

[1m[96mDenver Nuggets @ Phoenix Suns[0m
  🕐 11/29/25 09:10 PM EST
  📊 Spread: Market +3.5 | Model +1.6
  🎯 Total: Market 231.5 | Model 228.1
  [92m✅ BET: Phoenix Suns +3.5[0m
     [96mModel projects Phoenix Suns to win outright, easily covering +3.5.[0m
  [93m⚠️ NO BET - Too close to call[0m
  📈 Predicted: Denver Nuggets 113, Phoenix Suns 115

[1m[96mBrooklyn Nets @ Milwaukee Bucks[0m
  🕐 11/29/25 08:10 PM EST
  📊 Spread: Market -10.5 | Model +12.6
  🎯 Total: Market 220.5 | Model 224.4
  [93m⚠️ NO BET - Too close to call[0m
     [96mEdge too small (+2.1)[0m
  [93m⚠️ NO BET - Too close to call[0m
  📈 Predicted: Brooklyn Nets 106, Milwaukee Bucks 118

[92m✓ CSV saved: /Users/rico/sports-models/nba/nba_model_output.csv[0m
[92m✓ HTML saved: /Users/rico/sports-models/nba/nba_model_output.html[0m

[1m[96mSTEP 7: Generating Final Tracking Dashboard[0m
[92m✓ Tracking dashboard saved: /Users/rico/sports-models/nba/nba_tracking_dashboard.html[0m

[1m==========================================================================================[0m
[1m[93m📊 TRACKING SUMMARY 📊[0m
[1m==========================================================================================[0m
[92mTotal Tracked Bets: 114[0m
[92mRecord: 63-47-0[0m
[92mWin Rate: 57.3%[0m
[92mProfit: +10.46 units[0m
[92mROI: +8.6%[0m
[1m==========================================================================================[0m


==========================================
✅ Model completed successfully!
==========================================

📤 Pushing updates to GitHub...
[main 730e690] Update model outputs - 2025-11-29 10:00:04
 Committer: Ricardo Hill <rico@MacBookAir.lan>
Your name and email address were configured automatically based
on your username and hostname. Please check that they are accurate.
You can suppress this message by setting them explicitly. Run the
following command and follow the instructions in your editor to edit
your configuration file:

    git config --global --edit

After doing this, you may fix the identity used for this commit with:

    git commit --amend --reset-author

 3 files changed, 8 insertions(+), 8 deletions(-)
To https://github.com/BangLetsGetIt/NBA-NCAA-Betting-Models.git
   9325f1f..730e690  main -> main
✅ Successfully pushed to GitHub!
==========================================
NBA Model Run: Sun Nov 30 10:00:03 EST 2025
==========================================
Running NBA model...

[1m==========================================================================================[0m
[1m[96m🎲 IMPROVED NBA BETTING MODEL 🎲[0m
[1m[92m⚡ Enhanced Stats + Rest Days + Stricter Filters ⚡[0m
[1m==========================================================================================[0m

[1m[96mSTEP 1: Checking for Completed Games[0m

[96m==========================================================================================[0m
[96m🔄 UPDATING RESULTS FOR COMPLETED GAMES[0m
[96m==========================================================================================[0m

[93m📋 Checking 4 pending picks...[0m
[96mFetching completed NBA game scores...[0m
[92m✓ Fetched 31 games from API[0m
[92m✓ Found 19 completed games[0m
  ✓ Updating: Toronto Raptors 111 @ Charlotte Hornets 118
    Result: Win
  ✓ Updating: Chicago Bulls 101 @ Indiana Pacers 103
    Result: Win
  ✓ Updating: Detroit Pistons 138 @ Miami Heat 135
    Result: Loss
  ✓ Updating: New Orleans Pelicans 96 @ Golden State Warriors 104
    Result: Loss
[92m✓ Tracking data saved to /Users/rico/sports-models/nba/nba_picks_tracking.json[0m

[92m✅ Updated 4 picks! Record: 65-49-0[0m
[92m✓ Tracking dashboard saved: /Users/rico/sports-models/nba/nba_tracking_dashboard.html[0m

[1m[96mSTEP 2: Fetching Composite Stats (Season + Form)[0m
[96m🔄 Fetching new team stats from stats.nba.com...[0m
[92m✓ Fetched and cached stats for 76 teams[0m

[1m[96mSTEP 3: Fetching Home/Away Splits[0m
[96m🔄 Fetching home/away splits from stats.nba.com...[0m
[93m⚠ Could not fetch splits: HTTPSConnectionPool(host='stats.nba.com', port=443): Read timed out. (read timeout=30)[0m

[1m[96mSTEP 4: Fetching Team Schedules (Rest Days)[0m
[96m🔄 Fetching team schedules...[0m
[92m✓ Fetched schedules for 1 teams[0m

[1m[96mSTEP 5: Fetching Live Odds (Next 7 Days)[0m
[92m✓ Fetched odds for 12 total games[0m
[92m✓ Filtered to 8 games in next 7 days[0m

[1m[96mSTEP 6: Processing Games & Generating Picks[0m

[92m✓ Tracking data saved to /Users/rico/sports-models/nba/nba_picks_tracking.json[0m
[92m📝 LOGGED PICK: ✅ BET: Minnesota Timberwolves -3.5 (Edge: +10.8)[0m

[1m[92m✅ Analyzed 8 games with complete odds[0m

[93m📊 All picks sorted by edge (highest confidence first)[0m


[1m==========================================================================================[0m
[1m[93m🏀 NBA MODEL PREDICTIONS 🏀[0m
[1m==========================================================================================[0m

[1m[96mSan Antonio Spurs @ Minnesota Timberwolves[0m
  🕐 11/30/25 07:10 PM EST
  📊 Spread: Market -3.5 | Model +14.3
  🎯 Total: Market 234.5 | Model 222.8
  [92m✅ BET: Minnesota Timberwolves -3.5[0m
     [96mModel projects Minnesota Timberwolves to win by 14.3, covering -3.5.[0m
  [92m✅ BET: UNDER 234.5[0m
     [96mModel projects 223 total points, bet the UNDER[0m
  📈 Predicted: San Antonio Spurs 104, Minnesota Timberwolves 119

[1m[96mNew Orleans Pelicans @ Los Angeles Lakers[0m
  🕐 11/30/25 09:40 PM EST
  📊 Spread: Market -15.5 | Model +13.9
  🎯 Total: Market 233.5 | Model 222.7
  [93m⚠️ NO BET - Too close to call[0m
     [96mEdge too small (-1.6)[0m
  [92m✅ BET: UNDER 233.5[0m
     [96mModel projects 223 total points, bet the UNDER[0m
  📈 Predicted: New Orleans Pelicans 104, Los Angeles Lakers 118

[1m[96mToronto Raptors @ New York Knicks[0m
  🕐 11/30/25 06:10 PM EST
  📊 Spread: Market -7.5 | Model +8.7
  🎯 Total: Market 232.5 | Model 221.8
  [93m⚠️ NO BET - Too close to call[0m
     [96mEdge too small (+1.2)[0m
  [92m✅ BET: UNDER 232.5[0m
     [96mModel projects 222 total points, bet the UNDER[0m
  📈 Predicted: Toronto Raptors 107, New York Knicks 115

[1m[96mOklahoma City Thunder @ Portland Trail Blazers[0m
  🕐 11/30/25 06:10 PM EST
  📊 Spread: Market +11.0 | Model -7.8
  🎯 Total: Market 232.5 | Model 223.5
  [92m✅ BET: Portland Trail Blazers +11.0[0m
     [96mModel projects Portland Trail Blazers to lose by only 7.8, covering +11.0.[0m
  [92m✅ BET: UNDER 232.5[0m
     [96mModel projects 224 total points, bet the UNDER[0m
  📈 Predicted: Oklahoma City Thunder 116, Portland Trail Blazers 108

[1m[96mBoston Celtics @ Cleveland Cavaliers[0m
  🕐 11/30/25 06:10 PM EST
  📊 Spread: Market -7.0 | Model +0.1
  🎯 Total: Market 231.5 | Model 226.0
  [92m✅ BET: Boston Celtics +7.0[0m
     [96mModel projects Cleveland Cavaliers to win by only 0.1, not enough to cover -7.0.[0m
  [92m✅ BET: UNDER 231.5[0m
     [96mModel projects 226 total points, bet the UNDER[0m
  📈 Predicted: Boston Celtics 113, Cleveland Cavaliers 113

[1m[96mHouston Rockets @ Utah Jazz[0m
  🕐 11/30/25 03:10 PM EST
  📊 Spread: Market +12.0 | Model -11.8
  🎯 Total: Market 233.5 | Model 227.6
  [93m⚠️ NO BET - Too close to call[0m
     [96mEdge too small (+0.2)[0m
  [92m✅ BET: UNDER 233.5[0m
     [96mModel projects 228 total points, bet the UNDER[0m
  📈 Predicted: Houston Rockets 120, Utah Jazz 108

[1m[96mMemphis Grizzlies @ Sacramento Kings[0m
  🕐 11/30/25 09:10 PM EST
  📊 Spread: Market +2.5 | Model +0.2
  🎯 Total: Market 233.5 | Model 228.6
  [93m⚠️ NO BET - Too close to call[0m
     [96mEdge too small (+2.7)[0m
  [92m✅ BET: UNDER 233.5[0m
     [96mModel projects 229 total points, bet the UNDER[0m
  📈 Predicted: Memphis Grizzlies 114, Sacramento Kings 114

[1m[96mAtlanta Hawks @ Philadelphia 76ers[0m
  🕐 11/30/25 06:10 PM EST
  📊 Spread: Market -1.0 | Model -1.7
  🎯 Total: Market 230.5 | Model 228.7
  [93m⚠️ NO BET - Too close to call[0m
     [96mEdge too small (-2.7)[0m
  [93m⚠️ NO BET - Too close to call[0m
  📈 Predicted: Atlanta Hawks 115, Philadelphia 76ers 114

[92m✓ CSV saved: /Users/rico/sports-models/nba/nba_model_output.csv[0m
[92m✓ HTML saved: /Users/rico/sports-models/nba/nba_model_output.html[0m

[1m[96mSTEP 7: Generating Final Tracking Dashboard[0m
[92m✓ Tracking dashboard saved: /Users/rico/sports-models/nba/nba_tracking_dashboard.html[0m

[1m==========================================================================================[0m
[1m[93m📊 TRACKING SUMMARY 📊[0m
[1m==========================================================================================[0m
[92mTotal Tracked Bets: 115[0m
[92mRecord: 65-49-0[0m
[92mWin Rate: 57.0%[0m
[92mProfit: +10.26 units[0m
[92mROI: +8.2%[0m
[1m==========================================================================================[0m


==========================================
✅ Model completed successfully!
==========================================

📤 Pushing updates to GitHub...
[main 273b784] Update model outputs - 2025-11-30 10:00:58
 Committer: Ricardo Hill <rico@MacBookAir.lan>
Your name and email address were configured automatically based
on your username and hostname. Please check that they are accurate.
You can suppress this message by setting them explicitly. Run the
following command and follow the instructions in your editor to edit
your configuration file:

    git config --global --edit

After doing this, you may fix the identity used for this commit with:

    git commit --amend --reset-author

 4 files changed, 239 insertions(+), 178 deletions(-)
To https://github.com/BangLetsGetIt/NBA-NCAA-Betting-Models.git
   faf5381..273b784  main -> main
✅ Successfully pushed to GitHub!
==========================================
NBA Model Run: Mon Dec  1 10:00:00 EST 2025
==========================================
Running NBA model...

[1m==========================================================================================[0m
[1m[96m🎲 IMPROVED NBA BETTING MODEL 🎲[0m
[1m[92m⚡ Enhanced Stats + Rest Days + Stricter Filters ⚡[0m
[1m==========================================================================================[0m

[1m[96mSTEP 1: Checking for Completed Games[0m

[96m==========================================================================================[0m
[96m🔄 UPDATING RESULTS FOR COMPLETED GAMES[0m
[96m==========================================================================================[0m

[93m📋 Checking 1 pending picks...[0m
[96mFetching completed NBA game scores...[0m
[92m✓ Fetched 40 games from API[0m
[92m✓ Found 27 completed games[0m
  ✓ Updating: San Antonio Spurs 112 @ Minnesota Timberwolves 125
    Result: Win
[92m✓ Tracking data saved to /Users/rico/sports-models/nba/nba_picks_tracking.json[0m

[92m✅ Updated 1 picks! Record: 66-49-0[0m
[92m✓ Tracking dashboard saved: /Users/rico/sports-models/nba/nba_tracking_dashboard.html[0m

[1m[96mSTEP 2: Fetching Composite Stats (Season + Form)[0m
[96m🔄 Fetching new team stats from stats.nba.com...[0m
[92m✓ Fetched and cached stats for 76 teams[0m

[1m[96mSTEP 3: Fetching Home/Away Splits[0m
[96m🔄 Fetching home/away splits from stats.nba.com...[0m
[92m✓ Fetched and cached home/away splits[0m

[1m[96mSTEP 4: Fetching Team Schedules (Rest Days)[0m
[96m🔄 Fetching team schedules...[0m
[92m✓ Fetched schedules for 1 teams[0m

[1m[96mSTEP 5: Fetching Live Odds (Next 7 Days)[0m
[92m✓ Fetched odds for 13 total games[0m
[92m✓ Filtered to 9 games in next 7 days[0m

[1m[96mSTEP 6: Processing Games & Generating Picks[0m

[91m❌ Missing stats for Miami Heat or Los Angeles Clippers[0m
[91m❌ Missing stats for Miami Heat or Los Angeles Clippers[0m
[91m❌ Skipping Los Angeles Clippers @ Miami Heat - missing model data[0m
[92m✓ Tracking data saved to /Users/rico/sports-models/nba/nba_picks_tracking.json[0m
[92m📝 LOGGED PICK: ✅ BET: Brooklyn Nets +4.5 (Edge: +9.0)[0m
[92m✓ Tracking data saved to /Users/rico/sports-models/nba/nba_picks_tracking.json[0m
[92m📝 LOGGED PICK: ✅ BET: UNDER 239.5 (Edge: -15.6)[0m
[92m✓ Tracking data saved to /Users/rico/sports-models/nba/nba_picks_tracking.json[0m
[92m📝 LOGGED PICK: ✅ BET: Los Angeles Lakers -5.0 (Edge: +8.3)[0m

[1m[92m✅ Analyzed 8 games with complete odds[0m

[93m📊 All picks sorted by edge (highest confidence first)[0m


[1m==========================================================================================[0m
[1m[93m🏀 NBA MODEL PREDICTIONS 🏀[0m
[1m==========================================================================================[0m

[1m[96mChicago Bulls @ Orlando Magic[0m
  🕐 12/01/25 07:40 PM EST
  📊 Spread: Market -8.5 | Model +7.4
  🎯 Total: Market 239.5 | Model 223.9
  [93m⚠️ NO BET - Too close to call[0m
     [96mEdge too small (-1.1)[0m
  [92m✅ BET: UNDER 239.5[0m
     [96mModel projects 224 total points, bet the UNDER[0m
  📈 Predicted: Chicago Bulls 108, Orlando Magic 116

[1m[96mCharlotte Hornets @ Brooklyn Nets[0m
  🕐 12/01/25 07:40 PM EST
  📊 Spread: Market +4.5 | Model +4.5
  🎯 Total: Market 227.5 | Model 215.7
  [92m✅ BET: Brooklyn Nets +4.5[0m
     [96mModel projects Brooklyn Nets to win outright, easily covering +4.5.[0m
  [92m✅ BET: UNDER 227.5[0m
     [96mModel projects 216 total points, bet the UNDER[0m
  📈 Predicted: Charlotte Hornets 106, Brooklyn Nets 110

[1m[96mPhoenix Suns @ Los Angeles Lakers[0m
  🕐 12/01/25 10:10 PM EST
  📊 Spread: Market -5.0 | Model +13.3
  🎯 Total: Market 234.5 | Model 225.6
  [92m✅ BET: Los Angeles Lakers -5.0[0m
     [96mModel projects Los Angeles Lakers to win by 13.3, covering -5.0.[0m
  [92m✅ BET: UNDER 234.5[0m
     [96mModel projects 226 total points, bet the UNDER[0m
  📈 Predicted: Phoenix Suns 106, Los Angeles Lakers 119

[1m[96mDallas Mavericks @ Denver Nuggets[0m
  🕐 12/01/25 09:10 PM EST
  📊 Spread: Market -11.0 | Model +13.7
  🎯 Total: Market 235.5 | Model 227.0
  [93m⚠️ NO BET - Too close to call[0m
     [96mEdge too small (+2.7)[0m
  [92m✅ BET: UNDER 235.5[0m
     [96mModel projects 227 total points, bet the UNDER[0m
  📈 Predicted: Dallas Mavericks 107, Denver Nuggets 120

[1m[96mCleveland Cavaliers @ Indiana Pacers[0m
  🕐 12/01/25 07:10 PM EST
  📊 Spread: Market +6.5 | Model +0.6
  🎯 Total: Market 233.5 | Model 230.3
  [92m✅ BET: Indiana Pacers +6.5[0m
     [96mModel projects Indiana Pacers to win outright, easily covering +6.5.[0m
  [93m⚠️ NO BET - Too close to call[0m
  📈 Predicted: Cleveland Cavaliers 115, Indiana Pacers 115

[1m[96mHouston Rockets @ Utah Jazz[0m
  🕐 12/01/25 09:10 PM EST
  📊 Spread: Market +12.5 | Model -8.4
  🎯 Total: Market 232.5 | Model 227.6
  [92m✅ BET: Utah Jazz +12.5[0m
     [96mModel projects Utah Jazz to lose by only 8.4, covering +12.5.[0m
  [92m✅ BET: UNDER 232.5[0m
     [96mModel projects 228 total points, bet the UNDER[0m
  📈 Predicted: Houston Rockets 118, Utah Jazz 110

[1m[96mMilwaukee Bucks @ Washington Wizards[0m
  🕐 12/01/25 07:00 PM EST
  📊 Spread: Market +9.5 | Model -6.8
  🎯 Total: Market 231.5 | Model 226.9
  [93m⚠️ NO BET - Too close to call[0m
     [96mEdge too small (+2.7)[0m
  [92m✅ BET: UNDER 231.5[0m
     [96mModel projects 227 total points, bet the UNDER[0m
  📈 Predicted: Milwaukee Bucks 117, Washington Wizards 110

[1m[96mAtlanta Hawks @ Detroit Pistons[0m
  🕐 12/01/25 07:10 PM EST
  📊 Spread: Market -9.5 | Model +5.6
  🎯 Total: Market 233.5 | Model 229.7
  [92m✅ BET: Atlanta Hawks +9.5[0m
     [96mModel projects Detroit Pistons to win by only 5.6, not enough to cover -9.5.[0m
  [93m⚠️ NO BET - Too close to call[0m
  📈 Predicted: Atlanta Hawks 112, Detroit Pistons 118

[92m✓ CSV saved: /Users/rico/sports-models/nba/nba_model_output.csv[0m
[92m✓ HTML saved: /Users/rico/sports-models/nba/nba_model_output.html[0m

[1m[96mSTEP 7: Generating Final Tracking Dashboard[0m
[92m✓ Tracking dashboard saved: /Users/rico/sports-models/nba/nba_tracking_dashboard.html[0m

[1m==========================================================================================[0m
[1m[93m📊 TRACKING SUMMARY 📊[0m
[1m==========================================================================================[0m
[92mTotal Tracked Bets: 118[0m
[92mRecord: 66-49-0[0m
[92mWin Rate: 57.4%[0m
[92mProfit: +11.26 units[0m
[92mROI: +8.9%[0m
[1m==========================================================================================[0m


==========================================
✅ Model completed successfully!
==========================================

📤 Pushing updates to GitHub...
[main 8b29a34] Update model outputs - 2025-12-01 10:00:57
 Committer: Ricardo Hill <rico@Ricos-M1-Mac-2.local>
Your name and email address were configured automatically based
on your username and hostname. Please check that they are accurate.
You can suppress this message by setting them explicitly. Run the
following command and follow the instructions in your editor to edit
your configuration file:

    git config --global --edit

After doing this, you may fix the identity used for this commit with:

    git commit --amend --reset-author

 4 files changed, 226 insertions(+), 149 deletions(-)
To https://github.com/BangLetsGetIt/NBA-NCAA-Betting-Models.git
   3e7126c..8b29a34  main -> main
✅ Successfully pushed to GitHub!
==========================================
NBA Model Run: Tue Dec  2 10:00:02 EST 2025
==========================================
Running NBA model...

[1m==========================================================================================[0m
[1m[96m🎲 IMPROVED NBA BETTING MODEL 🎲[0m
[1m[92m⚡ Enhanced Stats + Rest Days + Stricter Filters ⚡[0m
[1m==========================================================================================[0m

[1m[96mSTEP 1: Checking for Completed Games[0m

[96m==========================================================================================[0m
[96m🔄 UPDATING RESULTS FOR COMPLETED GAMES[0m
[96m==========================================================================================[0m

[93m📋 Checking 3 pending picks...[0m
[96mFetching completed NBA game scores...[0m
[92m✓ Fetched 35 games from API[0m
[92m✓ Found 25 completed games[0m
[92m✓ Tracking data saved to /Users/rico/sports-models/nba/nba_picks_tracking.json[0m

[93m⚠️  No new results found[0m
[92m✓ Tracking dashboard saved: /Users/rico/sports-models/nba/nba_tracking_dashboard.html[0m

[1m[96mSTEP 2: Fetching Composite Stats (Season + Form)[0m
[96m🔄 Fetching new team stats from stats.nba.com...[0m
[92m✓ Fetched and cached stats for 76 teams[0m

[1m[96mSTEP 3: Fetching Home/Away Splits[0m
[96m🔄 Fetching home/away splits from stats.nba.com...[0m
[93m⚠ Could not fetch splits: HTTPSConnectionPool(host='stats.nba.com', port=443): Read timed out. (read timeout=30)[0m

[1m[96mSTEP 4: Fetching Team Schedules (Rest Days)[0m

[1m[96mSTEP 5: Fetching Live Odds (Next 7 Days)[0m
[92m✓ Fetched odds for 10 total games[0m
[92m✓ Filtered to 6 games in next 7 days[0m

[1m[96mSTEP 6: Processing Games & Generating Picks[0m

[92m✓ Tracking data saved to /Users/rico/sports-models/nba/nba_picks_tracking.json[0m
[92m📝 LOGGED PICK: ✅ BET: Memphis Grizzlies +5.0 (Edge: -10.3)[0m

[1m[92m✅ Analyzed 6 games with complete odds[0m

[93m📊 All picks sorted by edge (highest confidence first)[0m


[1m==========================================================================================[0m
[1m[93m🏀 NBA MODEL PREDICTIONS 🏀[0m
[1m==========================================================================================[0m

[1m[96mOklahoma City Thunder @ Golden State Warriors[0m
  🕐 12/02/25 11:10 PM EST
  📊 Spread: Market +11.5 | Model +2.9
  🎯 Total: Market 222.5 | Model 223.9
  [92m✅ BET: Golden State Warriors +11.5[0m
     [96mModel projects Golden State Warriors to win outright, easily covering +11.5.[0m
  [93m⚠️ NO BET - Too close to call[0m
  📈 Predicted: Oklahoma City Thunder 110, Golden State Warriors 113

[1m[96mMinnesota Timberwolves @ New Orleans Pelicans[0m
  🕐 12/02/25 08:10 PM EST
  📊 Spread: Market +10.0 | Model -14.3
  🎯 Total: Market 234.5 | Model 222.5
  [92m✅ BET: Minnesota Timberwolves -10.0[0m
     [96mModel projects New Orleans Pelicans to lose by 14.3, Minnesota Timberwolves covers -10.0.[0m
  [92m✅ BET: UNDER 234.5[0m
     [96mModel projects 222 total points, bet the UNDER[0m
  📈 Predicted: Minnesota Timberwolves 118, New Orleans Pelicans 104

[1m[96mPortland Trail Blazers @ Toronto Raptors[0m
  🕐 12/02/25 07:40 PM EST
  📊 Spread: Market -5.5 | Model +2.9
  🎯 Total: Market 232.5 | Model 221.1
  [93m⚠️ NO BET - Too close to call[0m
     [96mEdge too small (-2.6)[0m
  [92m✅ BET: UNDER 232.5[0m
     [96mModel projects 221 total points, bet the UNDER[0m
  📈 Predicted: Portland Trail Blazers 109, Toronto Raptors 112

[1m[96mWashington Wizards @ Philadelphia 76ers[0m
  🕐 12/02/25 07:10 PM EST
  📊 Spread: Market -13.0 | Model +10.2
  🎯 Total: Market 234.5 | Model 223.2
  [93m⚠️ NO BET - Too close to call[0m
     [96mEdge too small (-2.8)[0m
  [92m✅ BET: UNDER 234.5[0m
     [96mModel projects 223 total points, bet the UNDER[0m
  📈 Predicted: Washington Wizards 106, Philadelphia 76ers 117

[1m[96mMemphis Grizzlies @ San Antonio Spurs[0m
  🕐 12/02/25 08:10 PM EST
  📊 Spread: Market -5.0 | Model -5.3
  🎯 Total: Market 231.5 | Model 228.2
  [92m✅ BET: Memphis Grizzlies +5.0[0m
     [96mModel projects San Antonio Spurs to win by only 5.3, not enough to cover -5.0.[0m
  [93m⚠️ NO BET - Too close to call[0m
  📈 Predicted: Memphis Grizzlies 117, San Antonio Spurs 111

[1m[96mNew York Knicks @ Boston Celtics[0m
  🕐 12/02/25 08:10 PM EST
  📊 Spread: Market -1.0 | Model +8.1
  🎯 Total: Market 230.5 | Model 221.0
  [92m✅ BET: Boston Celtics -1.0[0m
     [96mModel projects Boston Celtics to win by 8.1, covering -1.0.[0m
  [92m✅ BET: UNDER 230.5[0m
     [96mModel projects 221 total points, bet the UNDER[0m
  📈 Predicted: New York Knicks 106, Boston Celtics 115

[92m✓ CSV saved: /Users/rico/sports-models/nba/nba_model_output.csv[0m
[92m✓ HTML saved: /Users/rico/sports-models/nba/nba_model_output.html[0m

[1m[96mSTEP 7: Generating Final Tracking Dashboard[0m
[92m✓ Tracking dashboard saved: /Users/rico/sports-models/nba/nba_tracking_dashboard.html[0m

[1m==========================================================================================[0m
[1m[93m📊 TRACKING SUMMARY 📊[0m
[1m==========================================================================================[0m
[92mTotal Tracked Bets: 123[0m
[92mRecord: 68-51-0[0m
[92mWin Rate: 57.1%[0m
[92mProfit: +11.06 units[0m
[92mROI: +8.4%[0m
[1m==========================================================================================[0m


==========================================
✅ Model completed successfully!
==========================================

📤 Pushing updates to GitHub...
[main 263d1df] Update model outputs - 2025-12-02 10:00:45
 Committer: Ricardo Hill <rico@Ricos-M1-Mac-2.local>
Your name and email address were configured automatically based
on your username and hostname. Please check that they are accurate.
You can suppress this message by setting them explicitly. Run the
following command and follow the instructions in your editor to edit
your configuration file:

    git config --global --edit

After doing this, you may fix the identity used for this commit with:

    git commit --amend --reset-author

 4 files changed, 135 insertions(+), 106 deletions(-)
To https://github.com/BangLetsGetIt/NBA-NCAA-Betting-Models.git
   5a2e4e8..263d1df  main -> main
✅ Successfully pushed to GitHub!
==========================================
NBA Model Run: Wed Dec  3 10:00:03 EST 2025
==========================================
Running NBA model...

[1m==========================================================================================[0m
[1m[96m🎲 IMPROVED NBA BETTING MODEL 🎲[0m
[1m[92m⚡ Enhanced Stats + Rest Days + Stricter Filters ⚡[0m
[1m==========================================================================================[0m

[1m[96mSTEP 1: Checking for Completed Games[0m

[96m==========================================================================================[0m
[96m🔄 UPDATING RESULTS FOR COMPLETED GAMES[0m
[96m==========================================================================================[0m

[93m📋 Checking 10 pending picks...[0m
[96mFetching completed NBA game scores...[0m
[91mError fetching NBA scores: HTTPSConnectionPool(host='api.the-odds-api.com', port=443): Read timed out. (read timeout=10)[0m
[93m⚠️  No completed games found.[0m
[92m✓ Tracking data saved to /Users/rico/sports-models/nba/nba_picks_tracking.json[0m
[92m✓ Tracking dashboard saved: /Users/rico/sports-models/nba/nba_tracking_dashboard.html[0m

[1m[96mSTEP 2: Fetching Composite Stats (Season + Form)[0m
[96m🔄 Fetching new team stats from stats.nba.com...[0m
[92m✓ Fetched and cached stats for 76 teams[0m

[1m[96mSTEP 3: Fetching Home/Away Splits[0m
[96m🔄 Fetching home/away splits from stats.nba.com...[0m
[92m✓ Fetched and cached home/away splits[0m

[1m[96mSTEP 4: Fetching Team Schedules (Rest Days)[0m

[1m[96mSTEP 5: Fetching Live Odds (Next 7 Days)[0m
[91m✗ Error fetching odds: HTTPSConnectionPool(host='api.the-odds-api.com', port=443): Read timed out. (read timeout=10)[0m

[93m⚠️  No games found from The Odds API.[0m


==========================================
✅ Model completed successfully!
==========================================

📤 Pushing updates to GitHub...
[main 2e317c3] Update model outputs - 2025-12-03 10:01:02
 Committer: Ricardo Hill <rico@Ricos-M1-Mac-2.local>
Your name and email address were configured automatically based
on your username and hostname. Please check that they are accurate.
You can suppress this message by setting them explicitly. Run the
following command and follow the instructions in your editor to edit
your configuration file:

    git config --global --edit

After doing this, you may fix the identity used for this commit with:

    git commit --amend --reset-author

 1 file changed, 1 insertion(+), 1 deletion(-)
To https://github.com/BangLetsGetIt/NBA-NCAA-Betting-Models.git
   3d2165f..2e317c3  main -> main
✅ Successfully pushed to GitHub!
==========================================
NBA Model Run: Thu Dec  4 10:00:02 EST 2025
==========================================
Running NBA model...

[1m==========================================================================================[0m
[1m[96m🎲 IMPROVED NBA BETTING MODEL 🎲[0m
[1m[92m⚡ Enhanced Stats + Rest Days + Stricter Filters ⚡[0m
[1m==========================================================================================[0m

[1m[96mSTEP 1: Checking for Completed Games[0m

[96m==========================================================================================[0m
[96m🔄 UPDATING RESULTS FOR COMPLETED GAMES[0m
[96m==========================================================================================[0m

[93m📋 Checking 4 pending picks...[0m
[96mFetching completed NBA game scores...[0m
[92m✓ Fetched 33 games from API[0m
[92m✓ Found 24 completed games[0m
[92m✓ Tracking data saved to /Users/rico/sports-models/nba/nba_picks_tracking.json[0m

[93m⚠️  No new results found[0m
[92m✓ Tracking dashboard saved: /Users/rico/sports-models/nba/nba_tracking_dashboard.html[0m

[1m[96mSTEP 2: Fetching Composite Stats (Season + Form)[0m
[96m🔄 Fetching new team stats from stats.nba.com...[0m
[92m✓ Fetched and cached stats for 76 teams[0m

[1m[96mSTEP 3: Fetching Home/Away Splits[0m
[96m🔄 Fetching home/away splits from stats.nba.com...[0m
[92m✓ Fetched and cached home/away splits[0m

[1m[96mSTEP 4: Fetching Team Schedules (Rest Days)[0m
[96m🔄 Fetching team schedules...[0m
[92m✓ Fetched schedules for 1 teams[0m

[1m[96mSTEP 5: Fetching Live Odds (Next 7 Days)[0m
[92m✓ Fetched odds for 9 total games[0m
[92m✓ Filtered to 9 games in next 7 days[0m

[1m[96mSTEP 6: Processing Games & Generating Picks[0m

[92m✓ Tracking data saved to /Users/rico/sports-models/nba/nba_picks_tracking.json[0m
[92m📝 LOGGED PICK: ✅ BET: Los Angeles Lakers -3.5 (Edge: +8.1)[0m

[1m[92m✅ Analyzed 9 games with complete odds[0m

[93m📊 All picks sorted by edge (highest confidence first)[0m


[1m==========================================================================================[0m
[1m[93m🏀 NBA MODEL PREDICTIONS 🏀[0m
[1m==========================================================================================[0m

[1m[96mMiami Heat @ Orlando Magic[0m
  🕐 12/09/25 06:00 PM EST
  📊 Spread: Market -5.5 | Model +6.5
  🎯 Total: Market 238.5 | Model 218.2
  [93m⚠️ NO BET - Too close to call[0m
     [96mEdge too small (+1.0)[0m
  [92m✅ BET: UNDER 238.5[0m
     [96mModel projects 218 total points, bet the UNDER[0m
  📈 Predicted: Miami Heat 106, Orlando Magic 112

[1m[96mSan Antonio Spurs @ Los Angeles Lakers[0m
  🕐 12/10/25 10:00 PM EST
  [96mℹ️ LIMITED: Los Angeles Lakers - Limited data: 1-1 (50%) | -0.19u (2 picks)[0m
  📊 Spread: Market -3.5 | Model +11.6
  🎯 Total: Market 234.5 | Model 223.1
  [92m✅ BET: Los Angeles Lakers -3.5[0m
     [96mModel projects Los Angeles Lakers to win by 11.6, covering -3.5.[0m
  [92m✅ BET: UNDER 234.5[0m
     [96mModel projects 223 total points, bet the UNDER[0m
  📈 Predicted: San Antonio Spurs 106, Los Angeles Lakers 117

[1m[96mMinnesota Timberwolves @ New Orleans Pelicans[0m
  🕐 12/04/25 08:10 PM EST
  [92m✅ GOOD: New Orleans Pelicans - Good record: 2-1 (67%) | +0.90u over 3 picks[0m
  📊 Spread: Market +11.5 | Model -5.9
  🎯 Total: Market 233.5 | Model 222.5
  [92m✅ BET: New Orleans Pelicans +11.5[0m
     [96mModel projects New Orleans Pelicans to lose by only 5.9, covering +11.5.[0m
  [92m✅ BET: UNDER 233.5[0m
     [96mModel projects 222 total points, bet the UNDER[0m
  📈 Predicted: Minnesota Timberwolves 114, New Orleans Pelicans 108

[1m[96mNew York Knicks @ Toronto Raptors[0m
  🕐 12/09/25 08:30 PM EST
  📊 Spread: Market +2.5 | Model -0.3
  🎯 Total: Market 232.5 | Model 221.8
  [93m⚠️ NO BET - Too close to call[0m
     [96mEdge too small (+2.2)[0m
  [92m✅ BET: UNDER 232.5[0m
     [96mModel projects 222 total points, bet the UNDER[0m
  📈 Predicted: New York Knicks 111, Toronto Raptors 111

[1m[96mGolden State Warriors @ Philadelphia 76ers[0m
  🕐 12/04/25 07:10 PM EST
  [91m🚫 COLD: Golden State Warriors - Poor performer: 0-3 (0%) | -3.30u over 3 picks[0m
  📊 Spread: Market -2.5 | Model -7.1
  🎯 Total: Market 222.5 | Model 222.3
  [92m✅ BET: Golden State Warriors +2.5[0m
     [96mModel projects Philadelphia 76ers to win by only 7.1, not enough to cover -2.5.[0m
  [93m⚠️ NO BET - Too close to call[0m
  📈 Predicted: Golden State Warriors 115, Philadelphia 76ers 108

[1m[96mUtah Jazz @ Brooklyn Nets[0m
  🕐 12/04/25 07:40 PM EST
  [92m🔥 HOT: Brooklyn Nets - Strong performer: 3-0 (100%) | +3.00u over 3 picks[0m
  📊 Spread: Market +4.5 | Model +4.2
  🎯 Total: Market 232.5 | Model 223.4
  [92m✅ BET: Brooklyn Nets +4.5[0m
     [96mModel projects Brooklyn Nets to win outright, easily covering +4.5.[0m
  [92m✅ BET: UNDER 232.5[0m
     [96mModel projects 223 total points, bet the UNDER[0m
  📈 Predicted: Utah Jazz 110, Brooklyn Nets 114

[1m[96mBoston Celtics @ Washington Wizards[0m
  🕐 12/04/25 07:10 PM EST
  [92m🔥 HOT: Boston Celtics - Strong performer: 3-0 (100%) | +3.00u over 3 picks[0m
  📊 Spread: Market +10.0 | Model -18.3
  🎯 Total: Market 230.5 | Model 221.8
  [92m✅ BET: Boston Celtics -10.0[0m
     [96mModel projects Washington Wizards to lose by 18.3, Boston Celtics covers -10.0.[0m
  [92m✅ BET: UNDER 230.5[0m
     [96mModel projects 222 total points, bet the UNDER[0m
  📈 Predicted: Boston Celtics 120, Washington Wizards 102

[1m[96mPhoenix Suns @ Oklahoma City Thunder[0m
  🕐 12/10/25 07:30 PM EST
  [96mℹ️ LIMITED: Oklahoma City Thunder - Limited data: 1-1 (50%) | -0.10u (2 picks)[0m
  📊 Spread: Market -16.0 | Model +22.8
  🎯 Total: Market 224.5 | Model 227.5
  [92m✅ BET: Oklahoma City Thunder -16.0[0m
     [96mModel projects Oklahoma City Thunder to win by 22.8, covering -16.0.[0m
  [93m⚠️ NO BET - Too close to call[0m
  📈 Predicted: Phoenix Suns 102, Oklahoma City Thunder 125

[1m[96mLos Angeles Lakers @ Toronto Raptors[0m
  🕐 12/04/25 07:40 PM EST
  📊 Spread: Market -2.5 | Model +4.0
  🎯 Total: Market 228.5 | Model 222.6
  [93m⚠️ NO BET - Too close to call[0m
     [96mEdge too small (+1.5)[0m
  [92m✅ BET: UNDER 228.5[0m
     [96mModel projects 223 total points, bet the UNDER[0m
  📈 Predicted: Los Angeles Lakers 109, Toronto Raptors 113

[92m✓ CSV saved: /Users/rico/sports-models/nba/nba_model_output.csv[0m
[92m✓ HTML saved: /Users/rico/sports-models/nba/nba_model_output.html[0m

[1m[96mSTEP 7: Generating Final Tracking Dashboard[0m
[92m✓ Tracking dashboard saved: /Users/rico/sports-models/nba/nba_tracking_dashboard.html[0m

[1m==========================================================================================[0m
[1m[93m📊 TRACKING SUMMARY 📊[0m
[1m==========================================================================================[0m
[92mTotal Tracked Bets: 137[0m
[92mRecord: 76-56-0[0m
[92mWin Rate: 57.6%[0m
[92mProfit: +13.56 units[0m
[92mROI: +9.3%[0m
[1m==========================================================================================[0m


==========================================
✅ Model completed successfully!
==========================================

📤 Pushing updates to GitHub...
[main 9bd7199] Update model outputs - 2025-12-04 10:00:42
 Committer: Ricardo Hill <rico@Ricos-M1-Mac-2.local>
Your name and email address were configured automatically based
on your username and hostname. Please check that they are accurate.
You can suppress this message by setting them explicitly. Run the
following command and follow the instructions in your editor to edit
your configuration file:

    git config --global --edit

After doing this, you may fix the identity used for this commit with:

    git commit --amend --reset-author

 4 files changed, 243 insertions(+), 58 deletions(-)
To https://github.com/BangLetsGetIt/NBA-NCAA-Betting-Models.git
   e6e84e9..9bd7199  main -> main
✅ Successfully pushed to GitHub!
==========================================
NBA Model Run: Fri Dec  5 10:00:03 EST 2025
==========================================
Running NBA model...

[1m==========================================================================================[0m
[1m[96m🎲 IMPROVED NBA BETTING MODEL 🎲[0m
[1m[92m⚡ Enhanced Stats + Rest Days + Stricter Filters ⚡[0m
[1m==========================================================================================[0m

[1m[96mSTEP 1: Checking for Completed Games[0m

[96m==========================================================================================[0m
[96m🔄 UPDATING RESULTS FOR COMPLETED GAMES[0m
[96m==========================================================================================[0m

[93m📋 Checking 8 pending picks...[0m
[96mFetching completed NBA game scores...[0m
[92m✓ Fetched 36 games from API[0m
[92m✓ Found 20 completed games[0m
[92m✓ Tracking data saved to /Users/rico/sports-models/nba/nba_picks_tracking.json[0m

[93m⚠️  No new results found[0m
[92m✓ Tracking dashboard saved: /Users/rico/sports-models/nba/nba_tracking_dashboard.html[0m

[1m[96mSTEP 2: Fetching Composite Stats (Season + Form)[0m
[96m🔄 Fetching new team stats from stats.nba.com...[0m
[92m✓ Fetched and cached stats for 76 teams[0m

[1m[96mSTEP 3: Fetching Home/Away Splits[0m
[96m🔄 Fetching home/away splits from stats.nba.com...[0m
[92m✓ Fetched and cached home/away splits[0m

[1m[96mSTEP 4: Fetching Team Schedules (Rest Days)[0m

[1m[96mSTEP 5: Fetching Live Odds (Next 2 Days)[0m
[92m✓ Fetched odds for 16 total games[0m
[92m✓ Filtered to 12 games in next 2 days[0m

[1m[96mSTEP 6: Processing Games & Generating Picks[0m

[91m❌ Missing stats for Memphis Grizzlies or Los Angeles Clippers[0m
[91m❌ Missing stats for Memphis Grizzlies or Los Angeles Clippers[0m
[91m❌ Skipping Los Angeles Clippers @ Memphis Grizzlies - missing model data[0m

[1m[92m✅ Analyzed 11 games with complete odds[0m

[93m📊 All picks sorted by edge (highest confidence first)[0m


[1m==========================================================================================[0m
[1m[93m🏀 NBA MODEL PREDICTIONS 🏀[0m
[1m==========================================================================================[0m

[1m[96mMiami Heat @ Orlando Magic[0m
  🕐 12/05/25 07:10 PM EST
  📊 Spread: Market -5.5 | Model +6.5
  🎯 Total: Market 241.5 | Model 218.2
  [93m⚠️ NO BET - Too close to call[0m
     [96mEdge too small (+1.0)[0m
  [92m✅ BET: UNDER 241.5[0m
     [96mModel projects 218 total points, bet the UNDER[0m
  📈 Predicted: Miami Heat 106, Orlando Magic 112

[1m[96mUtah Jazz @ New York Knicks[0m
  🕐 12/05/25 07:40 PM EST
  📊 Spread: Market -16.0 | Model +18.8
  🎯 Total: Market 240.5 | Model 225.3
  [93m⚠️ NO BET - Too close to call[0m
     [96mEdge too small (+2.8)[0m
  [92m✅ BET: UNDER 240.5[0m
     [96mModel projects 225 total points, bet the UNDER[0m
  📈 Predicted: Utah Jazz 103, New York Knicks 122

[1m[96mSan Antonio Spurs @ Cleveland Cavaliers[0m
  🕐 12/05/25 07:40 PM EST
  [93m⚠️ CAUTION: Cleveland Cavaliers - Below average: 1-2 (33%) | -1.20u over 3 picks[0m
  📊 Spread: Market -4.5 | Model +17.7
  🎯 Total: Market 238.5 | Model 227.1
  [92m✅ BET: Cleveland Cavaliers -4.5[0m
     [96mModel projects Cleveland Cavaliers to win by 17.7, covering -4.5.[0m
  [92m✅ BET: UNDER 238.5[0m
     [96mModel projects 227 total points, bet the UNDER[0m
  📈 Predicted: San Antonio Spurs 105, Cleveland Cavaliers 122

[1m[96mPhiladelphia 76ers @ Milwaukee Bucks[0m
  🕐 12/05/25 08:10 PM EST
  [93m⚠️ CAUTION: Milwaukee Bucks - Below average: 2-4 (33%) | -2.49u over 6 picks[0m
  📊 Spread: Market +1.0 | Model +12.2
  🎯 Total: Market 221.5 | Model 227.3
  [92m✅ BET: Milwaukee Bucks +1.0[0m
     [96mModel projects Milwaukee Bucks to win outright, easily covering +1.0.[0m
  [92m✅ BET: OVER 221.5[0m
     [96mModel projects 227 total points, bet the OVER[0m
  📈 Predicted: Philadelphia 76ers 108, Milwaukee Bucks 120

[1m[96mPortland Trail Blazers @ Detroit Pistons[0m
  🕐 12/05/25 07:40 PM EST
  📊 Spread: Market -7.5 | Model +10.3
  🎯 Total: Market 235.5 | Model 222.9
  [93m⚠️ NO BET - Too close to call[0m
     [96mEdge too small (+2.8)[0m
  [92m✅ BET: UNDER 235.5[0m
     [96mModel projects 223 total points, bet the UNDER[0m
  📈 Predicted: Portland Trail Blazers 106, Detroit Pistons 117

[1m[96mCharlotte Hornets @ Toronto Raptors[0m
  🕐 12/05/25 07:40 PM EST
  📊 Spread: Market -7.5 | Model +10.8
  🎯 Total: Market 229.5 | Model 217.7
  [92m✅ BET: Toronto Raptors -7.5[0m
     [96mModel projects Toronto Raptors to win by 10.8, covering -7.5.[0m
  [92m✅ BET: UNDER 229.5[0m
     [96mModel projects 218 total points, bet the UNDER[0m
  📈 Predicted: Charlotte Hornets 103, Toronto Raptors 114

[1m[96mLos Angeles Lakers @ Boston Celtics[0m
  🕐 12/05/25 07:10 PM EST
  [92m🔥 HOT: Boston Celtics - Strong performer: 4-0 (100%) | +4.00u over 4 picks[0m
  📊 Spread: Market -6.5 | Model +14.1
  🎯 Total: Market 225.5 | Model 221.9
  [92m✅ BET: Boston Celtics -6.5[0m
     [96mModel projects Boston Celtics to win by 14.1, covering -6.5.[0m
  [93m⚠️ NO BET - Too close to call[0m
  📈 Predicted: Los Angeles Lakers 104, Boston Celtics 118

[1m[96mDenver Nuggets @ Atlanta Hawks[0m
  🕐 12/05/25 07:40 PM EST
  📊 Spread: Market +6.5 | Model -0.3
  🎯 Total: Market 238.5 | Model 231.1
  [92m✅ BET: Atlanta Hawks +6.5[0m
     [96mModel projects Atlanta Hawks to lose by only 0.3, covering +6.5.[0m
  [92m✅ BET: UNDER 238.5[0m
     [96mModel projects 231 total points, bet the UNDER[0m
  📈 Predicted: Denver Nuggets 116, Atlanta Hawks 115

[1m[96mDallas Mavericks @ Oklahoma City Thunder[0m
  🕐 12/05/25 09:40 PM EST
  [96mℹ️ LIMITED: Oklahoma City Thunder - Limited data: 1-1 (50%) | -0.10u (2 picks)[0m
  📊 Spread: Market -15.0 | Model +22.2
  🎯 Total: Market 229.5 | Model 226.2
  [92m✅ BET: Oklahoma City Thunder -15.0[0m
     [96mModel projects Oklahoma City Thunder to win by 22.2, covering -15.0.[0m
  [93m⚠️ NO BET - Too close to call[0m
  📈 Predicted: Dallas Mavericks 102, Oklahoma City Thunder 124

[1m[96mIndiana Pacers @ Chicago Bulls[0m
  🕐 12/05/25 08:10 PM EST
  📊 Spread: Market -4.5 | Model +2.3
  🎯 Total: Market 238.5 | Model 231.6
  [93m⚠️ NO BET - Too close to call[0m
     [96mEdge too small (-2.2)[0m
  [92m✅ BET: UNDER 238.5[0m
     [96mModel projects 232 total points, bet the UNDER[0m
  📈 Predicted: Indiana Pacers 115, Chicago Bulls 117

[1m[96mPhoenix Suns @ Houston Rockets[0m
  🕐 12/05/25 08:10 PM EST
  [96mℹ️ LIMITED: Houston Rockets - Limited data: 1-1 (50%) | -0.19u (2 picks)[0m
  📊 Spread: Market -11.5 | Model +14.9
  🎯 Total: Market 221.5 | Model 227.1
  [92m✅ BET: Houston Rockets -11.5[0m
     [96mModel projects Houston Rockets to win by 14.9, covering -11.5.[0m
  [92m✅ BET: OVER 221.5[0m
     [96mModel projects 227 total points, bet the OVER[0m
  📈 Predicted: Phoenix Suns 106, Houston Rockets 121

[92m✓ CSV saved: /Users/rico/sports-models/nba/nba_model_output.csv[0m
[92m✓ HTML saved: /Users/rico/sports-models/nba/nba_model_output.html[0m

[1m[96mSTEP 7: Generating Final Tracking Dashboard[0m
[92m✓ Tracking dashboard saved: /Users/rico/sports-models/nba/nba_tracking_dashboard.html[0m

[1m==========================================================================================[0m
[1m[93m📊 TRACKING SUMMARY 📊[0m
[1m==========================================================================================[0m
[92mTotal Tracked Bets: 143[0m
[92mRecord: 78-57-0[0m
[92mWin Rate: 57.8%[0m
[92mProfit: +14.46 units[0m
[92mROI: +9.7%[0m
[1m==========================================================================================[0m

[96mUpdating unified dashboard...[0m
[92m✓ Dashboard updated[0m


==========================================
✅ Model completed successfully!
==========================================

📤 Pushing updates to GitHub...
[main baa9e72] Update model outputs - 2025-12-05 10:00:43
 Committer: Ricardo Hill <rico@Ricos-M1-Mac-2.local>
Your name and email address were configured automatically based
on your username and hostname. Please check that they are accurate.
You can suppress this message by setting them explicitly. Run the
following command and follow the instructions in your editor to edit
your configuration file:

    git config --global --edit

After doing this, you may fix the identity used for this commit with:

    git commit --amend --reset-author

 3 files changed, 120 insertions(+), 120 deletions(-)
To https://github.com/BangLetsGetIt/NBA-NCAA-Betting-Models.git
   a3328d8..baa9e72  main -> main
✅ Successfully pushed to GitHub!
==========================================
NBA Model Run: Sat Dec  6 10:00:02 EST 2025
==========================================
Running NBA model...

[1m==========================================================================================[0m
[1m[96m🎲 IMPROVED NBA BETTING MODEL 🎲[0m
[1m[92m⚡ Enhanced Stats + Rest Days + Stricter Filters ⚡[0m
[1m==========================================================================================[0m

[1m[96mSTEP 1: Checking for Completed Games[0m

[96m==========================================================================================[0m
[96m🔄 UPDATING RESULTS FOR COMPLETED GAMES[0m
[96m==========================================================================================[0m

[93m📋 Checking 4 pending picks...[0m
[96mFetching completed NBA game scores...[0m
[92m✓ Fetched 37 games from API[0m
[92m✓ Found 26 completed games[0m
  ✓ Updating: Dallas Mavericks 111 @ Oklahoma City Thunder 132
    Result: Loss
[92m✓ Tracking data saved to /Users/rico/sports-models/nba/nba_picks_tracking.json[0m

[92m✅ Updated 1 picks! Record: 82-61-0[0m
[92m✓ Tracking dashboard saved: /Users/rico/sports-models/nba/nba_tracking_dashboard.html[0m

[1m[96mSTEP 2: Fetching Composite Stats (Season + Form)[0m
[96m🔄 Fetching new team stats from stats.nba.com...[0m
[92m✓ Fetched and cached stats for 76 teams[0m

[1m[96mSTEP 3: Fetching Home/Away Splits[0m
[96m🔄 Fetching home/away splits from stats.nba.com...[0m
[92m✓ Fetched and cached home/away splits[0m

[1m[96mSTEP 4: Fetching Team Schedules (Rest Days)[0m

[1m[96mSTEP 5: Fetching Live Odds (Next 2 Days)[0m
[92m✓ Fetched odds for 11 total games[0m
[92m✓ Filtered to 7 games in next 2 days[0m

[1m[96mSTEP 6: Processing Games & Generating Picks[0m

[91m❌ Missing stats for Minnesota Timberwolves or Los Angeles Clippers[0m
[91m❌ Missing stats for Minnesota Timberwolves or Los Angeles Clippers[0m
[91m❌ Skipping Los Angeles Clippers @ Minnesota Timberwolves - missing model data[0m

[1m[92m✅ Analyzed 6 games with complete odds[0m

[93m📊 All picks sorted by edge (highest confidence first)[0m


[1m==========================================================================================[0m
[1m[93m🏀 NBA MODEL PREDICTIONS 🏀[0m
[1m==========================================================================================[0m

[1m[96mSacramento Kings @ Miami Heat[0m
  🕐 12/06/25 08:10 PM EST
  📊 Spread: Market -8.0 | Model +6.7
  🎯 Total: Market 238.5 | Model 223.0
  [93m⚠️ NO BET - Too close to call[0m
     [96mEdge too small (-1.3)[0m
  [92m✅ BET: UNDER 238.5[0m
     [96mModel projects 223 total points, bet the UNDER[0m
  📈 Predicted: Sacramento Kings 108, Miami Heat 115

[1m[96mHouston Rockets @ Dallas Mavericks[0m
  🕐 12/06/25 08:40 PM EST
  [92m✅ GOOD: Dallas Mavericks - Good record: 3-2 (60%) | +0.90u over 5 picks[0m
  📊 Spread: Market +8.5 | Model +1.8
  🎯 Total: Market 224.5 | Model 225.9
  [92m✅ BET: Dallas Mavericks +8.5[0m
     [96mModel projects Dallas Mavericks to win outright, easily covering +8.5.[0m
  [93m⚠️ NO BET - Too close to call[0m
  📈 Predicted: Houston Rockets 112, Dallas Mavericks 114

[1m[96mNew Orleans Pelicans @ Brooklyn Nets[0m
  🕐 12/06/25 05:10 PM EST
  [92m🔥 HOT: Brooklyn Nets - Strong performer: 3-1 (75%) | +1.90u over 4 picks[0m
  📊 Spread: Market -3.5 | Model +7.8
  🎯 Total: Market 227.5 | Model 220.1
  [92m✅ BET: Brooklyn Nets -3.5[0m
     [96mModel projects Brooklyn Nets to win by 7.8, covering -3.5.[0m
  [92m✅ BET: UNDER 227.5[0m
     [96mModel projects 220 total points, bet the UNDER[0m
  📈 Predicted: New Orleans Pelicans 106, Brooklyn Nets 114

[1m[96mAtlanta Hawks @ Washington Wizards[0m
  🕐 12/06/25 07:10 PM EST
  📊 Spread: Market +9.0 | Model -7.9
  🎯 Total: Market 235.5 | Model 228.3
  [93m⚠️ NO BET - Too close to call[0m
     [96mEdge too small (+1.1)[0m
  [92m✅ BET: UNDER 235.5[0m
     [96mModel projects 228 total points, bet the UNDER[0m
  📈 Predicted: Atlanta Hawks 118, Washington Wizards 110

[1m[96mMilwaukee Bucks @ Detroit Pistons[0m
  🕐 12/06/25 07:40 PM EST
  [91m🚫 COLD: Milwaukee Bucks - Poor performer: 2-5 (29%) | -3.59u over 7 picks[0m
  📊 Spread: Market -12.5 | Model +6.7
  🎯 Total: Market 224.5 | Model 228.3
  [92m✅ BET: Milwaukee Bucks +12.5[0m
     [96mModel projects Detroit Pistons to win by only 6.7, not enough to cover -12.5.[0m
  [93m⚠️ NO BET - Too close to call[0m
  📈 Predicted: Milwaukee Bucks 111, Detroit Pistons 118

[1m[96mGolden State Warriors @ Cleveland Cavaliers[0m
  🕐 12/06/25 07:40 PM EST
  📊 Spread: Market -8.0 | Model +9.0
  🎯 Total: Market 227.5 | Model 226.2
  [93m⚠️ NO BET - Too close to call[0m
     [96mEdge too small (+1.0)[0m
  [93m⚠️ NO BET - Too close to call[0m
  📈 Predicted: Golden State Warriors 109, Cleveland Cavaliers 118

[92m✓ CSV saved: /Users/rico/sports-models/nba/nba_model_output.csv[0m
[92m✓ HTML saved: /Users/rico/sports-models/nba/nba_model_output.html[0m

[1m[96mSTEP 7: Generating Final Tracking Dashboard[0m
[92m✓ Tracking dashboard saved: /Users/rico/sports-models/nba/nba_tracking_dashboard.html[0m

[1m==========================================================================================[0m
[1m[93m📊 TRACKING SUMMARY 📊[0m
[1m==========================================================================================[0m
[92mTotal Tracked Bets: 146[0m
[92mRecord: 82-61-0[0m
[92mWin Rate: 57.3%[0m
[92mProfit: +14.06 units[0m
[92mROI: +8.9%[0m
[1m==========================================================================================[0m

[96mUpdating unified dashboard...[0m
[92m✓ Dashboard updated[0m


==========================================
✅ Model completed successfully!
==========================================

📤 Pushing updates to GitHub...
[main 72f6975] Update model outputs - 2025-12-06 10:00:42
 Committer: Ricardo Hill <rico@Ricos-M1-Mac-2.local>
Your name and email address were configured automatically based
on your username and hostname. Please check that they are accurate.
You can suppress this message by setting them explicitly. Run the
following command and follow the instructions in your editor to edit
your configuration file:

    git config --global --edit

After doing this, you may fix the identity used for this commit with:

    git commit --amend --reset-author

 4 files changed, 47 insertions(+), 125 deletions(-)
To https://github.com/BangLetsGetIt/NBA-NCAA-Betting-Models.git
   cb5821d..72f6975  main -> main
✅ Successfully pushed to GitHub!
==========================================
NBA Model Run: Sun Dec  7 10:00:02 EST 2025
==========================================
Running NBA model...

[1m==========================================================================================[0m
[1m[96m🎲 IMPROVED NBA BETTING MODEL 🎲[0m
[1m[92m⚡ Enhanced Stats + Rest Days + Stricter Filters ⚡[0m
[1m==========================================================================================[0m

[1m[96mSTEP 1: Checking for Completed Games[0m

[96m==========================================================================================[0m
[96m🔄 UPDATING RESULTS FOR COMPLETED GAMES[0m
[96m==========================================================================================[0m

[93m📋 Checking 6 pending picks...[0m
[96mFetching completed NBA game scores...[0m
[92m✓ Fetched 35 games from API[0m
[92m✓ Found 24 completed games[0m
[92m✓ Tracking data saved to /Users/rico/sports-models/nba/nba_picks_tracking.json[0m

[93m⚠️  No new results found[0m
[92m✓ Tracking dashboard saved: /Users/rico/sports-models/nba/nba_tracking_dashboard.html[0m

[1m[96mSTEP 2: Fetching Composite Stats (Season + Form)[0m
[96m🔄 Fetching new team stats from stats.nba.com...[0m
[92m✓ Fetched and cached stats for 76 teams[0m

[1m[96mSTEP 3: Fetching Home/Away Splits[0m
[96m🔄 Fetching home/away splits from stats.nba.com...[0m
[92m✓ Fetched and cached home/away splits[0m

[1m[96mSTEP 4: Fetching Team Schedules (Rest Days)[0m

[1m[96mSTEP 5: Fetching Live Odds (Next 2 Days)[0m
[92m✓ Fetched odds for 11 total games[0m
[92m✓ Filtered to 7 games in next 2 days[0m

[1m[96mSTEP 6: Processing Games & Generating Picks[0m

[92m✓ Tracking data saved to /Users/rico/sports-models/nba/nba_picks_tracking.json[0m
[92m📝 LOGGED PICK: ✅ BET: New York Knicks -2.5 (Edge: +9.5)[0m
[92m✓ Tracking data saved to /Users/rico/sports-models/nba/nba_picks_tracking.json[0m
[92m📝 LOGGED PICK: ✅ BET: UNDER 230.5 (Edge: -12.7)[0m
[92m✓ Tracking data saved to /Users/rico/sports-models/nba/nba_picks_tracking.json[0m
[92m📝 LOGGED PICK: ✅ BET: UNDER 233.5 (Edge: -12.7)[0m
[92m✓ Tracking data saved to /Users/rico/sports-models/nba/nba_picks_tracking.json[0m
[92m📝 LOGGED PICK: ✅ BET: Memphis Grizzlies -1.0 (Edge: +15.4)[0m

[1m[92m✅ Analyzed 7 games with complete odds[0m

[93m📊 All picks sorted by edge (highest confidence first)[0m


[1m==========================================================================================[0m
[1m[93m🏀 NBA MODEL PREDICTIONS 🏀[0m
[1m==========================================================================================[0m

[1m[96mPortland Trail Blazers @ Memphis Grizzlies[0m
  🕐 12/07/25 06:00 PM EST
  [91m🚫 COLD: Memphis Grizzlies - Poor performer: 1-3 (25%) | -2.30u over 4 picks[0m
  📊 Spread: Market -1.0 | Model +16.4
  🎯 Total: Market 232.5 | Model 226.8
  [92m✅ BET: Memphis Grizzlies -1.0[0m
     [96mModel projects Memphis Grizzlies to win by 16.4, covering -1.0.[0m
  [92m✅ BET: UNDER 232.5[0m
     [96mModel projects 227 total points, bet the UNDER[0m
  📈 Predicted: Portland Trail Blazers 105, Memphis Grizzlies 122

[1m[96mOrlando Magic @ New York Knicks[0m
  🕐 12/07/25 12:00 PM EST
  [96mℹ️ LIMITED: New York Knicks - Limited data: 2-0 (100%) | +1.91u (2 picks)[0m
  📊 Spread: Market -2.5 | Model +12.0
  🎯 Total: Market 230.5 | Model 217.8
  [92m✅ BET: New York Knicks -2.5[0m
     [96mModel projects New York Knicks to win by 12.0, covering -2.5.[0m
  [92m✅ BET: UNDER 230.5[0m
     [96mModel projects 218 total points, bet the UNDER[0m
  📈 Predicted: Orlando Magic 103, New York Knicks 115

[1m[96mDenver Nuggets @ Charlotte Hornets[0m
  🕐 12/07/25 06:00 PM EST
  [92m✅ GOOD: Charlotte Hornets - Good record: 2-1 (67%) | +1.00u over 3 picks[0m
  📊 Spread: Market +10.5 | Model -3.0
  🎯 Total: Market 233.5 | Model 220.8
  [92m✅ BET: Charlotte Hornets +10.5[0m
     [96mModel projects Charlotte Hornets to lose by only 3.0, covering +10.5.[0m
  [92m✅ BET: UNDER 233.5[0m
     [96mModel projects 221 total points, bet the UNDER[0m
  📈 Predicted: Denver Nuggets 112, Charlotte Hornets 109

[1m[96mLos Angeles Lakers @ Philadelphia 76ers[0m
  🕐 12/07/25 07:30 PM EST
  [96mℹ️ LIMITED: Philadelphia 76ers - Limited data: 0-1 (0%) | -1.10u (1 pick)[0m
  📊 Spread: Market +4.0 | Model +0.3
  🎯 Total: Market 233.5 | Model 223.3
  [92m✅ BET: Philadelphia 76ers +4.0[0m
     [96mModel projects Philadelphia 76ers to win outright, easily covering +4.0.[0m
  [92m✅ BET: UNDER 233.5[0m
     [96mModel projects 223 total points, bet the UNDER[0m
  📈 Predicted: Los Angeles Lakers 112, Philadelphia 76ers 112

[1m[96mOklahoma City Thunder @ Utah Jazz[0m
  🕐 12/07/25 08:00 PM EST
  [96mℹ️ LIMITED: Oklahoma City Thunder - Limited data: 1-1 (50%) | -0.10u (2 picks)[0m
  📊 Spread: Market +9.5 | Model -13.8
  🎯 Total: Market 236.5 | Model 227.9
  [92m✅ BET: Oklahoma City Thunder -9.5[0m
     [96mModel projects Utah Jazz to lose by 13.8, Oklahoma City Thunder covers -9.5.[0m
  [92m✅ BET: UNDER 236.5[0m
     [96mModel projects 228 total points, bet the UNDER[0m
  📈 Predicted: Oklahoma City Thunder 121, Utah Jazz 107

[1m[96mBoston Celtics @ Toronto Raptors[0m
  🕐 12/07/25 03:30 PM EST
  [92m🔥 HOT: Boston Celtics - Strong performer: 4-0 (100%) | +4.00u over 4 picks[0m
  📊 Spread: Market +3.0 | Model -8.6
  🎯 Total: Market 224.5 | Model 221.5
  [92m✅ BET: Boston Celtics -3.0[0m
     [96mModel projects Toronto Raptors to lose by 8.6, Boston Celtics covers -3.0.[0m
  [93m⚠️ NO BET - Too close to call[0m
  📈 Predicted: Boston Celtics 115, Toronto Raptors 106

[1m[96mGolden State Warriors @ Chicago Bulls[0m
  🕐 12/07/25 07:00 PM EST
  📊 Spread: Market +1.0 | Model -3.4
  🎯 Total: Market 227.5 | Model 227.4
  [93m⚠️ NO BET - Too close to call[0m
     [96mEdge too small (-2.4)[0m
  [93m⚠️ NO BET - Too close to call[0m
  📈 Predicted: Golden State Warriors 115, Chicago Bulls 112

[92m✓ CSV saved: /Users/rico/sports-models/nba/nba_model_output.csv[0m
[92m✓ HTML saved: /Users/rico/sports-models/nba/nba_model_output.html[0m

[1m[96mSTEP 7: Generating Final Tracking Dashboard[0m
[92m✓ Tracking dashboard saved: /Users/rico/sports-models/nba/nba_tracking_dashboard.html[0m

[1m==========================================================================================[0m
[1m[93m📊 TRACKING SUMMARY 📊[0m
[1m==========================================================================================[0m
[92mTotal Tracked Bets: 155[0m
[92mRecord: 84-61-0[0m
[92mWin Rate: 57.9%[0m
[92mProfit: +16.06 units[0m
[92mROI: +10.1%[0m
[1m==========================================================================================[0m

[96mUpdating unified dashboard...[0m
[92m✓ Dashboard updated[0m


==========================================
✅ Model completed successfully!
==========================================

📤 Pushing updates to GitHub...
[main cfa28e5] Update model outputs - 2025-12-07 10:00:53
 Committer: Ricardo Hill <rico@Ricos-M1-Mac-2.local>
Your name and email address were configured automatically based
on your username and hostname. Please check that they are accurate.
You can suppress this message by setting them explicitly. Run the
following command and follow the instructions in your editor to edit
your configuration file:

    git config --global --edit

After doing this, you may fix the identity used for this commit with:

    git commit --amend --reset-author

 4 files changed, 182 insertions(+), 62 deletions(-)
To https://github.com/BangLetsGetIt/NBA-NCAA-Betting-Models.git
   a13f844..cfa28e5  main -> main
✅ Successfully pushed to GitHub!
==========================================
NBA Model Run: Mon Dec  8 10:00:03 EST 2025
==========================================
Running NBA model...
Traceback (most recent call last):
  File "/Library/Frameworks/Python.framework/Versions/3.13/lib/python3.13/site-packages/urllib3/connectionpool.py", line 534, in _make_request
    response = conn.getresponse()
  File "/Library/Frameworks/Python.framework/Versions/3.13/lib/python3.13/site-packages/urllib3/connection.py", line 565, in getresponse
    httplib_response = super().getresponse()
  File "/Library/Frameworks/Python.framework/Versions/3.13/lib/python3.13/http/client.py", line 1430, in getresponse
    response.begin()
    ~~~~~~~~~~~~~~^^
  File "/Library/Frameworks/Python.framework/Versions/3.13/lib/python3.13/http/client.py", line 331, in begin
    version, status, reason = self._read_status()
                              ~~~~~~~~~~~~~~~~~^^
  File "/Library/Frameworks/Python.framework/Versions/3.13/lib/python3.13/http/client.py", line 292, in _read_status
    line = str(self.fp.readline(_MAXLINE + 1), "iso-8859-1")
               ~~~~~~~~~~~~~~~~^^^^^^^^^^^^^^
  File "/Library/Frameworks/Python.framework/Versions/3.13/lib/python3.13/socket.py", line 719, in readinto
    return self._sock.recv_into(b)
           ~~~~~~~~~~~~~~~~~~~~^^^
  File "/Library/Frameworks/Python.framework/Versions/3.13/lib/python3.13/ssl.py", line 1304, in recv_into
    return self.read(nbytes, buffer)
           ~~~~~~~~~^^^^^^^^^^^^^^^^
  File "/Library/Frameworks/Python.framework/Versions/3.13/lib/python3.13/ssl.py", line 1138, in read
    return self._sslobj.read(len, buffer)
           ~~~~~~~~~~~~~~~~~^^^^^^^^^^^^^
TimeoutError: The read operation timed out

The above exception was the direct cause of the following exception:

Traceback (most recent call last):
  File "/Library/Frameworks/Python.framework/Versions/3.13/lib/python3.13/site-packages/requests/adapters.py", line 667, in send
    resp = conn.urlopen(
        method=request.method,
    ...<9 lines>...
        chunked=chunked,
    )
  File "/Library/Frameworks/Python.framework/Versions/3.13/lib/python3.13/site-packages/urllib3/connectionpool.py", line 841, in urlopen
    retries = retries.increment(
        method, url, error=new_e, _pool=self, _stacktrace=sys.exc_info()[2]
    )
  File "/Library/Frameworks/Python.framework/Versions/3.13/lib/python3.13/site-packages/urllib3/util/retry.py", line 474, in increment
    raise reraise(type(error), error, _stacktrace)
          ~~~~~~~^^^^^^^^^^^^^^^^^^^^^^^^^^^^^^^^^
  File "/Library/Frameworks/Python.framework/Versions/3.13/lib/python3.13/site-packages/urllib3/util/util.py", line 39, in reraise
    raise value
  File "/Library/Frameworks/Python.framework/Versions/3.13/lib/python3.13/site-packages/urllib3/connectionpool.py", line 787, in urlopen
    response = self._make_request(
        conn,
    ...<10 lines>...
        **response_kw,
    )
  File "/Library/Frameworks/Python.framework/Versions/3.13/lib/python3.13/site-packages/urllib3/connectionpool.py", line 536, in _make_request
    self._raise_timeout(err=e, url=url, timeout_value=read_timeout)
    ~~~~~~~~~~~~~~~~~~~^^^^^^^^^^^^^^^^^^^^^^^^^^^^^^^^^^^^^^^^^^^^
  File "/Library/Frameworks/Python.framework/Versions/3.13/lib/python3.13/site-packages/urllib3/connectionpool.py", line 367, in _raise_timeout
    raise ReadTimeoutError(
        self, url, f"Read timed out. (read timeout={timeout_value})"
    ) from err
urllib3.exceptions.ReadTimeoutError: HTTPSConnectionPool(host='stats.nba.com', port=443): Read timed out. (read timeout=30)

During handling of the above exception, another exception occurred:

Traceback (most recent call last):
  File "/Users/rico/sports-models/nba/nba_model_IMPROVED.py", line 1216, in fetch_advanced_stats
    form_stats_data = leaguedashteamstats.LeagueDashTeamStats(
        measure_type_detailed_defense='Advanced',
    ...<2 lines>...
        timeout=30
    )
  File "/Library/Frameworks/Python.framework/Versions/3.13/lib/python3.13/site-packages/nba_api/stats/endpoints/leaguedashteamstats.py", line 173, in __init__
    self.get_request()
    ~~~~~~~~~~~~~~~~^^
  File "/Library/Frameworks/Python.framework/Versions/3.13/lib/python3.13/site-packages/nba_api/stats/endpoints/leaguedashteamstats.py", line 176, in get_request
    self.nba_response = NBAStatsHTTP().send_api_request(
                        ~~~~~~~~~~~~~~~~~~~~~~~~~~~~~~~^
        endpoint=self.endpoint,
        ^^^^^^^^^^^^^^^^^^^^^^^
    ...<3 lines>...
        timeout=self.timeout,
        ^^^^^^^^^^^^^^^^^^^^^
    )
    ^
  File "/Library/Frameworks/Python.framework/Versions/3.13/lib/python3.13/site-packages/nba_api/library/http.py", line 160, in send_api_request
    response = self.get_session().get(
        url=base_url,
    ...<3 lines>...
        timeout=timeout,
    )
  File "/Library/Frameworks/Python.framework/Versions/3.13/lib/python3.13/site-packages/requests/sessions.py", line 602, in get
    return self.request("GET", url, **kwargs)
           ~~~~~~~~~~~~^^^^^^^^^^^^^^^^^^^^^^
  File "/Library/Frameworks/Python.framework/Versions/3.13/lib/python3.13/site-packages/requests/sessions.py", line 589, in request
    resp = self.send(prep, **send_kwargs)
  File "/Library/Frameworks/Python.framework/Versions/3.13/lib/python3.13/site-packages/requests/sessions.py", line 703, in send
    r = adapter.send(request, **kwargs)
  File "/Library/Frameworks/Python.framework/Versions/3.13/lib/python3.13/site-packages/requests/adapters.py", line 713, in send
    raise ReadTimeout(e, request=request)
requests.exceptions.ReadTimeout: HTTPSConnectionPool(host='stats.nba.com', port=443): Read timed out. (read timeout=30)

[1m==========================================================================================[0m
[1m[96m🎲 IMPROVED NBA BETTING MODEL 🎲[0m
[1m[92m⚡ Enhanced Stats + Rest Days + Stricter Filters ⚡[0m
[1m==========================================================================================[0m

[1m[96mSTEP 1: Checking for Completed Games[0m

[96m==========================================================================================[0m
[96m🔄 UPDATING RESULTS FOR COMPLETED GAMES[0m
[96m==========================================================================================[0m

[93m📋 Checking 4 pending picks...[0m
[96mFetching completed NBA game scores...[0m
[92m✓ Fetched 33 games from API[0m
[92m✓ Found 26 completed games[0m
  ✓ Updating: Miami Heat 105 @ Orlando Magic 106
    Result: Win
[92m✓ Tracking data saved to /Users/rico/sports-models/nba/nba_picks_tracking.json[0m

[92m✅ Updated 1 picks! Record: 94-61-0[0m
[92m✓ Tracking dashboard saved: /Users/rico/sports-models/nba/nba_tracking_dashboard.html[0m

[1m[96mSTEP 2: Fetching Composite Stats (Season + Form)[0m
[96m🔄 Fetching new team stats from stats.nba.com...[0m
[91m✗ Error fetching stats: HTTPSConnectionPool(host='stats.nba.com', port=443): Read timed out. (read timeout=30)[0m

[91m⚠️  Could not fetch advanced stats. Exiting.[0m

==========================================
✅ Model completed successfully!
==========================================

📤 Pushing updates to GitHub...
[main f104eef] Update model outputs - 2025-12-08 10:00:43
 Committer: Ricardo Hill <rico@Ricos-M1-Mac-2.local>
Your name and email address were configured automatically based
on your username and hostname. Please check that they are accurate.
You can suppress this message by setting them explicitly. Run the
following command and follow the instructions in your editor to edit
your configuration file:

    git config --global --edit

After doing this, you may fix the identity used for this commit with:

    git commit --amend --reset-author

 2 files changed, 13 insertions(+), 23 deletions(-)
To https://github.com/BangLetsGetIt/NBA-NCAA-Betting-Models.git
   ff4283d..f104eef  main -> main
✅ Successfully pushed to GitHub!
==========================================
NBA Model Run: Tue Dec  9 10:00:02 EST 2025
==========================================
Running NBA model...

[1m==========================================================================================[0m
[1m[96m🎲 IMPROVED NBA BETTING MODEL 🎲[0m
[1m[92m⚡ Enhanced Stats + Rest Days + Stricter Filters ⚡[0m
[1m==========================================================================================[0m

[1m[96mSTEP 1: Checking for Completed Games[0m

[96m==========================================================================================[0m
[96m🔄 UPDATING RESULTS FOR COMPLETED GAMES[0m
[96m==========================================================================================[0m

[93m📋 Checking 2 pending picks...[0m
[96mFetching completed NBA game scores...[0m
[92m✓ Fetched 21 games from API[0m
[92m✓ Found 17 completed games[0m
[92m✓ Tracking data saved to /Users/rico/sports-models/nba/nba_picks_tracking.json[0m

[93m⚠️  No new results found[0m
[92m✓ Tracking dashboard saved: /Users/rico/sports-models/nba/nba_tracking_dashboard.html[0m

[1m[96mSTEP 2: Fetching Composite Stats (Season + Form)[0m
[96m🔄 Fetching new team stats from stats.nba.com...[0m
[92m✓ Fetched and cached stats for 76 teams[0m

[1m[96mSTEP 3: Fetching Home/Away Splits[0m
[96m🔄 Fetching home/away splits from stats.nba.com...[0m
[92m✓ Fetched and cached home/away splits[0m

[1m[96mSTEP 4: Fetching Team Schedules (Rest Days)[0m

[1m[96mSTEP 5: Fetching Live Odds (Next 2 Days)[0m
[92m✓ Fetched odds for 4 total games[0m
[92m✓ Filtered to 4 games in next 2 days[0m

[1m[96mSTEP 6: Processing Games & Generating Picks[0m

[92m✓ Tracking data saved to /Users/rico/sports-models/nba/nba_picks_tracking.json[0m
[92m📝 LOGGED PICK: ✅ BET: UNDER 235.5 (Edge: -12.4)[0m

[1m[92m✅ Analyzed 4 games with complete odds[0m

[93m📊 All picks sorted by edge (highest confidence first)[0m


[1m==========================================================================================[0m
[1m[93m🏀 NBA MODEL PREDICTIONS 🏀[0m
[1m==========================================================================================[0m

[1m[96mMiami Heat @ Orlando Magic[0m
  🕐 12/09/25 06:10 PM EST
  [92m🔥 HOT: Orlando Magic - Strong performer: 3-0 (100%) | +2.91u over 3 picks[0m
  📊 Spread: Market -1.5 | Model +6.5
  🎯 Total: Market 235.5 | Model 218.2
  [92m✅ BET: Orlando Magic -1.5[0m
     [96mModel projects Orlando Magic to win by 6.5, covering -1.5.[0m
  [92m✅ BET: UNDER 235.5[0m
     [96mModel projects 218 total points, bet the UNDER[0m
  📈 Predicted: Miami Heat 106, Orlando Magic 112

[1m[96mSan Antonio Spurs @ Los Angeles Lakers[0m
  🕐 12/10/25 10:00 PM EST
  [96mℹ️ LIMITED: Los Angeles Lakers - Limited data: 1-1 (50%) | -0.19u (2 picks)[0m
  📊 Spread: Market -4.5 | Model +11.6
  🎯 Total: Market 235.5 | Model 223.1
  [92m✅ BET: Los Angeles Lakers -4.5[0m
     [96mModel projects Los Angeles Lakers to win by 11.6, covering -4.5.[0m
  [92m✅ BET: UNDER 235.5[0m
     [96mModel projects 223 total points, bet the UNDER[0m
  📈 Predicted: San Antonio Spurs 106, Los Angeles Lakers 117

[1m[96mPhoenix Suns @ Oklahoma City Thunder[0m
  🕐 12/10/25 07:30 PM EST
  [96mℹ️ LIMITED: Oklahoma City Thunder - Limited data: 1-1 (50%) | -0.10u (2 picks)[0m
  📊 Spread: Market -15.5 | Model +22.8
  🎯 Total: Market 225.5 | Model 227.5
  [92m✅ BET: Oklahoma City Thunder -15.5[0m
     [96mModel projects Oklahoma City Thunder to win by 22.8, covering -15.5.[0m
  [93m⚠️ NO BET - Too close to call[0m
  📈 Predicted: Phoenix Suns 102, Oklahoma City Thunder 125

[1m[96mNew York Knicks @ Toronto Raptors[0m
  🕐 12/09/25 08:30 PM EST
  📊 Spread: Market +4.5 | Model -0.3
  🎯 Total: Market 226.5 | Model 221.8
  [92m✅ BET: Toronto Raptors +4.5[0m
     [96mModel projects Toronto Raptors to lose by only 0.3, covering +4.5.[0m
  [92m✅ BET: UNDER 226.5[0m
     [96mModel projects 222 total points, bet the UNDER[0m
  📈 Predicted: New York Knicks 111, Toronto Raptors 111

[92m✓ CSV saved: /Users/rico/sports-models/nba/nba_model_output.csv[0m
[92m✓ HTML saved: /Users/rico/sports-models/nba/nba_model_output.html[0m

[1m[96mSTEP 7: Generating Final Tracking Dashboard[0m
[92m✓ Tracking dashboard saved: /Users/rico/sports-models/nba/nba_tracking_dashboard.html[0m

[1m==========================================================================================[0m
[1m[93m📊 TRACKING SUMMARY 📊[0m
[1m==========================================================================================[0m
[92mTotal Tracked Bets: 160[0m
[92mRecord: 95-62-0[0m
[92mWin Rate: 60.5%[0m
[92mProfit: +25.96 units[0m
[92mROI: +15.0%[0m
[1m==========================================================================================[0m

[96mUpdating unified dashboard...[0m
[92m✓ Dashboard updated[0m


==========================================
✅ Model completed successfully!
==========================================

📤 Pushing updates to GitHub...
[main 48521d5] Update model outputs - 2025-12-09 10:00:54
 Committer: Ricardo Hill <rico@Ricos-M1-Mac-2.local>
Your name and email address were configured automatically based
on your username and hostname. Please check that they are accurate.
You can suppress this message by setting them explicitly. Run the
following command and follow the instructions in your editor to edit
your configuration file:

    git config --global --edit

After doing this, you may fix the identity used for this commit with:

    git commit --amend --reset-author

 4 files changed, 133 insertions(+), 26 deletions(-)
To https://github.com/BangLetsGetIt/NBA-NCAA-Betting-Models.git
   1c38a52..48521d5  main -> main
✅ Successfully pushed to GitHub!
==========================================
NBA Model Run: Wed Dec 10 10:00:03 EST 2025
==========================================
Running NBA model...

[1m==========================================================================================[0m
[1m[96m🎲 IMPROVED NBA BETTING MODEL 🎲[0m
[1m[92m⚡ Enhanced Stats + Rest Days + Stricter Filters ⚡[0m
[1m==========================================================================================[0m

[1m[96mSTEP 1: Checking for Completed Games[0m

[96m==========================================================================================[0m
[96m🔄 UPDATING RESULTS FOR COMPLETED GAMES[0m
[96m==========================================================================================[0m

[93m📋 Checking 7 pending picks...[0m
[96mFetching completed NBA game scores...[0m
[92m✓ Fetched 19 games from API[0m
[92m✓ Found 12 completed games[0m
[92m✓ Tracking data saved to /Users/rico/sports-models/nba/nba_picks_tracking.json[0m

[93m⚠️  No new results found[0m
[92m✓ Tracking dashboard saved: /Users/rico/sports-models/nba/nba_tracking_dashboard.html[0m

[1m[96mSTEP 2: Fetching Composite Stats (Season + Form)[0m
[96m🔄 Fetching new team stats from stats.nba.com...[0m
[92m✓ Fetched and cached stats for 76 teams[0m

[1m[96mSTEP 3: Fetching Home/Away Splits[0m
[96m🔄 Fetching home/away splits from stats.nba.com...[0m
[92m✓ Fetched and cached home/away splits[0m

[1m[96mSTEP 4: Fetching Team Schedules (Rest Days)[0m

[1m[96mSTEP 5: Fetching Live Odds (Next 2 Days)[0m
[92m✓ Fetched odds for 7 total games[0m
[92m✓ Filtered to 6 games in next 2 days[0m

[1m[96mSTEP 6: Processing Games & Generating Picks[0m

[91m❌ Missing stats for Houston Rockets or Los Angeles Clippers[0m
[91m❌ Missing stats for Houston Rockets or Los Angeles Clippers[0m
[91m❌ Skipping Los Angeles Clippers @ Houston Rockets - missing model data[0m

[1m[92m✅ Analyzed 5 games with complete odds[0m

[93m📊 All picks sorted by edge (highest confidence first)[0m


[1m==========================================================================================[0m
[1m[93m🏀 NBA MODEL PREDICTIONS 🏀[0m
[1m==========================================================================================[0m

[1m[96mPortland Trail Blazers @ New Orleans Pelicans[0m
  🕐 12/11/25 08:10 PM EST
  [92m🔥 HOT: New Orleans Pelicans - Strong performer: 3-1 (75%) | +1.90u over 4 picks[0m
  📊 Spread: Market +5.5 | Model +3.0
  🎯 Total: Market 237.5 | Model 221.3
  [92m✅ BET: New Orleans Pelicans +5.5[0m
     [96mModel projects New Orleans Pelicans to win outright, easily covering +5.5.[0m
  [92m✅ BET: UNDER 237.5[0m
     [96mModel projects 221 total points, bet the UNDER[0m
  📈 Predicted: Portland Trail Blazers 109, New Orleans Pelicans 112

[1m[96mSan Antonio Spurs @ Los Angeles Lakers[0m
  🕐 12/10/25 10:00 PM EST
  [96mℹ️ LIMITED: Los Angeles Lakers - Limited data: 1-1 (50%) | -0.19u (2 picks)[0m
  📊 Spread: Market -7.0 | Model +11.6
  🎯 Total: Market 238.5 | Model 223.1
  [92m✅ BET: Los Angeles Lakers -7.0[0m
     [96mModel projects Los Angeles Lakers to win by 11.6, covering -7.0.[0m
  [92m✅ BET: UNDER 238.5[0m
     [96mModel projects 223 total points, bet the UNDER[0m
  📈 Predicted: San Antonio Spurs 106, Los Angeles Lakers 117

[1m[96mDenver Nuggets @ Sacramento Kings[0m
  🕐 12/11/25 10:10 PM EST
  [93m⚠️ CAUTION: Sacramento Kings - Below average: 1-2 (33%) | -1.20u over 3 picks[0m
  📊 Spread: Market +9.0 | Model +3.1
  🎯 Total: Market 239.5 | Model 225.9
  [92m✅ BET: Sacramento Kings +9.0[0m
     [96mModel projects Sacramento Kings to win outright, easily covering +9.0.[0m
  [92m✅ BET: UNDER 239.5[0m
     [96mModel projects 226 total points, bet the UNDER[0m
  📈 Predicted: Denver Nuggets 111, Sacramento Kings 114

[1m[96mPhoenix Suns @ Oklahoma City Thunder[0m
  🕐 12/10/25 07:30 PM EST
  [96mℹ️ LIMITED: Oklahoma City Thunder - Limited data: 1-1 (50%) | -0.10u (2 picks)[0m
  📊 Spread: Market -14.5 | Model +22.8
  🎯 Total: Market 225.5 | Model 227.5
  [92m✅ BET: Oklahoma City Thunder -14.5[0m
     [96mModel projects Oklahoma City Thunder to win by 22.8, covering -14.5.[0m
  [93m⚠️ NO BET - Too close to call[0m
  📈 Predicted: Phoenix Suns 102, Oklahoma City Thunder 125

[1m[96mBoston Celtics @ Milwaukee Bucks[0m
  🕐 12/11/25 08:10 PM EST
  [91m🚫 COLD: Milwaukee Bucks - Poor performer: 2-5 (29%) | -3.59u over 7 picks[0m
  📊 Spread: Market +7.5 | Model -2.5
  🎯 Total: Market 226.5 | Model 225.8
  [92m✅ BET: Milwaukee Bucks +7.5[0m
     [96mModel projects Milwaukee Bucks to lose by only 2.5, covering +7.5.[0m
  [93m⚠️ NO BET - Too close to call[0m
  📈 Predicted: Boston Celtics 114, Milwaukee Bucks 112

[92m✓ CSV saved: /Users/rico/sports-models/nba/nba_model_output.csv[0m
[92m✓ HTML saved: /Users/rico/sports-models/nba/nba_model_output.html[0m

[1m[96mSTEP 7: Generating Final Tracking Dashboard[0m
[92m✓ Tracking dashboard saved: /Users/rico/sports-models/nba/nba_tracking_dashboard.html[0m

[1m==========================================================================================[0m
[1m[93m📊 TRACKING SUMMARY 📊[0m
[1m==========================================================================================[0m
[92mTotal Tracked Bets: 165[0m
[92mRecord: 96-62-0[0m
[92mWin Rate: 60.8%[0m
[92mProfit: +26.96 units[0m
[92mROI: +15.5%[0m
[1m==========================================================================================[0m

[96mUpdating unified dashboard...[0m
[92m✓ Dashboard updated[0m


==========================================
✅ Model completed successfully!
==========================================

📤 Pushing updates to GitHub...
[main f743a2c] Update model outputs - 2025-12-10 10:01:08
 Committer: Ricardo Hill <rico@Ricos-M1-Mac-2.local>
Your name and email address were configured automatically based
on your username and hostname. Please check that they are accurate.
You can suppress this message by setting them explicitly. Run the
following command and follow the instructions in your editor to edit
your configuration file:

    git config --global --edit

After doing this, you may fix the identity used for this commit with:

    git commit --amend --reset-author

 4 files changed, 364 insertions(+), 14 deletions(-)
To https://github.com/BangLetsGetIt/NBA-NCAA-Betting-Models.git
   e4209a1..f743a2c  main -> main
✅ Successfully pushed to GitHub!
==========================================
NBA Model Run: Thu Dec 11 10:00:02 EST 2025
==========================================
Running NBA model...

[1m==========================================================================================[0m
[1m[96m🎲 IMPROVED NBA BETTING MODEL 🎲[0m
[1m[92m⚡ Enhanced Stats + Rest Days + Stricter Filters ⚡[0m
[1m==========================================================================================[0m

[1m[96mSTEP 1: Checking for Completed Games[0m

[96m==========================================================================================[0m
[96m🔄 UPDATING RESULTS FOR COMPLETED GAMES[0m
[96m==========================================================================================[0m

[93m📋 Checking 6 pending picks...[0m
[96mFetching completed NBA game scores...[0m
[92m✓ Fetched 20 games from API[0m
[92m✓ Found 7 completed games[0m
[92m✓ Tracking data saved to /Users/rico/sports-models/nba/nba_picks_tracking.json[0m

[93m⚠️  No new results found[0m
[92m✓ Tracking dashboard saved: /Users/rico/sports-models/nba/nba_tracking_dashboard.html[0m

[1m[96mSTEP 2: Fetching Composite Stats (Season + Form)[0m
[96m🔄 Fetching new team stats from stats.nba.com...[0m
[92m✓ Fetched and cached stats for 76 teams[0m

[1m[96mSTEP 3: Fetching Home/Away Splits[0m
[96m🔄 Fetching home/away splits from stats.nba.com...[0m
[92m✓ Fetched and cached home/away splits[0m

[1m[96mSTEP 4: Fetching Team Schedules (Rest Days)[0m

[1m[96mSTEP 5: Fetching Live Odds (Next 2 Days)[0m
[92m✓ Fetched odds for 13 total games[0m
[92m✓ Filtered to 11 games in next 2 days[0m

[1m[96mSTEP 6: Processing Games & Generating Picks[0m

[91m❌ Missing stats for Houston Rockets or Los Angeles Clippers[0m
[91m❌ Missing stats for Houston Rockets or Los Angeles Clippers[0m
[91m❌ Skipping Los Angeles Clippers @ Houston Rockets - missing model data[0m

[1m[92m✅ Analyzed 10 games with complete odds[0m

[93m📊 All picks sorted by edge (highest confidence first)[0m


[1m==========================================================================================[0m
[1m[93m🏀 NBA MODEL PREDICTIONS 🏀[0m
[1m==========================================================================================[0m

[1m[96mPortland Trail Blazers @ New Orleans Pelicans[0m
  🕐 12/11/25 08:10 PM EST
  [92m🔥 HOT: New Orleans Pelicans - Strong performer: 3-1 (75%) | +1.90u over 4 picks[0m
  📊 Spread: Market +4.5 | Model +3.0
  🎯 Total: Market 239.5 | Model 221.3
  [92m✅ BET: New Orleans Pelicans +4.5[0m
     [96mModel projects New Orleans Pelicans to win outright, easily covering +4.5.[0m
  [92m✅ BET: UNDER 239.5[0m
     [96mModel projects 221 total points, bet the UNDER[0m
  📈 Predicted: Portland Trail Blazers 109, New Orleans Pelicans 112

[1m[96mDenver Nuggets @ Sacramento Kings[0m
  🕐 12/11/25 10:10 PM EST
  [93m⚠️ CAUTION: Sacramento Kings - Below average: 1-2 (33%) | -1.20u over 3 picks[0m
  📊 Spread: Market +10.0 | Model +3.1
  🎯 Total: Market 240.5 | Model 225.9
  [92m✅ BET: Sacramento Kings +10.0[0m
     [96mModel projects Sacramento Kings to win outright, easily covering +10.0.[0m
  [92m✅ BET: UNDER 240.5[0m
     [96mModel projects 226 total points, bet the UNDER[0m
  📈 Predicted: Denver Nuggets 111, Sacramento Kings 114

[1m[96mUtah Jazz @ Memphis Grizzlies[0m
  🕐 12/12/25 08:10 PM EST
  [0m➖ NEUTRAL: Memphis Grizzlies - Average performance: 3-3 (50%) | -0.30u over 6 picks[0m
  📊 Spread: Market -6.5 | Model +20.4
  🎯 Total: Market 234.5 | Model 231.3
  [92m✅ BET: Memphis Grizzlies -6.5[0m
     [96mModel projects Memphis Grizzlies to win by 20.4, covering -6.5.[0m
  [93m⚠️ NO BET - Too close to call[0m
  📈 Predicted: Utah Jazz 105, Memphis Grizzlies 126

[1m[96mChicago Bulls @ Charlotte Hornets[0m
  🕐 12/12/25 07:10 PM EST
  📊 Spread: Market +1.0 | Model +0.6
  🎯 Total: Market 236.5 | Model 223.5
  [93m⚠️ NO BET - Too close to call[0m
     [96mEdge too small (+1.6)[0m
  [92m✅ BET: UNDER 236.5[0m
     [96mModel projects 224 total points, bet the UNDER[0m
  📈 Predicted: Chicago Bulls 111, Charlotte Hornets 112

[1m[96mCleveland Cavaliers @ Washington Wizards[0m
  🕐 12/12/25 07:10 PM EST
  📊 Spread: Market +14.5 | Model -15.5
  🎯 Total: Market 238.5 | Model 227.1
  [93m⚠️ NO BET - Too close to call[0m
     [96mEdge too small (-1.0)[0m
  [92m✅ BET: UNDER 238.5[0m
     [96mModel projects 227 total points, bet the UNDER[0m
  📈 Predicted: Cleveland Cavaliers 121, Washington Wizards 106

[1m[96mIndiana Pacers @ Philadelphia 76ers[0m
  🕐 12/12/25 07:10 PM EST
  [92m🔥 HOT: Indiana Pacers - Strong performer: 5-2 (71%) | +2.80u over 7 picks[0m
  📊 Spread: Market -6.5 | Model -1.4
  🎯 Total: Market 227.5 | Model 226.4
  [92m✅ BET: Indiana Pacers +6.5[0m
     [96mModel projects Philadelphia 76ers to win by only 1.4, not enough to cover -6.5.[0m
  [93m⚠️ NO BET - Too close to call[0m
  📈 Predicted: Indiana Pacers 114, Philadelphia 76ers 112

[1m[96mBoston Celtics @ Milwaukee Bucks[0m
  🕐 12/11/25 08:10 PM EST
  [91m🚫 COLD: Milwaukee Bucks - Poor performer: 2-5 (29%) | -3.59u over 7 picks[0m
  📊 Spread: Market +9.0 | Model -2.5
  🎯 Total: Market 223.5 | Model 225.8
  [92m✅ BET: Milwaukee Bucks +9.0[0m
     [96mModel projects Milwaukee Bucks to lose by only 2.5, covering +9.0.[0m
  [93m⚠️ NO BET - Too close to call[0m
  📈 Predicted: Boston Celtics 114, Milwaukee Bucks 112

[1m[96mBrooklyn Nets @ Dallas Mavericks[0m
  🕐 12/12/25 08:40 PM EST
  [92m✅ GOOD: Dallas Mavericks - Good record: 4-2 (67%) | +1.90u over 6 picks[0m
  📊 Spread: Market -7.5 | Model +10.7
  🎯 Total: Market 225.5 | Model 221.8
  [92m✅ BET: Dallas Mavericks -7.5[0m
     [96mModel projects Dallas Mavericks to win by 10.7, covering -7.5.[0m
  [93m⚠️ NO BET - Too close to call[0m
  📈 Predicted: Brooklyn Nets 106, Dallas Mavericks 116

[1m[96mAtlanta Hawks @ Detroit Pistons[0m
  🕐 12/12/25 07:10 PM EST
  📊 Spread: Market -6.5 | Model +5.6
  🎯 Total: Market 232.5 | Model 229.7
  [93m⚠️ NO BET - Too close to call[0m
     [96mEdge too small (-0.9)[0m
  [93m⚠️ NO BET - Too close to call[0m
  📈 Predicted: Atlanta Hawks 112, Detroit Pistons 118

[1m[96mMinnesota Timberwolves @ Golden State Warriors[0m
  🕐 12/12/25 10:10 PM EST
  📊 Spread: Market -1.5 | Model +3.6
  🎯 Total: Market 224.5 | Model 221.8
  [93m⚠️ NO BET - Too close to call[0m
     [96mEdge too small (+2.1)[0m
  [93m⚠️ NO BET - Too close to call[0m
  📈 Predicted: Minnesota Timberwolves 109, Golden State Warriors 113

[92m✓ CSV saved: /Users/rico/sports-models/nba/nba_model_output.csv[0m
[92m✓ HTML saved: /Users/rico/sports-models/nba/nba_model_output.html[0m

[1m[96mSTEP 7: Generating Final Tracking Dashboard[0m
[92m✓ Tracking dashboard saved: /Users/rico/sports-models/nba/nba_tracking_dashboard.html[0m

[1m==========================================================================================[0m
[1m[93m📊 TRACKING SUMMARY 📊[0m
[1m==========================================================================================[0m
[92mTotal Tracked Bets: 167[0m
[92mRecord: 97-64-0[0m
[92mWin Rate: 60.2%[0m
[92mProfit: +25.76 units[0m
[92mROI: +14.5%[0m
[1m==========================================================================================[0m

[96mUpdating unified dashboard...[0m
[92m✓ Dashboard updated[0m


==========================================
✅ Model completed successfully!
==========================================

📤 Pushing updates to GitHub...
[main b100ab3] Update model outputs - 2025-12-11 10:01:22
 Committer: Ricardo Hill <rico@Ricos-M1-Mac-2.local>
Your name and email address were configured automatically based
on your username and hostname. Please check that they are accurate.
You can suppress this message by setting them explicitly. Run the
following command and follow the instructions in your editor to edit
your configuration file:

    git config --global --edit

After doing this, you may fix the identity used for this commit with:

    git commit --amend --reset-author

 3 files changed, 142 insertions(+), 64 deletions(-)
To https://github.com/BangLetsGetIt/NBA-NCAA-Betting-Models.git
   6a768d6..b100ab3  main -> main
✅ Successfully pushed to GitHub!
==========================================
NBA Model Run: Fri Dec 12 10:00:01 EST 2025
==========================================
Running NBA model...

[1m==========================================================================================[0m
[1m[96m🎲 IMPROVED NBA BETTING MODEL 🎲[0m
[1m[92m⚡ Enhanced Stats + Rest Days + Stricter Filters ⚡[0m
[1m==========================================================================================[0m

[1m[96mSTEP 1: Checking for Completed Games[0m

[96m==========================================================================================[0m
[96m🔄 UPDATING RESULTS FOR COMPLETED GAMES[0m
[96m==========================================================================================[0m

[93m📋 Checking 5 pending picks...[0m
[96mFetching completed NBA game scores...[0m
[92m✓ Fetched 17 games from API[0m
[92m✓ Found 8 completed games[0m
[92m✓ Tracking data saved to /Users/rico/sports-models/nba/nba_picks_tracking.json[0m

[93m⚠️  No new results found[0m
[92m✓ Tracking dashboard saved: /Users/rico/sports-models/nba/nba_tracking_dashboard.html[0m

[1m[96mSTEP 2: Fetching Composite Stats (Season + Form)[0m
[96m🔄 Fetching new team stats from stats.nba.com...[0m
[92m✓ Fetched and cached stats for 76 teams[0m

[1m[96mSTEP 3: Fetching Home/Away Splits[0m
[96m🔄 Fetching home/away splits from stats.nba.com...[0m
[92m✓ Fetched and cached home/away splits[0m

[1m[96mSTEP 4: Fetching Team Schedules (Rest Days)[0m
[96m🔄 Fetching team schedules...[0m
[92m✓ Fetched schedules for 1 teams[0m

[1m[96mSTEP 5: Fetching Live Odds (Next 2 Days)[0m
[92m✓ Fetched odds for 9 total games[0m
[92m✓ Filtered to 9 games in next 2 days[0m

[1m[96mSTEP 6: Processing Games & Generating Picks[0m

[92m✓ Tracking data saved to /Users/rico/sports-models/nba/nba_picks_tracking.json[0m
[92m📝 LOGGED PICK: ✅ BET: Oklahoma City Thunder -10.5 (Edge: +10.6)[0m

[1m[92m✅ Analyzed 9 games with complete odds[0m

[93m📊 All picks sorted by edge (highest confidence first)[0m


[1m==========================================================================================[0m
[1m[93m🏀 NBA MODEL PREDICTIONS 🏀[0m
[1m==========================================================================================[0m

[1m[96mCleveland Cavaliers @ Washington Wizards[0m
  🕐 12/12/25 07:10 PM EST
  📊 Spread: Market +15.0 | Model -15.5
  🎯 Total: Market 243.5 | Model 227.1
  [93m⚠️ NO BET - Too close to call[0m
     [96mEdge too small (-0.5)[0m
  [92m✅ BET: UNDER 243.5[0m
     [96mModel projects 227 total points, bet the UNDER[0m
  📈 Predicted: Cleveland Cavaliers 121, Washington Wizards 106

[1m[96mUtah Jazz @ Memphis Grizzlies[0m
  🕐 12/12/25 08:10 PM EST
  [0m➖ NEUTRAL: Memphis Grizzlies - Average performance: 3-3 (50%) | -0.30u over 6 picks[0m
  📊 Spread: Market -7.5 | Model +20.4
  🎯 Total: Market 241.5 | Model 231.3
  [92m✅ BET: Memphis Grizzlies -7.5[0m
     [96mModel projects Memphis Grizzlies to win by 20.4, covering -7.5.[0m
  [92m✅ BET: UNDER 241.5[0m
     [96mModel projects 231 total points, bet the UNDER[0m
  📈 Predicted: Utah Jazz 105, Memphis Grizzlies 126

[1m[96mSan Antonio Spurs @ Oklahoma City Thunder[0m
  🕐 12/13/25 09:00 PM EST
  [92m✅ GOOD: Oklahoma City Thunder - Good record: 2-1 (67%) | +0.90u over 3 picks[0m
  📊 Spread: Market -10.5 | Model +21.1
  🎯 Total: Market 226.5 | Model 224.9
  [92m✅ BET: Oklahoma City Thunder -10.5[0m
     [96mModel projects Oklahoma City Thunder to win by 21.1, covering -10.5.[0m
  [93m⚠️ NO BET - Too close to call[0m
  📈 Predicted: San Antonio Spurs 102, Oklahoma City Thunder 123

[1m[96mMinnesota Timberwolves @ Golden State Warriors[0m
  🕐 12/12/25 10:10 PM EST
  📊 Spread: Market -1.5 | Model +3.6
  🎯 Total: Market 231.5 | Model 221.8
  [93m⚠️ NO BET - Too close to call[0m
     [96mEdge too small (+2.1)[0m
  [92m✅ BET: UNDER 231.5[0m
     [96mModel projects 222 total points, bet the UNDER[0m
  📈 Predicted: Minnesota Timberwolves 109, Golden State Warriors 113

[1m[96mNew York Knicks @ Orlando Magic[0m
  🕐 12/13/25 05:30 PM EST
  [92m🔥 HOT: Orlando Magic - Strong performer: 4-0 (100%) | +3.91u over 4 picks[0m
  📊 Spread: Market +4.0 | Model +4.3
  🎯 Total: Market 223.5 | Model 217.8
  [92m✅ BET: Orlando Magic +4.0[0m
     [96mModel projects Orlando Magic to win outright, easily covering +4.0.[0m
  [92m✅ BET: UNDER 223.5[0m
     [96mModel projects 218 total points, bet the UNDER[0m
  📈 Predicted: New York Knicks 107, Orlando Magic 111

[1m[96mChicago Bulls @ Charlotte Hornets[0m
  🕐 12/12/25 07:10 PM EST
  [92m✅ GOOD: Charlotte Hornets - Good record: 2-1 (67%) | +1.00u over 3 picks[0m
  📊 Spread: Market +3.5 | Model +0.6
  🎯 Total: Market 230.5 | Model 223.5
  [92m✅ BET: Charlotte Hornets +3.5[0m
     [96mModel projects Charlotte Hornets to win outright, easily covering +3.5.[0m
  [92m✅ BET: UNDER 230.5[0m
     [96mModel projects 224 total points, bet the UNDER[0m
  📈 Predicted: Chicago Bulls 111, Charlotte Hornets 112

[1m[96mIndiana Pacers @ Philadelphia 76ers[0m
  🕐 12/12/25 07:10 PM EST
  [92m🔥 HOT: Indiana Pacers - Strong performer: 5-2 (71%) | +2.80u over 7 picks[0m
  📊 Spread: Market -5.5 | Model -1.4
  🎯 Total: Market 224.5 | Model 226.4
  [92m✅ BET: Indiana Pacers +5.5[0m
     [96mModel projects Philadelphia 76ers to win by only 1.4, not enough to cover -5.5.[0m
  [93m⚠️ NO BET - Too close to call[0m
  📈 Predicted: Indiana Pacers 114, Philadelphia 76ers 112

[1m[96mAtlanta Hawks @ Detroit Pistons[0m
  🕐 12/12/25 07:10 PM EST
  📊 Spread: Market -7.5 | Model +5.6
  🎯 Total: Market 232.5 | Model 229.7
  [93m⚠️ NO BET - Too close to call[0m
     [96mEdge too small (-1.9)[0m
  [93m⚠️ NO BET - Too close to call[0m
  📈 Predicted: Atlanta Hawks 112, Detroit Pistons 118

[1m[96mBrooklyn Nets @ Dallas Mavericks[0m
  🕐 12/12/25 08:40 PM EST
  📊 Spread: Market -8.5 | Model +10.7
  🎯 Total: Market 221.5 | Model 221.8
  [93m⚠️ NO BET - Too close to call[0m
     [96mEdge too small (+2.2)[0m
  [93m⚠️ NO BET - Too close to call[0m
  📈 Predicted: Brooklyn Nets 106, Dallas Mavericks 116

[92m✓ CSV saved: /Users/rico/sports-models/nba/nba_model_output.csv[0m
[92m✓ HTML saved: /Users/rico/sports-models/nba/nba_model_output.html[0m

[1m[96mSTEP 7: Generating Final Tracking Dashboard[0m
[92m✓ Tracking dashboard saved: /Users/rico/sports-models/nba/nba_tracking_dashboard.html[0m

[1m==========================================================================================[0m
[1m[93m📊 TRACKING SUMMARY 📊[0m
[1m==========================================================================================[0m
[92mTotal Tracked Bets: 171[0m
[92mRecord: 98-67-0[0m
[92mWin Rate: 59.4%[0m
[92mProfit: +23.46 units[0m
[92mROI: +12.9%[0m
[1m==========================================================================================[0m

[96mUpdating unified dashboard...[0m
[92m✓ Dashboard updated[0m


==========================================
✅ Model completed successfully!
==========================================

📤 Pushing updates to GitHub...
[main db913f3] Update model outputs - 2025-12-12 10:01:18
 Committer: Ricardo Hill <rico@Ricos-M1-Mac-2.local>
Your name and email address were configured automatically based
on your username and hostname. Please check that they are accurate.
You can suppress this message by setting them explicitly. Run the
following command and follow the instructions in your editor to edit
your configuration file:

    git config --global --edit

After doing this, you may fix the identity used for this commit with:

    git commit --amend --reset-author

 4 files changed, 211 insertions(+), 104 deletions(-)
To https://github.com/BangLetsGetIt/NBA-NCAA-Betting-Models.git
   dd4fd15..db913f3  main -> main
✅ Successfully pushed to GitHub!
==========================================
NBA Model Run: Sat Dec 13 10:00:02 EST 2025
==========================================
Running NBA model...

[1m==========================================================================================[0m
[1m[96m🎲 IMPROVED NBA BETTING MODEL 🎲[0m
[1m[92m⚡ Enhanced Stats + Rest Days + Stricter Filters ⚡[0m
[1m==========================================================================================[0m

[1m[96mSTEP 1: Checking for Completed Games[0m

[96m==========================================================================================[0m
[96m🔄 UPDATING RESULTS FOR COMPLETED GAMES[0m
[96m==========================================================================================[0m

[93m📋 Checking 9 pending picks...[0m
[96mFetching completed NBA game scores...[0m
[92m✓ Fetched 23 games from API[0m
[92m✓ Found 13 completed games[0m
[92m✓ Tracking data saved to /Users/rico/sports-models/nba/nba_picks_tracking.json[0m

[93m⚠️  No new results found[0m
[92m✓ Tracking dashboard saved: /Users/rico/sports-models/nba/nba_tracking_dashboard.html[0m

[1m[96mSTEP 2: Fetching Composite Stats (Season + Form)[0m
[92m✓ Using cached composite stats (less than 6 hours old)[0m

[1m[96mSTEP 3: Fetching Home/Away Splits[0m
[92m✓ Using cached home/away splits (less than 6 hours old)[0m

[1m[96mSTEP 4: Fetching Team Schedules (Rest Days)[0m

[1m[96mSTEP 5: Fetching Live Odds (Next 2 Days)[0m
[92m✓ Fetched odds for 10 total games[0m
[92m✓ Filtered to 10 games in next 2 days[0m

[1m[96mSTEP 6: Processing Games & Generating Picks[0m


[1m[92m✅ Analyzed 10 games with complete odds[0m

[93m📊 All picks sorted by edge (highest confidence first)[0m


[1m==========================================================================================[0m
[1m[93m🏀 NBA MODEL PREDICTIONS 🏀[0m
[1m==========================================================================================[0m

[1m[96mGolden State Warriors @ Portland Trail Blazers[0m
  🕐 12/14/25 09:10 PM EST
  [96mℹ️ LIMITED: Portland Trail Blazers - Limited data: 1-1 (50%) | -0.10u (2 picks)[0m
  📊 Spread: Market +5.5 | Model -1.4
  🎯 Total: Market 235.5 | Model 220.6
  [92m✅ BET: Portland Trail Blazers +5.5[0m
     [96mModel projects Portland Trail Blazers to lose by only 1.4, covering +5.5.[0m
  [92m✅ BET: UNDER 235.5[0m
     [96mModel projects 221 total points, bet the UNDER[0m
  📈 Predicted: Golden State Warriors 111, Portland Trail Blazers 110

[1m[96mNew Orleans Pelicans @ Chicago Bulls[0m
  🕐 12/14/25 07:10 PM EST
  📊 Spread: Market -4.5 | Model +14.1
  🎯 Total: Market 242.5 | Model 228.0
  [92m✅ BET: Chicago Bulls -4.5[0m
     [96mModel projects Chicago Bulls to win by 14.1, covering -4.5.[0m
  [92m✅ BET: UNDER 242.5[0m
     [96mModel projects 228 total points, bet the UNDER[0m
  📈 Predicted: New Orleans Pelicans 107, Chicago Bulls 121

[1m[96mCharlotte Hornets @ Cleveland Cavaliers[0m
  🕐 12/14/25 03:40 PM EST
  [0m➖ NEUTRAL: Cleveland Cavaliers - Average performance: 2-2 (50%) | -0.20u over 4 picks[0m
  📊 Spread: Market -11.5 | Model +23.2
  🎯 Total: Market 235.5 | Model 222.3
  [92m✅ BET: Cleveland Cavaliers -11.5[0m
     [96mModel projects Cleveland Cavaliers to win by 23.2, covering -11.5.[0m
  [92m✅ BET: UNDER 235.5[0m
     [96mModel projects 222 total points, bet the UNDER[0m
  📈 Predicted: Charlotte Hornets 100, Cleveland Cavaliers 123

[1m[96mSan Antonio Spurs @ Oklahoma City Thunder[0m
  🕐 12/13/25 09:00 PM EST
  [92m✅ GOOD: Oklahoma City Thunder - Good record: 2-1 (67%) | +0.90u over 3 picks[0m
  📊 Spread: Market -10.5 | Model +21.1
  🎯 Total: Market 232.5 | Model 224.9
  [92m✅ BET: Oklahoma City Thunder -10.5[0m
     [96mModel projects Oklahoma City Thunder to win by 21.1, covering -10.5.[0m
  [92m✅ BET: UNDER 232.5[0m
     [96mModel projects 225 total points, bet the UNDER[0m
  📈 Predicted: San Antonio Spurs 102, Oklahoma City Thunder 123

[1m[96mNew York Knicks @ Orlando Magic[0m
  🕐 12/13/25 05:30 PM EST
  [92m🔥 HOT: Orlando Magic - Strong performer: 4-0 (100%) | +3.91u over 4 picks[0m
  📊 Spread: Market +5.5 | Model +4.3
  🎯 Total: Market 224.5 | Model 217.8
  [92m✅ BET: Orlando Magic +5.5[0m
     [96mModel projects Orlando Magic to win outright, easily covering +5.5.[0m
  [92m✅ BET: UNDER 224.5[0m
     [96mModel projects 218 total points, bet the UNDER[0m
  📈 Predicted: New York Knicks 107, Orlando Magic 111

[1m[96mWashington Wizards @ Indiana Pacers[0m
  🕐 12/14/25 03:10 PM EST
  [92m✅ GOOD: Indiana Pacers - Good record: 5-3 (62%) | +1.70u over 8 picks[0m
  📊 Spread: Market -10.0 | Model +18.8
  🎯 Total: Market 233.5 | Model 226.1
  [92m✅ BET: Indiana Pacers -10.0[0m
     [96mModel projects Indiana Pacers to win by 18.8, covering -10.0.[0m
  [92m✅ BET: UNDER 233.5[0m
     [96mModel projects 226 total points, bet the UNDER[0m
  📈 Predicted: Washington Wizards 104, Indiana Pacers 122

[1m[96mLos Angeles Lakers @ Phoenix Suns[0m
  🕐 12/14/25 08:10 PM EST
  [96mℹ️ LIMITED: Phoenix Suns - Limited data: 1-1 (50%) | -0.10u (2 picks)[0m
  📊 Spread: Market +2.0 | Model +6.4
  🎯 Total: Market 228.5 | Model 225.6
  [92m✅ BET: Phoenix Suns +2.0[0m
     [96mModel projects Phoenix Suns to win outright, easily covering +2.0.[0m
  [93m⚠️ NO BET - Too close to call[0m
  📈 Predicted: Los Angeles Lakers 110, Phoenix Suns 116

[1m[96mSacramento Kings @ Minnesota Timberwolves[0m
  🕐 12/14/25 07:10 PM EST
  📊 Spread: Market -12.5 | Model +10.8
  🎯 Total: Market 230.5 | Model 223.1
  [93m⚠️ NO BET - Too close to call[0m
     [96mEdge too small (-1.7)[0m
  [92m✅ BET: UNDER 230.5[0m
     [96mModel projects 223 total points, bet the UNDER[0m
  📈 Predicted: Sacramento Kings 106, Minnesota Timberwolves 117

[1m[96mMilwaukee Bucks @ Brooklyn Nets[0m
  🕐 12/14/25 06:10 PM EST
  📊 Spread: Market +1.5 | Model -3.4
  🎯 Total: Market 218.5 | Model 224.4
  [93m⚠️ NO BET - Too close to call[0m
     [96mEdge too small (-1.9)[0m
  [92m✅ BET: OVER 218.5[0m
     [96mModel projects 224 total points, bet the OVER[0m
  📈 Predicted: Milwaukee Bucks 114, Brooklyn Nets 110

[1m[96mPhiladelphia 76ers @ Atlanta Hawks[0m
  🕐 12/14/25 06:10 PM EST
  📊 Spread: Market -3.5 | Model +6.6
  🎯 Total: Market 233.5 | Model 228.7
  [92m✅ BET: Atlanta Hawks -3.5[0m
     [96mModel projects Atlanta Hawks to win by 6.6, covering -3.5.[0m
  [92m✅ BET: UNDER 233.5[0m
     [96mModel projects 229 total points, bet the UNDER[0m
  📈 Predicted: Philadelphia 76ers 111, Atlanta Hawks 118

[92m✓ CSV saved: /Users/rico/sports-models/nba/nba_model_output.csv[0m
[92m✓ HTML saved: /Users/rico/sports-models/nba/nba_model_output.html[0m

[1m[96mSTEP 7: Generating Final Tracking Dashboard[0m
[92m✓ Tracking dashboard saved: /Users/rico/sports-models/nba/nba_tracking_dashboard.html[0m

[1m==========================================================================================[0m
[1m[93m📊 TRACKING SUMMARY 📊[0m
[1m==========================================================================================[0m
[92mTotal Tracked Bets: 179[0m
[92mRecord: 98-72-0[0m
[92mWin Rate: 57.6%[0m
[92mProfit: +17.96 units[0m
[92mROI: +9.6%[0m
[1m==========================================================================================[0m

[96mUpdating unified dashboard...[0m
[92m✓ Dashboard updated[0m


==========================================
✅ Model completed successfully!
==========================================

📤 Pushing updates to GitHub...
[main ec55e85] Update model outputs - 2025-12-13 10:00:05
 Committer: Ricardo Hill <rico@Ricos-M1-Mac-2.local>
Your name and email address were configured automatically based
on your username and hostname. Please check that they are accurate.
You can suppress this message by setting them explicitly. Run the
following command and follow the instructions in your editor to edit
your configuration file:

    git config --global --edit

After doing this, you may fix the identity used for this commit with:

    git commit --amend --reset-author

 3 files changed, 35 insertions(+), 35 deletions(-)
To https://github.com/BangLetsGetIt/NBA-NCAA-Betting-Models.git
   3df5e92..ec55e85  main -> main
✅ Successfully pushed to GitHub!
==========================================
NBA Model Run: Sun Dec 14 10:00:00 EST 2025
==========================================
Running NBA model...

[1m==========================================================================================[0m
[1m[96m🎲 IMPROVED NBA BETTING MODEL 🎲[0m
[1m[92m⚡ Enhanced Stats + Rest Days + Stricter Filters ⚡[0m
[1m==========================================================================================[0m

[1m[96mSTEP 1: Checking for Completed Games[0m

[96m==========================================================================================[0m
[96m🔄 UPDATING RESULTS FOR COMPLETED GAMES[0m
[96m==========================================================================================[0m

[93m📋 Checking 7 pending picks...[0m
[96mFetching completed NBA game scores...[0m
[92m✓ Fetched 22 games from API[0m
[92m✓ Found 13 completed games[0m
[92m✓ Tracking data saved to /Users/rico/sports-models/nba/nba_picks_tracking.json[0m

[93m⚠️  No new results found[0m
[92m✓ Tracking dashboard saved: /Users/rico/sports-models/nba/nba_tracking_dashboard.html[0m

[1m[96mSTEP 2: Fetching Composite Stats (Season + Form)[0m
[96m🔄 Fetching new team stats from stats.nba.com...[0m
[92m✓ Fetched and cached stats for 76 teams[0m

[1m[96mSTEP 3: Fetching Home/Away Splits[0m
[96m🔄 Fetching home/away splits from stats.nba.com...[0m
[92m✓ Fetched and cached home/away splits[0m

[1m[96mSTEP 4: Fetching Team Schedules (Rest Days)[0m
[96m🔄 Fetching team schedules...[0m
[92m✓ Fetched schedules for 1 teams[0m

[1m[96mSTEP 5: Fetching Live Odds (Next 2 Days)[0m
[92m✓ Fetched odds for 9 total games[0m
[92m✓ Filtered to 8 games in next 2 days[0m

[1m[96mSTEP 6: Processing Games & Generating Picks[0m


[1m[92m✅ Analyzed 8 games with complete odds[0m

[93m📊 All picks sorted by A.I. Rating (quality/confidence first)[0m


[1m==========================================================================================[0m
[1m[93m🏀 NBA MODEL PREDICTIONS 🏀[0m
[1m==========================================================================================[0m

[1m[96mNew Orleans Pelicans @ Chicago Bulls[0m
  🕐 12/14/25 07:10 PM EST
  [92m[1m🎯 A.I. Rating: 4.9 ⭐⭐ (PREMIUM PLAY)[0m
  📊 Spread: Market -4.5 | Model +14.1
  🎯 Total: Market 247.5 | Model 228.0
  [92m✅ BET: Chicago Bulls -4.5[0m
     [96mModel projects Chicago Bulls to win by 14.1, covering -4.5.[0m
  [92m✅ BET: UNDER 247.5[0m
     [96mModel projects 228 total points, bet the UNDER[0m
  📈 Predicted: New Orleans Pelicans 107, Chicago Bulls 121

[1m[96mGolden State Warriors @ Portland Trail Blazers[0m
  🕐 12/14/25 09:10 PM EST
  [92m[1m🎯 A.I. Rating: 4.9 ⭐⭐ (PREMIUM PLAY)[0m
  📊 Spread: Market +4.0 | Model -1.4
  🎯 Total: Market 235.5 | Model 220.6
  [93m⚠️ NO BET - Too close to call[0m
     [96mEdge too small (+2.6)[0m
  [92m✅ BET: UNDER 235.5[0m
     [96mModel projects 221 total points, bet the UNDER[0m
  📈 Predicted: Golden State Warriors 111, Portland Trail Blazers 110

[1m[96mCharlotte Hornets @ Cleveland Cavaliers[0m
  🕐 12/14/25 03:40 PM EST
  [92m[1m🎯 A.I. Rating: 4.6 ⭐⭐ (PREMIUM PLAY)[0m
  [0m➖ NEUTRAL: Cleveland Cavaliers - Average performance: 2-2 (50%) | -0.20u over 4 picks[0m
  📊 Spread: Market -11.0 | Model +23.2
  🎯 Total: Market 231.5 | Model 222.3
  [92m✅ BET: Cleveland Cavaliers -11.0[0m
     [96mModel projects Cleveland Cavaliers to win by 23.2, covering -11.0.[0m
  [92m✅ BET: UNDER 231.5[0m
     [96mModel projects 222 total points, bet the UNDER[0m
  📈 Predicted: Charlotte Hornets 100, Cleveland Cavaliers 123

[1m[96mWashington Wizards @ Indiana Pacers[0m
  🕐 12/14/25 03:10 PM EST
  [92m[1m🎯 A.I. Rating: 4.3 ⭐⭐ (STRONG PLAY)[0m
  [92m✅ GOOD: Indiana Pacers - Good record: 5-3 (62%) | +1.70u over 8 picks[0m
  📊 Spread: Market -9.5 | Model +18.8
  🎯 Total: Market 235.5 | Model 226.1
  [92m✅ BET: Indiana Pacers -9.5[0m
     [96mModel projects Indiana Pacers to win by 18.8, covering -9.5.[0m
  [92m✅ BET: UNDER 235.5[0m
     [96mModel projects 226 total points, bet the UNDER[0m
  📈 Predicted: Washington Wizards 104, Indiana Pacers 122

[1m[96mSacramento Kings @ Minnesota Timberwolves[0m
  🕐 12/14/25 07:10 PM EST
  [92m[1m🎯 A.I. Rating: 4.2 ⭐⭐ (STRONG PLAY)[0m
  📊 Spread: Market -12.5 | Model +10.8
  🎯 Total: Market 233.5 | Model 223.1
  [93m⚠️ NO BET - Too close to call[0m
     [96mEdge too small (-1.7)[0m
  [92m✅ BET: UNDER 233.5[0m
     [96mModel projects 223 total points, bet the UNDER[0m
  📈 Predicted: Sacramento Kings 106, Minnesota Timberwolves 117

[1m[96mLos Angeles Lakers @ Phoenix Suns[0m
  🕐 12/14/25 08:10 PM EST
  [96m[1m🎯 A.I. Rating: 3.6 ⭐ (GOOD PLAY)[0m
  [96mℹ️ LIMITED: Phoenix Suns - Limited data: 1-1 (50%) | -0.10u (2 picks)[0m
  📊 Spread: Market +1.5 | Model +6.4
  🎯 Total: Market 230.5 | Model 225.6
  [92m✅ BET: Phoenix Suns +1.5[0m
     [96mModel projects Phoenix Suns to win outright, easily covering +1.5.[0m
  [92m✅ BET: UNDER 230.5[0m
     [96mModel projects 226 total points, bet the UNDER[0m
  📈 Predicted: Los Angeles Lakers 110, Phoenix Suns 116

[1m[96mMilwaukee Bucks @ Brooklyn Nets[0m
  🕐 12/14/25 06:10 PM EST
  [96m[1m🎯 A.I. Rating: 3.5 ⭐ (GOOD PLAY)[0m
  📊 Spread: Market +1.5 | Model -3.4
  🎯 Total: Market 216.5 | Model 224.4
  [93m⚠️ NO BET - Too close to call[0m
     [96mEdge too small (-1.9)[0m
  [92m✅ BET: OVER 216.5[0m
     [96mModel projects 224 total points, bet the OVER[0m
  📈 Predicted: Milwaukee Bucks 114, Brooklyn Nets 110

[1m[96mPhiladelphia 76ers @ Atlanta Hawks[0m
  🕐 12/14/25 06:10 PM EST
  [93m[1m🎯 A.I. Rating: 2.7  (MARGINAL PLAY)[0m
  📊 Spread: Market -4.5 | Model +6.6
  🎯 Total: Market 226.5 | Model 228.7
  [93m⚠️ NO BET - Too close to call[0m
     [96mEdge too small (+2.1)[0m
  [93m⚠️ NO BET - Too close to call[0m
  📈 Predicted: Philadelphia 76ers 111, Atlanta Hawks 118

[92m✓ CSV saved: /Users/rico/sports-models/nba/nba_model_output.csv[0m
[92m✓ HTML saved: /Users/rico/sports-models/nba/nba_model_output.html[0m

[1m[96mSTEP 7: Generating Final Tracking Dashboard[0m
[92m✓ Tracking dashboard saved: /Users/rico/sports-models/nba/nba_tracking_dashboard.html[0m

[1m==========================================================================================[0m
[1m[93m📊 TRACKING SUMMARY 📊[0m
[1m==========================================================================================[0m
[92mTotal Tracked Bets: 179[0m
[92mRecord: 98-74-0[0m
[92mWin Rate: 57.0%[0m
[92mProfit: +15.76 units[0m
[92mROI: +8.3%[0m
[1m==========================================================================================[0m

[96mUpdating unified dashboard...[0m
[92m✓ Dashboard updated[0m


==========================================
✅ Model completed successfully!
==========================================

📤 Pushing updates to GitHub...
[main 1f6e087] Update model outputs - 2025-12-14 10:01:03
 Committer: Ricardo Hill <rico@Ricos-M1-Mac-2.local>
Your name and email address were configured automatically based
on your username and hostname. Please check that they are accurate.
You can suppress this message by setting them explicitly. Run the
following command and follow the instructions in your editor to edit
your configuration file:

    git config --global --edit

After doing this, you may fix the identity used for this commit with:

    git commit --amend --reset-author

 3 files changed, 80 insertions(+), 80 deletions(-)
To https://github.com/BangLetsGetIt/NBA-NCAA-Betting-Models.git
   a7c9e3a..1f6e087  main -> main
✅ Successfully pushed to GitHub!
==========================================
NBA Model Run: Wed Dec 17 10:00:03 EST 2025
==========================================
Running NBA model...

[1m==========================================================================================[0m
[1m[96m🎲 IMPROVED NBA BETTING MODEL 🎲[0m
[1m[92m⚡ Enhanced Stats + Rest Days + Stricter Filters ⚡[0m
[1m==========================================================================================[0m

[1m[96mSTEP 1: Checking for Completed Games[0m

[96m==========================================================================================[0m
[96m🔄 UPDATING RESULTS FOR COMPLETED GAMES[0m
[96m==========================================================================================[0m

[93m📋 Checking 4 pending picks...[0m
[96mFetching completed NBA game scores...[0m
[92m✓ Fetched 26 games from API[0m
[92m✓ Found 14 completed games[0m
[92m✓ Tracking data saved to /Users/rico/sports-models/nba/nba_picks_tracking.json[0m

[93m⚠️  No new results found[0m
[92m✓ Tracking dashboard saved: /Users/rico/sports-models/nba/nba_tracking_dashboard.html[0m

[1m[96mSTEP 2: Fetching Composite Stats (Season + Form)[0m
[92m✓ Using cached composite stats (less than 6 hours old)[0m

[1m[96mSTEP 3: Fetching Home/Away Splits[0m
[92m✓ Using cached home/away splits (less than 6 hours old)[0m

[1m[96mSTEP 4: Fetching Team Schedules (Rest Days)[0m

[1m[96mSTEP 5: Fetching Live Odds (Next 2 Days)[0m
[92m✓ Fetched odds for 12 total games[0m
[92m✓ Filtered to 12 games in next 2 days[0m

[1m[96mSTEP 6: Processing Games & Generating Picks[0m

[91m❌ Missing stats for Oklahoma City Thunder or Los Angeles Clippers[0m
[91m❌ Missing stats for Oklahoma City Thunder or Los Angeles Clippers[0m
[91m❌ Skipping Los Angeles Clippers @ Oklahoma City Thunder - missing model data[0m

[1m[92m✅ Analyzed 11 games with complete odds[0m

[93m📊 All picks sorted by A.I. Rating (quality/confidence first)[0m


[1m==========================================================================================[0m
[1m[93m🏀 NBA MODEL PREDICTIONS 🏀[0m
[1m==========================================================================================[0m

[1m[96mToronto Raptors @ Milwaukee Bucks[0m
  🕐 12/18/25 08:10 PM EST
  [92m[1m🎯 A.I. Rating: 4.9 ⭐⭐ (PREMIUM PLAY)[0m
  [91m🚫 COLD: Milwaukee Bucks - Poor performer: 2-5 (29%) | -3.59u over 7 picks[0m
  📊 Spread: Market +4.5 | Model +13.6
  🎯 Total: Market 219.5 | Model 226.6
  [92m✅ BET: Milwaukee Bucks +4.5[0m
     [96mModel projects Milwaukee Bucks to win outright, easily covering +4.5.[0m
  [92m✅ BET: OVER 219.5[0m
     [96mModel projects 227 total points, bet the OVER[0m
  📈 Predicted: Toronto Raptors 106, Milwaukee Bucks 120

[1m[96mLos Angeles Lakers @ Utah Jazz[0m
  🕐 12/18/25 09:10 PM EST
  [92m[1m🎯 A.I. Rating: 4.9 ⭐⭐ (PREMIUM PLAY)[0m
  [96mℹ️ LIMITED: Utah Jazz - Limited data: 1-0 (100%) | +1.00u (1 pick)[0m
  📊 Spread: Market +6.5 | Model -2.0
  🎯 Total: Market 242.5 | Model 226.1
  [92m✅ BET: Utah Jazz +6.5[0m
     [96mModel projects Utah Jazz to lose by only 2.0, covering +6.5.[0m
  [92m✅ BET: UNDER 242.5[0m
     [96mModel projects 226 total points, bet the UNDER[0m
  📈 Predicted: Los Angeles Lakers 114, Utah Jazz 112

[1m[96mSacramento Kings @ Portland Trail Blazers[0m
  🕐 12/18/25 10:10 PM EST
  [92m[1m🎯 A.I. Rating: 4.8 ⭐⭐ (PREMIUM PLAY)[0m
  [91m🚫 COLD: Sacramento Kings - Poor performer: 1-3 (25%) | -2.30u over 4 picks[0m
  📊 Spread: Market -7.5 | Model +3.8
  🎯 Total: Market 236.5 | Model 222.0
  [92m✅ BET: Sacramento Kings +7.5[0m
     [96mModel projects Portland Trail Blazers to win by only 3.8, not enough to cover -7.5.[0m
  [92m✅ BET: UNDER 236.5[0m
     [96mModel projects 222 total points, bet the UNDER[0m
  📈 Predicted: Sacramento Kings 109, Portland Trail Blazers 113

[1m[96mHouston Rockets @ New Orleans Pelicans[0m
  🕐 12/18/25 08:10 PM EST
  [92m[1m🎯 A.I. Rating: 4.4 ⭐⭐ (STRONG PLAY)[0m
  [92m🔥 HOT: New Orleans Pelicans - Strong performer: 4-1 (80%) | +2.90u over 5 picks[0m
  📊 Spread: Market +10.5 | Model -5.9
  🎯 Total: Market 235.5 | Model 224.2
  [92m✅ BET: New Orleans Pelicans +10.5[0m
     [96mModel projects New Orleans Pelicans to lose by only 5.9, covering +10.5.[0m
  [92m✅ BET: UNDER 235.5[0m
     [96mModel projects 224 total points, bet the UNDER[0m
  📈 Predicted: Houston Rockets 115, New Orleans Pelicans 109

[1m[96mOrlando Magic @ Denver Nuggets[0m
  🕐 12/18/25 09:10 PM EST
  [92m[1m🎯 A.I. Rating: 4.3 ⭐⭐ (STRONG PLAY)[0m
  📊 Spread: Market -7.5 | Model +11.0
  🎯 Total: Market 232.5 | Model 221.1
  [92m✅ BET: Denver Nuggets -7.5[0m
     [96mModel projects Denver Nuggets to win by 11.0, covering -7.5.[0m
  [92m✅ BET: UNDER 232.5[0m
     [96mModel projects 221 total points, bet the UNDER[0m
  📈 Predicted: Orlando Magic 105, Denver Nuggets 116

[1m[96mCleveland Cavaliers @ Chicago Bulls[0m
  🕐 12/17/25 08:10 PM EST
  [92m[1m🎯 A.I. Rating: 4.2 ⭐⭐ (STRONG PLAY)[0m
  📊 Spread: Market +5.5 | Model -5.8
  🎯 Total: Market 242.5 | Model 232.6
  [93m⚠️ NO BET - Too close to call[0m
     [96mEdge too small (-0.3)[0m
  [92m✅ BET: UNDER 242.5[0m
     [96mModel projects 233 total points, bet the UNDER[0m
  📈 Predicted: Cleveland Cavaliers 119, Chicago Bulls 113

[1m[96mDetroit Pistons @ Dallas Mavericks[0m
  🕐 12/18/25 08:40 PM EST
  [92m[1m🎯 A.I. Rating: 4.1 ⭐⭐ (STRONG PLAY)[0m
  [92m✅ GOOD: Dallas Mavericks - Good record: 4-2 (67%) | +1.90u over 6 picks[0m
  📊 Spread: Market +5.5 | Model +3.0
  🎯 Total: Market 231.5 | Model 225.6
  [92m✅ BET: Dallas Mavericks +5.5[0m
     [96mModel projects Dallas Mavericks to win outright, easily covering +5.5.[0m
  [92m✅ BET: UNDER 231.5[0m
     [96mModel projects 226 total points, bet the UNDER[0m
  📈 Predicted: Detroit Pistons 111, Dallas Mavericks 114

[1m[96mAtlanta Hawks @ Charlotte Hornets[0m
  🕐 12/18/25 07:10 PM EST
  [96m[1m🎯 A.I. Rating: 3.6 ⭐ (GOOD PLAY)[0m
  [92m✅ GOOD: Charlotte Hornets - Good record: 2-1 (67%) | +1.00u over 3 picks[0m
  📊 Spread: Market +4.5 | Model -0.4
  🎯 Total: Market 231.5 | Model 223.6
  [92m✅ BET: Charlotte Hornets +4.5[0m
     [96mModel projects Charlotte Hornets to lose by only 0.4, covering +4.5.[0m
  [92m✅ BET: UNDER 231.5[0m
     [96mModel projects 224 total points, bet the UNDER[0m
  📈 Predicted: Atlanta Hawks 112, Charlotte Hornets 112

[1m[96mMiami Heat @ Brooklyn Nets[0m
  🕐 12/18/25 07:40 PM EST
  [93m[1m🎯 A.I. Rating: 3.4 ⭐ (STANDARD PLAY)[0m
  [92m🔥 HOT: Brooklyn Nets - Strong performer: 3-1 (75%) | +1.90u over 4 picks[0m
  📊 Spread: Market +7.5 | Model -4.4
  🎯 Total: Market 226.5 | Model 220.1
  [92m✅ BET: Brooklyn Nets +7.5[0m
     [96mModel projects Brooklyn Nets to lose by only 4.4, covering +7.5.[0m
  [92m✅ BET: UNDER 226.5[0m
     [96mModel projects 220 total points, bet the UNDER[0m
  📈 Predicted: Miami Heat 112, Brooklyn Nets 108

[1m[96mGolden State Warriors @ Phoenix Suns[0m
  🕐 12/18/25 09:10 PM EST
  [93m[1m🎯 A.I. Rating: 2.9  (MARGINAL PLAY)[0m
  📊 Spread: Market +1.5 | Model -1.0
  🎯 Total: Market 228.5 | Model 224.6
  [93m⚠️ NO BET - Too close to call[0m
     [96mEdge too small (+0.5)[0m
  [93m⚠️ NO BET - Too close to call[0m
  📈 Predicted: Golden State Warriors 113, Phoenix Suns 112

[1m[96mMemphis Grizzlies @ Minnesota Timberwolves[0m
  🕐 12/17/25 08:10 PM EST
  [93m[1m🎯 A.I. Rating: 2.7  (MARGINAL PLAY)[0m
  📊 Spread: Market -7.5 | Model +8.0
  🎯 Total: Market 230.5 | Model 228.1
  [93m⚠️ NO BET - Too close to call[0m
     [96mEdge too small (+0.5)[0m
  [93m⚠️ NO BET - Too close to call[0m
  📈 Predicted: Memphis Grizzlies 110, Minnesota Timberwolves 118

[92m✓ CSV saved: /Users/rico/sports-models/nba/nba_model_output.csv[0m
[92m✓ HTML saved: /Users/rico/sports-models/nba/nba_model_output.html[0m

[1m[96mSTEP 7: Generating Final Tracking Dashboard[0m
[92m✓ Tracking dashboard saved: /Users/rico/sports-models/nba/nba_tracking_dashboard.html[0m

[1m==========================================================================================[0m
[1m[93m📊 TRACKING SUMMARY 📊[0m
[1m==========================================================================================[0m
[92mTotal Tracked Bets: 194[0m
[92mRecord: 105-84-1[0m
[92mWin Rate: 55.6%[0m
[92mProfit: +11.76 units[0m
[92mROI: +5.7%[0m
[1m==========================================================================================[0m

[96mUpdating unified dashboard...[0m
[92m✓ Dashboard updated[0m


==========================================
✅ Model completed successfully!
==========================================

📤 Pushing updates to GitHub...
[main 4d71a1a] Update model outputs - 2025-12-17 10:00:08
 Committer: Ricardo Hill <rico@Ricos-M1-Mac-2.local>
Your name and email address were configured automatically based
on your username and hostname. Please check that they are accurate.
You can suppress this message by setting them explicitly. Run the
following command and follow the instructions in your editor to edit
your configuration file:

    git config --global --edit

After doing this, you may fix the identity used for this commit with:

    git commit --amend --reset-author

 3 files changed, 37 insertions(+), 39 deletions(-)
To https://github.com/BangLetsGetIt/NBA-NCAA-Betting-Models.git
   57d980e..4d71a1a  main -> main
✅ Successfully pushed to GitHub!
==========================================
NBA Model Run: Thu Dec 18 10:00:03 EST 2025
==========================================
Running NBA model...

[1m==========================================================================================[0m
[1m[96m🎲 IMPROVED NBA BETTING MODEL 🎲[0m
[1m[92m⚡ Enhanced Stats + Rest Days + Stricter Filters ⚡[0m
[1m==========================================================================================[0m

[1m[96mSTEP 1: Checking for Completed Games[0m

[96m==========================================================================================[0m
[96m🔄 UPDATING RESULTS FOR COMPLETED GAMES[0m
[96m==========================================================================================[0m

[93m📋 Checking 8 pending picks...[0m
[96mFetching completed NBA game scores...[0m
[92m✓ Fetched 20 games from API[0m
[92m✓ Found 8 completed games[0m
[92m✓ Tracking data saved to /Users/rico/sports-models/nba/nba_picks_tracking.json[0m

[93m⚠️  No new results found[0m
[92m✓ Tracking dashboard saved: /Users/rico/sports-models/nba/nba_tracking_dashboard.html[0m

[1m[96mSTEP 2: Fetching Composite Stats (Season + Form)[0m
[96m🔄 Fetching new team stats from stats.nba.com...[0m
[92m✓ Fetched and cached stats for 76 teams[0m

[1m[96mSTEP 3: Fetching Home/Away Splits[0m
[96m🔄 Fetching home/away splits from stats.nba.com...[0m
[92m✓ Fetched and cached home/away splits[0m

[1m[96mSTEP 4: Fetching Team Schedules (Rest Days)[0m

[1m[96mSTEP 5: Fetching Live Odds (Next 2 Days)[0m
[92m✓ Fetched odds for 12 total games[0m
[92m✓ Filtered to 12 games in next 2 days[0m

[1m[96mSTEP 6: Processing Games & Generating Picks[0m

[91m❌ Missing stats for Oklahoma City Thunder or Los Angeles Clippers[0m
[91m❌ Missing stats for Oklahoma City Thunder or Los Angeles Clippers[0m
[91m❌ Skipping Los Angeles Clippers @ Oklahoma City Thunder - missing model data[0m
[92m✓ Tracking data saved to /Users/rico/sports-models/nba/nba_picks_tracking.json[0m
[92m✓ Updated CLV data for existing picks[0m

[1m[92m✅ Analyzed 11 games with complete odds[0m

[93m📊 All picks sorted by A.I. Rating (quality/confidence first)[0m


[1m==========================================================================================[0m
[1m[93m🏀 NBA MODEL PREDICTIONS 🏀[0m
[1m==========================================================================================[0m

[1m[96mToronto Raptors @ Milwaukee Bucks[0m
  🕐 12/18/25 08:10 PM EST
  [92m[1m🎯 A.I. Rating: 4.9 ⭐⭐ (PREMIUM PLAY)[0m
  [91m🚫 COLD: Milwaukee Bucks - Poor performer: 2-5 (29%) | -3.59u over 7 picks[0m
  📊 Spread: Market +5.0 | Model +13.6
  🎯 Total: Market 220.5 | Model 226.6
  [92m✅ BET: Milwaukee Bucks +5.0[0m
     [96mModel projects Milwaukee Bucks to win outright, easily covering +5.0.[0m
  [92m✅ BET: OVER 220.5[0m
     [96mModel projects 227 total points, bet the OVER[0m
  📈 Predicted: Toronto Raptors 106, Milwaukee Bucks 120

[1m[96mWashington Wizards @ San Antonio Spurs[0m
  🕐 12/18/25 08:10 PM EST
  [92m[1m🎯 A.I. Rating: 4.9 ⭐⭐ (PREMIUM PLAY)[0m
  📊 Spread: Market -14.5 | Model +13.0
  🎯 Total: Market 240.5 | Model 222.9
  [93m⚠️ NO BET - Too close to call[0m
     [96mEdge too small (-1.5)[0m
  [92m✅ BET: UNDER 240.5[0m
     [96mModel projects 223 total points, bet the UNDER[0m
  📈 Predicted: Washington Wizards 105, San Antonio Spurs 118

[1m[96mLos Angeles Lakers @ Utah Jazz[0m
  🕐 12/18/25 09:10 PM EST
  [92m[1m🎯 A.I. Rating: 4.9 ⭐⭐ (PREMIUM PLAY)[0m
  [96mℹ️ LIMITED: Utah Jazz - Limited data: 1-0 (100%) | +1.00u (1 pick)[0m
  📊 Spread: Market +7.5 | Model -2.0
  🎯 Total: Market 243.5 | Model 226.1
  [92m✅ BET: Utah Jazz +7.5[0m
     [96mModel projects Utah Jazz to lose by only 2.0, covering +7.5.[0m
  [92m✅ BET: UNDER 243.5[0m
     [96mModel projects 226 total points, bet the UNDER[0m
  📈 Predicted: Los Angeles Lakers 114, Utah Jazz 112

[1m[96mAtlanta Hawks @ Charlotte Hornets[0m
  🕐 12/18/25 07:10 PM EST
  [92m[1m🎯 A.I. Rating: 4.9 ⭐⭐ (PREMIUM PLAY)[0m
  [92m✅ GOOD: Charlotte Hornets - Good record: 2-1 (67%) | +1.00u over 3 picks[0m
  📊 Spread: Market +5.5 | Model -0.4
  🎯 Total: Market 239.5 | Model 223.6
  [92m✅ BET: Charlotte Hornets +5.5[0m
     [96mModel projects Charlotte Hornets to lose by only 0.4, covering +5.5.[0m
  [92m✅ BET: UNDER 239.5[0m
     [96mModel projects 224 total points, bet the UNDER[0m
  📈 Predicted: Atlanta Hawks 112, Charlotte Hornets 112

[1m[96mSacramento Kings @ Portland Trail Blazers[0m
  🕐 12/18/25 10:10 PM EST
  [92m[1m🎯 A.I. Rating: 4.9 ⭐⭐ (PREMIUM PLAY)[0m
  [91m🚫 COLD: Sacramento Kings - Poor performer: 1-3 (25%) | -2.30u over 4 picks[0m
  📊 Spread: Market -9.0 | Model +3.8
  🎯 Total: Market 237.5 | Model 222.0
  [92m✅ BET: Sacramento Kings +9.0[0m
     [96mModel projects Portland Trail Blazers to win by only 3.8, not enough to cover -9.0.[0m
  [92m✅ BET: UNDER 237.5[0m
     [96mModel projects 222 total points, bet the UNDER[0m
  📈 Predicted: Sacramento Kings 109, Portland Trail Blazers 113

[1m[96mOrlando Magic @ Denver Nuggets[0m
  🕐 12/18/25 09:10 PM EST
  [92m[1m🎯 A.I. Rating: 4.9 ⭐⭐ (PREMIUM PLAY)[0m
  📊 Spread: Market -6.5 | Model +11.0
  🎯 Total: Market 236.5 | Model 221.1
  [92m✅ BET: Denver Nuggets -6.5[0m
     [96mModel projects Denver Nuggets to win by 11.0, covering -6.5.[0m
  [92m✅ BET: UNDER 236.5[0m
     [96mModel projects 221 total points, bet the UNDER[0m
  📈 Predicted: Orlando Magic 105, Denver Nuggets 116

[1m[96mHouston Rockets @ New Orleans Pelicans[0m
  🕐 12/18/25 08:10 PM EST
  [92m[1m🎯 A.I. Rating: 4.2 ⭐⭐ (STRONG PLAY)[0m
  [92m🔥 HOT: New Orleans Pelicans - Strong performer: 4-1 (80%) | +2.90u over 5 picks[0m
  📊 Spread: Market +9.5 | Model -5.9
  🎯 Total: Market 234.5 | Model 224.2
  [92m✅ BET: New Orleans Pelicans +9.5[0m
     [96mModel projects New Orleans Pelicans to lose by only 5.9, covering +9.5.[0m
  [92m✅ BET: UNDER 234.5[0m
     [96mModel projects 224 total points, bet the UNDER[0m
  📈 Predicted: Houston Rockets 115, New Orleans Pelicans 109

[1m[96mNew York Knicks @ Indiana Pacers[0m
  🕐 12/18/25 07:10 PM EST
  [92m[1m🎯 A.I. Rating: 4.1 ⭐⭐ (STRONG PLAY)[0m
  [96m📊 NEUTRAL+: Indiana Pacers - Slightly above average: 5-4 (56%) | +0.60u over 9 picks[0m
  📊 Spread: Market +4.0 | Model +6.1
  🎯 Total: Market 225.5 | Model 225.4
  [92m✅ BET: Indiana Pacers +4.0[0m
     [96mModel projects Indiana Pacers to win outright, easily covering +4.0.[0m
  [93m⚠️ NO BET - Too close to call[0m
  📈 Predicted: New York Knicks 110, Indiana Pacers 116

[1m[96mDetroit Pistons @ Dallas Mavericks[0m
  🕐 12/18/25 08:40 PM EST
  [92m[1m🎯 A.I. Rating: 4.1 ⭐⭐ (STRONG PLAY)[0m
  [92m✅ GOOD: Dallas Mavericks - Good record: 4-2 (67%) | +1.90u over 6 picks[0m
  📊 Spread: Market +6.0 | Model +3.0
  🎯 Total: Market 228.5 | Model 225.6
  [92m✅ BET: Dallas Mavericks +6.0[0m
     [96mModel projects Dallas Mavericks to win outright, easily covering +6.0.[0m
  [93m⚠️ NO BET - Too close to call[0m
  📈 Predicted: Detroit Pistons 111, Dallas Mavericks 114

[1m[96mGolden State Warriors @ Phoenix Suns[0m
  🕐 12/18/25 09:10 PM EST
  [93m[1m🎯 A.I. Rating: 3.4 ⭐ (STANDARD PLAY)[0m
  📊 Spread: Market +1.5 | Model -1.0
  🎯 Total: Market 231.5 | Model 224.6
  [93m⚠️ NO BET - Too close to call[0m
     [96mEdge too small (+0.5)[0m
  [92m✅ BET: UNDER 231.5[0m
     [96mModel projects 225 total points, bet the UNDER[0m
  📈 Predicted: Golden State Warriors 113, Phoenix Suns 112

[1m[96mMiami Heat @ Brooklyn Nets[0m
  🕐 12/18/25 07:40 PM EST
  [93m[1m🎯 A.I. Rating: 3.3 ⭐ (STANDARD PLAY)[0m
  📊 Spread: Market +6.5 | Model -4.4
  🎯 Total: Market 226.5 | Model 220.1
  [93m⚠️ NO BET - Too close to call[0m
     [96mEdge too small (+2.1)[0m
  [92m✅ BET: UNDER 226.5[0m
     [96mModel projects 220 total points, bet the UNDER[0m
  📈 Predicted: Miami Heat 112, Brooklyn Nets 108

[92m✓ CSV saved: /Users/rico/sports-models/nba/nba_model_output.csv[0m
[92m✓ HTML saved: /Users/rico/sports-models/nba/nba_model_output.html[0m

[1m[96mSTEP 7: Generating Final Tracking Dashboard[0m
[92m✓ Tracking dashboard saved: /Users/rico/sports-models/nba/nba_tracking_dashboard.html[0m

[1m==========================================================================================[0m
[1m[93m📊 TRACKING SUMMARY 📊[0m
[1m==========================================================================================[0m
[92mTotal Tracked Bets: 198[0m
[92mRecord: 105-84-1[0m
[92mWin Rate: 55.6%[0m
[92mProfit: +11.76 units[0m
[92mROI: +5.7%[0m
[1m==========================================================================================[0m

[96mUpdating unified dashboard...[0m
[92m✓ Dashboard updated[0m


==========================================
✅ Model completed successfully!
==========================================

📤 Pushing updates to GitHub...
[main d8e9bd1] Update model outputs - 2025-12-18 10:01:08
 Committer: Ricardo Hill <rico@Ricos-M1-Mac-2.local>
Your name and email address were configured automatically based
on your username and hostname. Please check that they are accurate.
You can suppress this message by setting them explicitly. Run the
following command and follow the instructions in your editor to edit
your configuration file:

    git config --global --edit

After doing this, you may fix the identity used for this commit with:

    git commit --amend --reset-author

 4 files changed, 93 insertions(+), 93 deletions(-)
To https://github.com/BangLetsGetIt/NBA-NCAA-Betting-Models.git
   c7a84b5..d8e9bd1  main -> main
✅ Successfully pushed to GitHub!
==========================================
NBA Model Run: Fri Dec 19 10:00:03 EST 2025
==========================================
Running NBA model...

[1m==========================================================================================[0m
[1m[96m🎲 IMPROVED NBA BETTING MODEL 🎲[0m
[1m[92m⚡ Enhanced Stats + Rest Days + Stricter Filters ⚡[0m
[1m==========================================================================================[0m

[1m[96mSTEP 1: Checking for Completed Games[0m

[96m==========================================================================================[0m
[96m🔄 UPDATING RESULTS FOR COMPLETED GAMES[0m
[96m==========================================================================================[0m

[93m📋 Checking 5 pending picks...[0m
[96mFetching completed NBA game scores...[0m
[92m✓ Fetched 20 games from API[0m
[92m✓ Found 15 completed games[0m
[92m✓ Tracking data saved to /Users/rico/sports-models/nba/nba_picks_tracking.json[0m
[93mNo picks were updated (games may not be complete yet)[0m
[92m✓ Tracking dashboard saved: /Users/rico/sports-models/nba/nba_tracking_dashboard.html[0m

[1m[96mSTEP 2: Fetching Composite Stats (Season + Form)[0m
[96m🔄 Fetching new team stats from stats.nba.com...[0m
[92m✓ Fetched and cached stats for 76 teams[0m

[1m[96mSTEP 3: Fetching Home/Away Splits[0m
[96m🔄 Fetching home/away splits from stats.nba.com...[0m
[92m✓ Fetched and cached home/away splits[0m

[1m[96mSTEP 4: Fetching Team Schedules (Rest Days)[0m
[96m🔄 Fetching team schedules...[0m
[92m✓ Fetched schedules for 1 teams[0m

[1m[96mSTEP 5: Fetching Live Odds (Next 2 Days)[0m
[92m✓ Fetched odds for 5 total games[0m
[92m✓ Filtered to 5 games in next 2 days[0m

[1m[96mSTEP 6: Processing Games & Generating Picks[0m

[92m✓ Tracking data saved to /Users/rico/sports-models/nba/nba_picks_tracking.json[0m
[92m📝 LOGGED PICK: ✅ BET: Atlanta Hawks +3.0 (Edge: +8.8)[0m
[92m✓ Tracking data saved to /Users/rico/sports-models/nba/nba_picks_tracking.json[0m
[92m✓ Updated CLV data for existing picks[0m

[1m[92m✅ Analyzed 5 games with complete odds[0m

[93m📊 All picks sorted by A.I. Rating (quality/confidence first)[0m


[1m==========================================================================================[0m
[1m[93m🏀 NBA MODEL PREDICTIONS 🏀[0m
[1m==========================================================================================[0m

[1m[96mSan Antonio Spurs @ Atlanta Hawks[0m
  🕐 12/19/25 07:40 PM EST
  [92m[1m🎯 A.I. Rating: 4.5 ⭐⭐ (PREMIUM PLAY)[0m
  📊 Spread: Market +3.0 | Model +5.8
  🎯 Total: Market 240.5 | Model 228.4
  [92m✅ BET: Atlanta Hawks +3.0[0m
     [96mModel projects Atlanta Hawks to win outright, easily covering +3.0.[0m
  [92m✅ BET: UNDER 240.5[0m
     [96mModel projects 228 total points, bet the UNDER[0m
  📈 Predicted: San Antonio Spurs 111, Atlanta Hawks 117

[1m[96mPhiladelphia 76ers @ New York Knicks[0m
  🕐 12/19/25 07:10 PM EST
  [92m[1m🎯 A.I. Rating: 4.3 ⭐⭐ (STRONG PLAY)[0m
  [92m🔥 HOT: New York Knicks - Strong performer: 5-0 (100%) | +4.91u over 5 picks[0m
  📊 Spread: Market -5.0 | Model +14.4
  🎯 Total: Market 229.5 | Model 222.5
  [92m✅ BET: New York Knicks -5.0[0m
     [96mModel projects New York Knicks to win by 14.4, covering -5.0.[0m
  [92m✅ BET: UNDER 229.5[0m
     [96mModel projects 222 total points, bet the UNDER[0m
  📈 Predicted: Philadelphia 76ers 104, New York Knicks 118

[1m[96mOklahoma City Thunder @ Minnesota Timberwolves[0m
  🕐 12/19/25 09:40 PM EST
  [92m[1m🎯 A.I. Rating: 4.2 ⭐⭐ (STRONG PLAY)[0m
  [0m➖ NEUTRAL: Minnesota Timberwolves - Average performance: 2-2 (50%) | -0.29u over 4 picks[0m
  📊 Spread: Market +8.0 | Model +1.2
  🎯 Total: Market 230.5 | Model 224.7
  [92m✅ BET: Minnesota Timberwolves +8.0[0m
     [96mModel projects Minnesota Timberwolves to win outright, easily covering +8.0.[0m
  [92m✅ BET: UNDER 230.5[0m
     [96mModel projects 225 total points, bet the UNDER[0m
  📈 Predicted: Oklahoma City Thunder 112, Minnesota Timberwolves 113

[1m[96mMiami Heat @ Boston Celtics[0m
  🕐 12/19/25 07:10 PM EST
  [92m[1m🎯 A.I. Rating: 4.1 ⭐⭐ (STRONG PLAY)[0m
  [92m🔥 HOT: Boston Celtics - Strong performer: 4-1 (80%) | +2.90u over 5 picks[0m
  📊 Spread: Market -6.5 | Model +12.0
  🎯 Total: Market 231.5 | Model 221.5
  [92m✅ BET: Boston Celtics -6.5[0m
     [96mModel projects Boston Celtics to win by 12.0, covering -6.5.[0m
  [92m✅ BET: UNDER 231.5[0m
     [96mModel projects 222 total points, bet the UNDER[0m
  📈 Predicted: Miami Heat 105, Boston Celtics 117

[1m[96mChicago Bulls @ Cleveland Cavaliers[0m
  🕐 12/19/25 07:40 PM EST
  [96m[1m🎯 A.I. Rating: 3.6 ⭐ (GOOD PLAY)[0m
  [93m⚠️ CAUTION: Cleveland Cavaliers - Below average: 2-3 (40%) | -1.30u over 5 picks[0m
  📊 Spread: Market -7.5 | Model +15.2
  🎯 Total: Market 240.5 | Model 232.6
  [92m✅ BET: Cleveland Cavaliers -7.5[0m
     [96mModel projects Cleveland Cavaliers to win by 15.2, covering -7.5.[0m
  [92m✅ BET: UNDER 240.5[0m
     [96mModel projects 233 total points, bet the UNDER[0m
  📈 Predicted: Chicago Bulls 109, Cleveland Cavaliers 124

[92m✓ CSV saved: /Users/rico/sports-models/nba/nba_model_output.csv[0m
[92m✓ HTML saved: /Users/rico/sports-models/nba/nba_model_output.html[0m

[1m[96mSTEP 7: Generating Final Tracking Dashboard[0m
[92m✓ Tracking dashboard saved: /Users/rico/sports-models/nba/nba_tracking_dashboard.html[0m

[1m==========================================================================================[0m
[1m[93m📊 TRACKING SUMMARY 📊[0m
[1m==========================================================================================[0m
[92mTotal Tracked Bets: 203[0m
[92mRecord: 108-89-1[0m
[92mWin Rate: 54.8%[0m
[92mProfit: +9.26 units[0m
[92mROI: +4.3%[0m
[1m==========================================================================================[0m

[96mUpdating unified dashboard...[0m
[92m✓ Dashboard updated[0m


==========================================
✅ Model completed successfully!
==========================================

📤 Pushing updates to GitHub...
[main 855aa87] Update model outputs - 2025-12-19 10:01:11
 Committer: Ricardo Hill <rico@Ricos-M1-Mac-2.local>
Your name and email address were configured automatically based
on your username and hostname. Please check that they are accurate.
You can suppress this message by setting them explicitly. Run the
following command and follow the instructions in your editor to edit
your configuration file:

    git config --global --edit

After doing this, you may fix the identity used for this commit with:

    git commit --amend --reset-author

 4 files changed, 57 insertions(+), 55 deletions(-)
To https://github.com/BangLetsGetIt/NBA-NCAA-Betting-Models.git
   65fdbe7..855aa87  main -> main
✅ Successfully pushed to GitHub!
==========================================
NBA Model Run: Sat Dec 20 10:00:02 EST 2025
==========================================
Running NBA model...

[1m==========================================================================================[0m
[1m[96m🎲 IMPROVED NBA BETTING MODEL 🎲[0m
[1m[92m⚡ Enhanced Stats + Rest Days + Stricter Filters ⚡[0m
[1m==========================================================================================[0m

[1m[96mSTEP 1: Checking for Completed Games[0m

[96m==========================================================================================[0m
[96m🔄 UPDATING RESULTS FOR COMPLETED GAMES[0m
[96m==========================================================================================[0m

[93m📋 Checking 5 pending picks...[0m
[96mFetching completed NBA game scores...[0m
[92m✓ Fetched 29 games from API[0m
[92m✓ Found 19 completed games[0m
[92m✓ Tracking data saved to /Users/rico/sports-models/nba/nba_picks_tracking.json[0m
[93mNo picks were updated (games may not be complete yet)[0m
[92m✓ Tracking dashboard saved: /Users/rico/sports-models/nba/nba_tracking_dashboard.html[0m

[1m[96mSTEP 2: Fetching Composite Stats (Season + Form)[0m
[96m🔄 Fetching new team stats from stats.nba.com...[0m
[92m✓ Fetched and cached stats for 76 teams[0m

[1m[96mSTEP 3: Fetching Home/Away Splits[0m
[96m🔄 Fetching home/away splits from stats.nba.com...[0m
[92m✓ Fetched and cached home/away splits[0m

[1m[96mSTEP 4: Fetching Team Schedules (Rest Days)[0m

[1m[96mSTEP 5: Fetching Live Odds (Next 2 Days)[0m
[92m✓ Fetched odds for 10 total games[0m
[92m✓ Filtered to 10 games in next 2 days[0m

[1m[96mSTEP 6: Processing Games & Generating Picks[0m

[91m❌ Missing stats for Los Angeles Clippers or Los Angeles Lakers[0m
[91m❌ Missing stats for Los Angeles Clippers or Los Angeles Lakers[0m
[91m❌ Skipping Los Angeles Lakers @ Los Angeles Clippers - missing model data[0m
[92m✓ Tracking data saved to /Users/rico/sports-models/nba/nba_picks_tracking.json[0m
[92m✓ Updated CLV data for existing picks[0m

[1m[92m✅ Analyzed 9 games with complete odds[0m

[93m📊 All picks sorted by A.I. Rating (quality/confidence first)[0m


[1m==========================================================================================[0m
[1m[93m🏀 NBA MODEL PREDICTIONS 🏀[0m
[1m==========================================================================================[0m

[1m[96mPortland Trail Blazers @ Sacramento Kings[0m
  🕐 12/20/25 10:10 PM EST
  [92m[1m🎯 A.I. Rating: 4.7 ⭐⭐ (PREMIUM PLAY)[0m
  [91m🚫 COLD: Sacramento Kings - Poor performer: 1-3 (25%) | -2.30u over 4 picks[0m
  📊 Spread: Market +4.5 | Model +10.4
  🎯 Total: Market 239.5 | Model 234.0
  [92m✅ BET: Sacramento Kings +4.5[0m
     [96mModel projects Sacramento Kings to win outright, easily covering +4.5.[0m
  [93m⚠️ NO BET - Too close to call[0m
  📈 Predicted: Portland Trail Blazers 112, Sacramento Kings 122

[1m[96mWashington Wizards @ Memphis Grizzlies[0m
  🕐 12/20/25 08:10 PM EST
  [92m[1m🎯 A.I. Rating: 4.1 ⭐⭐ (STRONG PLAY)[0m
  [93m📉 NEUTRAL-: Memphis Grizzlies - Slightly below average: 3-4 (43%) | -1.40u over 7 picks[0m
  📊 Spread: Market -13.0 | Model +22.3
  🎯 Total: Market 231.5 | Model 240.1
  [92m✅ BET: Memphis Grizzlies -13.0[0m
     [96mModel projects Memphis Grizzlies to win by 22.3, covering -13.0.[0m
  [92m✅ BET: OVER 231.5[0m
     [96mModel projects 240 total points, bet the OVER[0m
  📈 Predicted: Washington Wizards 109, Memphis Grizzlies 131

[1m[96mBoston Celtics @ Toronto Raptors[0m
  🕐 12/20/25 07:00 PM EST
  [92m[1m🎯 A.I. Rating: 4.1 ⭐⭐ (STRONG PLAY)[0m
  [92m🔥 HOT: Boston Celtics - Strong performer: 4-1 (80%) | +2.90u over 5 picks[0m
  📊 Spread: Market +1.5 | Model -8.6
  🎯 Total: Market 224.5 | Model 233.5
  [92m✅ BET: Boston Celtics -1.5[0m
     [96mModel projects Toronto Raptors to lose by 8.6, Boston Celtics covers -1.5.[0m
  [92m✅ BET: OVER 224.5[0m
     [96mModel projects 234 total points, bet the OVER[0m
  📈 Predicted: Boston Celtics 121, Toronto Raptors 112

[1m[96mDallas Mavericks @ Philadelphia 76ers[0m
  🕐 12/20/25 07:10 PM EST
  [92m[1m🎯 A.I. Rating: 4.0 ⭐⭐ (STRONG PLAY)[0m
  📊 Spread: Market -2.5 | Model +2.7
  🎯 Total: Market 226.5 | Model 236.6
  [93m⚠️ NO BET - Too close to call[0m
     [96mEdge too small (+0.2)[0m
  [92m✅ BET: OVER 226.5[0m
     [96mModel projects 237 total points, bet the OVER[0m
  📈 Predicted: Dallas Mavericks 117, Philadelphia 76ers 120

[1m[96mPhoenix Suns @ Golden State Warriors[0m
  🕐 12/20/25 08:40 PM EST
  [96m[1m🎯 A.I. Rating: 3.9 ⭐ (GOOD PLAY)[0m
  [91m🚫 COLD: Golden State Warriors - Poor performer: 1-3 (25%) | -2.30u over 4 picks[0m
  📊 Spread: Market -6.0 | Model +13.0
  🎯 Total: Market 226.5 | Model 236.6
  [92m✅ BET: Golden State Warriors -6.0[0m
     [96mModel projects Golden State Warriors to win by 13.0, covering -6.0.[0m
  [92m✅ BET: OVER 226.5[0m
     [96mModel projects 237 total points, bet the OVER[0m
  📈 Predicted: Phoenix Suns 112, Golden State Warriors 125

[1m[96mHouston Rockets @ Denver Nuggets[0m
  🕐 12/20/25 05:10 PM EST
  [93m[1m🎯 A.I. Rating: 3.2 ⭐ (STANDARD PLAY)[0m
  📊 Spread: Market +1.0 | Model +4.9
  🎯 Total: Market 236.5 | Model 239.2
  [92m✅ BET: Denver Nuggets +1.0[0m
     [96mModel projects Denver Nuggets to win outright, easily covering +1.0.[0m
  [93m⚠️ NO BET - Too close to call[0m
  📈 Predicted: Houston Rockets 117, Denver Nuggets 122

[1m[96mOrlando Magic @ Utah Jazz[0m
  🕐 12/20/25 09:40 PM EST
  [93m[1m🎯 A.I. Rating: 3.1 ⭐ (STANDARD PLAY)[0m
  [96mℹ️ LIMITED: Utah Jazz - Limited data: 1-0 (100%) | +1.00u (1 pick)[0m
  📊 Spread: Market +7.5 | Model -2.3
  🎯 Total: Market 238.5 | Model 233.6
  [92m✅ BET: Utah Jazz +7.5[0m
     [96mModel projects Utah Jazz to lose by only 2.3, covering +7.5.[0m
  [93m⚠️ NO BET - Too close to call[0m
  📈 Predicted: Orlando Magic 118, Utah Jazz 116

[1m[96mCharlotte Hornets @ Detroit Pistons[0m
  🕐 12/20/25 07:40 PM EST
  [93m[1m🎯 A.I. Rating: 2.9  (MARGINAL PLAY)[0m
  📊 Spread: Market -10.5 | Model +14.6
  🎯 Total: Market 232.5 | Model 231.5
  [93m⚠️ NO BET - Too close to call[0m
     [96mEdge too small (+4.1)[0m
  [93m⚠️ NO BET - Too close to call[0m
  📈 Predicted: Charlotte Hornets 108, Detroit Pistons 123

[1m[96mIndiana Pacers @ New Orleans Pelicans[0m
  🕐 12/20/25 07:10 PM EST
  [93m[1m🎯 A.I. Rating: 2.8  (MARGINAL PLAY)[0m
  📊 Spread: Market -2.0 | Model -1.2
  🎯 Total: Market 235.5 | Model 237.8
  [93m⚠️ NO BET - Too close to call[0m
     [96mEdge too small (-3.2)[0m
  [93m⚠️ NO BET - Too close to call[0m
  📈 Predicted: Indiana Pacers 120, New Orleans Pelicans 118

[92m✓ CSV saved: /Users/rico/sports-models/nba/nba_model_output.csv[0m
[92m✓ HTML saved: /Users/rico/sports-models/nba/nba_model_output.html[0m

[1m[96mSTEP 7: Generating Final Tracking Dashboard[0m
[92m✓ Tracking dashboard saved: /Users/rico/sports-models/nba/nba_tracking_dashboard.html[0m

[1m==========================================================================================[0m
[1m[93m📊 TRACKING SUMMARY 📊[0m
[1m==========================================================================================[0m
[92mTotal Tracked Bets: 209[0m
[92mRecord: 110-93-1[0m
[92mWin Rate: 54.2%[0m
[92mProfit: +6.86 units[0m
[92mROI: +3.1%[0m
[1m==========================================================================================[0m

[96mUpdating unified dashboard...[0m
[92m✓ Dashboard updated[0m


==========================================
✅ Model completed successfully!
==========================================

📤 Pushing updates to GitHub...
[main 713e21e] Update model outputs - 2025-12-20 10:00:38
 Committer: Ricardo Hill <rico@Ricos-M1-Mac-2.local>
Your name and email address were configured automatically based
on your username and hostname. Please check that they are accurate.
You can suppress this message by setting them explicitly. Run the
following command and follow the instructions in your editor to edit
your configuration file:

    git config --global --edit

After doing this, you may fix the identity used for this commit with:

    git commit --amend --reset-author

 3 files changed, 136 insertions(+), 132 deletions(-)
To https://github.com/BangLetsGetIt/NBA-NCAA-Betting-Models.git
   a711182..713e21e  main -> main
✅ Successfully pushed to GitHub!
==========================================
NBA Model Run: Sun Dec 21 10:00:00 EST 2025
==========================================
Running NBA model...

[1m==========================================================================================[0m
[1m[96m🎲 IMPROVED NBA BETTING MODEL 🎲[0m
[1m[92m⚡ Enhanced Stats + Rest Days + Stricter Filters ⚡[0m
[1m==========================================================================================[0m

[1m[96mSTEP 1: Checking for Completed Games[0m

[96m==========================================================================================[0m
[96m🔄 UPDATING RESULTS FOR COMPLETED GAMES[0m
[96m==========================================================================================[0m

[93m📋 Checking 2 pending picks...[0m
[96mFetching completed NBA game scores...[0m
[92m✓ Fetched 38 games from API[0m
[92m✓ Found 27 completed games[0m
[92m✓ Tracking data saved to /Users/rico/sports-models/nba/nba_picks_tracking.json[0m
[93mNo picks were updated (games may not be complete yet)[0m
[92m✓ Tracking dashboard saved: /Users/rico/sports-models/nba/nba_tracking_dashboard.html[0m

[1m[96mSTEP 2: Fetching Composite Stats (Season + Form)[0m
[96m🔄 Fetching new team stats from stats.nba.com...[0m
[92m✓ Fetched and cached stats for 76 teams[0m

[1m[96mSTEP 3: Fetching Home/Away Splits[0m
[96m🔄 Fetching home/away splits from stats.nba.com...[0m
[92m✓ Fetched and cached home/away splits[0m

[1m[96mSTEP 4: Fetching Team Schedules (Rest Days)[0m
[96m🔄 Fetching team schedules...[0m
[92m✓ Fetched schedules for 1 teams[0m

[1m[96mSTEP 5: Fetching Live Odds (Next 2 Days)[0m
[92m✓ Fetched odds for 11 total games[0m
[92m✓ Filtered to 6 games in next 2 days[0m

[1m[96mSTEP 6: Processing Games & Generating Picks[0m


[1m[92m✅ Analyzed 6 games with complete odds[0m

[93m📊 All picks sorted by A.I. Rating (quality/confidence first)[0m


[1m==========================================================================================[0m
[1m[93m🏀 NBA MODEL PREDICTIONS 🏀[0m
[1m==========================================================================================[0m

[1m[96mToronto Raptors @ Brooklyn Nets[0m
  🕐 12/21/25 06:10 PM EST
  [92m[1m🎯 A.I. Rating: 4.9 ⭐⭐ (PREMIUM PLAY)[0m
  📊 Spread: Market +3.5 | Model +1.2
  🎯 Total: Market 217.0 | Model 231.9
  [93m⚠️ NO BET - Too close to call[0m
     [96mEdge too small (+4.7)[0m
  [92m✅ BET: OVER 217.0[0m
     [96mModel projects 232 total points, bet the OVER[0m
  📈 Predicted: Toronto Raptors 115, Brooklyn Nets 117

[1m[96mHouston Rockets @ Sacramento Kings[0m
  🕐 12/21/25 10:10 PM EST
  [92m[1m🎯 A.I. Rating: 4.6 ⭐⭐ (PREMIUM PLAY)[0m
  [91m🚫 COLD: Sacramento Kings - Poor performer: 1-3 (25%) | -2.30u over 4 picks[0m
  📊 Spread: Market +12.0 | Model +1.5
  🎯 Total: Market 223.5 | Model 236.9
  [92m✅ BET: Sacramento Kings +12.0[0m
     [96mModel projects Sacramento Kings to win outright, easily covering +12.0.[0m
  [92m✅ BET: OVER 223.5[0m
     [96mModel projects 237 total points, bet the OVER[0m
  📈 Predicted: Houston Rockets 118, Sacramento Kings 119

[1m[96mMilwaukee Bucks @ Minnesota Timberwolves[0m
  🕐 12/21/25 07:10 PM EST
  [92m[1m🎯 A.I. Rating: 4.4 ⭐⭐ (STRONG PLAY)[0m
  📊 Spread: Market -12.0 | Model +11.9
  🎯 Total: Market 226.5 | Model 238.8
  [93m⚠️ NO BET - Too close to call[0m
     [96mEdge too small (-0.1)[0m
  [92m✅ BET: OVER 226.5[0m
     [96mModel projects 239 total points, bet the OVER[0m
  📈 Predicted: Milwaukee Bucks 113, Minnesota Timberwolves 125

[1m[96mSan Antonio Spurs @ Washington Wizards[0m
  🕐 12/21/25 07:10 PM EST
  [92m[1m🎯 A.I. Rating: 4.1 ⭐⭐ (STRONG PLAY)[0m
  📊 Spread: Market +15.5 | Model -4.4
  🎯 Total: Market 237.5 | Model 234.9
  [92m✅ BET: Washington Wizards +15.5[0m
     [96mModel projects Washington Wizards to lose by only 4.4, covering +15.5.[0m
  [93m⚠️ NO BET - Too close to call[0m
  📈 Predicted: San Antonio Spurs 120, Washington Wizards 115

[1m[96mMiami Heat @ New York Knicks[0m
  🕐 12/21/25 06:10 PM EST
  [93m[1m🎯 A.I. Rating: 2.7  (MARGINAL PLAY)[0m
  📊 Spread: Market -7.5 | Model +10.2
  🎯 Total: Market 235.5 | Model 233.9
  [93m⚠️ NO BET - Too close to call[0m
     [96mEdge too small (+2.7)[0m
  [93m⚠️ NO BET - Too close to call[0m
  📈 Predicted: Miami Heat 112, New York Knicks 122

[1m[96mChicago Bulls @ Atlanta Hawks[0m
  🕐 12/21/25 03:40 PM EST
  [93m[1m🎯 A.I. Rating: 2.6  (MARGINAL PLAY)[0m
  📊 Spread: Market -5.0 | Model +3.3
  🎯 Total: Market 247.5 | Model 245.8
  [93m⚠️ NO BET - Too close to call[0m
     [96mEdge too small (-1.7)[0m
  [93m⚠️ NO BET - Too close to call[0m
  📈 Predicted: Chicago Bulls 121, Atlanta Hawks 125

[92m✓ CSV saved: /Users/rico/sports-models/nba/nba_model_output.csv[0m
[92m✓ HTML saved: /Users/rico/sports-models/nba/nba_model_output.html[0m

[1m[96mSTEP 7: Generating Final Tracking Dashboard[0m
[92m✓ Tracking dashboard saved: /Users/rico/sports-models/nba/nba_tracking_dashboard.html[0m

[1m==========================================================================================[0m
[1m[93m📊 TRACKING SUMMARY 📊[0m
[1m==========================================================================================[0m
[92mTotal Tracked Bets: 209[0m
[92mRecord: 112-94-1[0m
[92mWin Rate: 54.4%[0m
[92mProfit: +7.76 units[0m
[92mROI: +3.4%[0m
[1m==========================================================================================[0m

[96mUpdating unified dashboard...[0m
[92m✓ Dashboard updated[0m


==========================================
✅ Model completed successfully!
==========================================

📤 Pushing updates to GitHub...
[main 377bf8f] Update model outputs - 2025-12-21 10:00:51
 Committer: Ricardo Hill <rico@Ricos-M1-Mac-2.local>
Your name and email address were configured automatically based
on your username and hostname. Please check that they are accurate.
You can suppress this message by setting them explicitly. Run the
following command and follow the instructions in your editor to edit
your configuration file:

    git config --global --edit

After doing this, you may fix the identity used for this commit with:

    git commit --amend --reset-author

 2 files changed, 56 insertions(+), 56 deletions(-)
To https://github.com/BangLetsGetIt/NBA-NCAA-Betting-Models.git
   e71223d..377bf8f  main -> main
✅ Successfully pushed to GitHub!
==========================================
NBA Model Run: Mon Dec 22 10:00:02 EST 2025
==========================================
Running NBA model...

[1m==========================================================================================[0m
[1m[96m🎲 IMPROVED NBA BETTING MODEL 🎲[0m
[1m[92m⚡ Enhanced Stats + Rest Days + Stricter Filters ⚡[0m
[1m==========================================================================================[0m

[1m[96mSTEP 1: Checking for Completed Games[0m

[96m==========================================================================================[0m
[96m🔄 UPDATING RESULTS FOR COMPLETED GAMES[0m
[96m==========================================================================================[0m

[93m📋 Checking 1 pending picks...[0m
[96mFetching completed NBA game scores...[0m
[92m✓ Fetched 33 games from API[0m
[92m✓ Found 21 completed games[0m
[92m✓ Tracking data saved to /Users/rico/sports-models/nba/nba_picks_tracking.json[0m
[93mNo picks were updated (games may not be complete yet)[0m
[92m✓ Tracking dashboard saved: /Users/rico/sports-models/nba/nba_tracking_dashboard.html[0m

[1m[96mSTEP 2: Fetching Composite Stats (Season + Form)[0m
[96m🔄 Fetching new team stats from stats.nba.com...[0m
[92m✓ Fetched and cached stats for 76 teams[0m

[1m[96mSTEP 3: Fetching Home/Away Splits[0m
[96m🔄 Fetching home/away splits from stats.nba.com...[0m
[92m✓ Fetched and cached home/away splits[0m

[1m[96mSTEP 4: Fetching Team Schedules (Rest Days)[0m

[1m[96mSTEP 5: Fetching Live Odds (Next 2 Days)[0m
[92m✓ Fetched odds for 12 total games[0m
[92m✓ Filtered to 7 games in next 2 days[0m

[1m[96mSTEP 6: Processing Games & Generating Picks[0m

[92m✓ Tracking data saved to /Users/rico/sports-models/nba/nba_picks_tracking.json[0m
[92m📝 LOGGED PICK: ✅ BET: Cleveland Cavaliers -9.0 (Edge: +14.2)[0m

[1m[92m✅ Analyzed 7 games with complete odds[0m

[93m📊 All picks sorted by A.I. Rating (quality/confidence first)[0m


[1m==========================================================================================[0m
[1m[93m🏀 NBA MODEL PREDICTIONS 🏀[0m
[1m==========================================================================================[0m

[1m[96mCharlotte Hornets @ Cleveland Cavaliers[0m
  🕐 12/22/25 07:00 PM EST
  [92m[1m🎯 A.I. Rating: 4.8 ⭐⭐ (PREMIUM PLAY)[0m
  [93m⚠️ CAUTION: Cleveland Cavaliers - Below average: 2-4 (33%) | -2.40u over 6 picks[0m
  📊 Spread: Market -9.0 | Model +23.2
  🎯 Total: Market 238.5 | Model 234.3
  [92m✅ BET: Cleveland Cavaliers -9.0[0m
     [96mModel projects Cleveland Cavaliers to win by 23.2, covering -9.0.[0m
  [93m⚠️ NO BET - Too close to call[0m
  📈 Predicted: Charlotte Hornets 106, Cleveland Cavaliers 129

[1m[96mMemphis Grizzlies @ Oklahoma City Thunder[0m
  🕐 12/22/25 09:30 PM EST
  [92m[1m🎯 A.I. Rating: 4.5 ⭐⭐ (PREMIUM PLAY)[0m
  📊 Spread: Market -15.5 | Model +14.8
  🎯 Total: Market 229.5 | Model 242.1
  [93m⚠️ NO BET - Too close to call[0m
     [96mEdge too small (-0.7)[0m
  [92m✅ BET: OVER 229.5[0m
     [96mModel projects 242 total points, bet the OVER[0m
  📈 Predicted: Memphis Grizzlies 114, Oklahoma City Thunder 128

[1m[96mIndiana Pacers @ Boston Celtics[0m
  🕐 12/22/25 07:30 PM EST
  [92m[1m🎯 A.I. Rating: 4.5 ⭐⭐ (PREMIUM PLAY)[0m
  📊 Spread: Market -10.0 | Model +12.4
  🎯 Total: Market 224.5 | Model 237.0
  [93m⚠️ NO BET - Too close to call[0m
     [96mEdge too small (+2.4)[0m
  [92m✅ BET: OVER 224.5[0m
     [96mModel projects 237 total points, bet the OVER[0m
  📈 Predicted: Indiana Pacers 112, Boston Celtics 125

[1m[96mUtah Jazz @ Denver Nuggets[0m
  🕐 12/22/25 09:00 PM EST
  [96m[1m🎯 A.I. Rating: 3.5 ⭐ (GOOD PLAY)[0m
  📊 Spread: Market -13.0 | Model +17.8
  🎯 Total: Market 248.5 | Model 240.7
  [93m⚠️ NO BET - Too close to call[0m
     [96mEdge too small (+4.8)[0m
  [92m✅ BET: UNDER 248.5[0m
     [96mModel projects 241 total points, bet the UNDER[0m
  📈 Predicted: Utah Jazz 111, Denver Nuggets 129

[1m[96mDetroit Pistons @ Portland Trail Blazers[0m
  🕐 12/22/25 10:00 PM EST
  [93m[1m🎯 A.I. Rating: 3.4 ⭐ (STANDARD PLAY)[0m
  [96mℹ️ LIMITED: Portland Trail Blazers - Limited data: 1-1 (50%) | -0.10u (2 picks)[0m
  📊 Spread: Market +6.0 | Model +0.8
  🎯 Total: Market 235.0 | Model 234.9
  [92m✅ BET: Portland Trail Blazers +6.0[0m
     [96mModel projects Portland Trail Blazers to win outright, easily covering +6.0.[0m
  [93m⚠️ NO BET - Too close to call[0m
  📈 Predicted: Detroit Pistons 117, Portland Trail Blazers 118

[1m[96mDallas Mavericks @ New Orleans Pelicans[0m
  🕐 12/22/25 08:00 PM EST
  [93m[1m🎯 A.I. Rating: 3.1 ⭐ (STANDARD PLAY)[0m
  📊 Spread: Market -1.0 | Model +2.9
  🎯 Total: Market 241.0 | Model 236.0
  [93m⚠️ NO BET - Too close to call[0m
     [96mEdge too small (+1.9)[0m
  [93m⚠️ NO BET - Too close to call[0m
  📈 Predicted: Dallas Mavericks 117, New Orleans Pelicans 119

[1m[96mOrlando Magic @ Golden State Warriors[0m
  🕐 12/22/25 10:00 PM EST
  [93m[1m🎯 A.I. Rating: 2.9  (MARGINAL PLAY)[0m
  📊 Spread: Market -6.0 | Model +9.7
  🎯 Total: Market 228.0 | Model 229.6
  [93m⚠️ NO BET - Too close to call[0m
     [96mEdge too small (+3.7)[0m
  [93m⚠️ NO BET - Too close to call[0m
  📈 Predicted: Orlando Magic 110, Golden State Warriors 120

[92m✓ CSV saved: /Users/rico/sports-models/nba/nba_model_output.csv[0m
[92m✓ HTML saved: /Users/rico/sports-models/nba/nba_model_output.html[0m

[1m[96mSTEP 7: Generating Final Tracking Dashboard[0m
[92m✓ Tracking dashboard saved: /Users/rico/sports-models/nba/nba_tracking_dashboard.html[0m

[1m==========================================================================================[0m
[1m[93m📊 TRACKING SUMMARY 📊[0m
[1m==========================================================================================[0m
[92mTotal Tracked Bets: 211[0m
[92mRecord: 114-94-1[0m
[92mWin Rate: 54.8%[0m
[92mProfit: +9.76 units[0m
[92mROI: +4.3%[0m
[1m==========================================================================================[0m

[96mUpdating unified dashboard...[0m
[92m✓ Dashboard updated[0m


==========================================
✅ Model completed successfully!
==========================================

📤 Pushing updates to GitHub...
[main 0ab4626] Update model outputs - 2025-12-22 10:01:24
 Committer: Ricardo Hill <rico@Ricos-M1-Mac-2.local>
Your name and email address were configured automatically based
on your username and hostname. Please check that they are accurate.
You can suppress this message by setting them explicitly. Run the
following command and follow the instructions in your editor to edit
your configuration file:

    git config --global --edit

After doing this, you may fix the identity used for this commit with:

    git commit --amend --reset-author

 4 files changed, 148 insertions(+), 114 deletions(-)
To https://github.com/BangLetsGetIt/NBA-NCAA-Betting-Models.git
   bd72728..0ab4626  main -> main
✅ Successfully pushed to GitHub!
==========================================
NBA Model Run: Tue Dec 23 10:00:01 EST 2025
==========================================
Running NBA model...

[1m==========================================================================================[0m
[1m[96m🎲 IMPROVED NBA BETTING MODEL 🎲[0m
[1m[92m⚡ Enhanced Stats + Rest Days + Stricter Filters ⚡[0m
[1m==========================================================================================[0m

[1m[96mSTEP 1: Checking for Completed Games[0m

[96m==========================================================================================[0m
[96m🔄 UPDATING RESULTS FOR COMPLETED GAMES[0m
[96m==========================================================================================[0m

[93m📋 Checking 6 pending picks...[0m
[96mFetching completed NBA game scores...[0m
[92m✓ Fetched 42 games from API[0m
[92m✓ Found 23 completed games[0m
[92m✓ Tracking data saved to /Users/rico/sports-models/nba/nba_picks_tracking.json[0m
[93mNo picks were updated (games may not be complete yet)[0m
[92m✓ Tracking dashboard saved: /Users/rico/sports-models/nba/nba_tracking_dashboard.html[0m

[1m[96mSTEP 2: Fetching Composite Stats (Season + Form)[0m
[96m🔄 Fetching new team stats from stats.nba.com...[0m
[92m✓ Fetched and cached stats for 76 teams[0m

[1m[96mSTEP 3: Fetching Home/Away Splits[0m
[96m🔄 Fetching home/away splits from stats.nba.com...[0m
[92m✓ Fetched and cached home/away splits[0m

[1m[96mSTEP 4: Fetching Team Schedules (Rest Days)[0m
[96m🔄 Fetching team schedules...[0m
[92m✓ Fetched schedules for 1 teams[0m

[1m[96mSTEP 5: Fetching Live Odds (Next 2 Days)[0m
[92m✓ Fetched odds for 19 total games[0m
[92m✓ Filtered to 14 games in next 2 days[0m

[1m[96mSTEP 6: Processing Games & Generating Picks[0m

[91m❌ Missing stats for Los Angeles Clippers or Houston Rockets[0m
[91m❌ Missing stats for Los Angeles Clippers or Houston Rockets[0m
[91m❌ Skipping Houston Rockets @ Los Angeles Clippers - missing model data[0m
[92m✓ Tracking data saved to /Users/rico/sports-models/nba/nba_picks_tracking.json[0m
[92m✓ Updated CLV data for existing picks[0m

[1m[92m✅ Analyzed 13 games with complete odds[0m

[93m📊 All picks sorted by A.I. Rating (quality/confidence first)[0m


[1m==========================================================================================[0m
[1m[93m🏀 NBA MODEL PREDICTIONS 🏀[0m
[1m==========================================================================================[0m

[1m[96mMilwaukee Bucks @ Indiana Pacers[0m
  🕐 12/23/25 07:40 PM EST
  [92m[1m🎯 A.I. Rating: 4.9 ⭐⭐ (PREMIUM PLAY)[0m
  [92m✅ GOOD: Indiana Pacers - Good record: 6-4 (60%) | +1.60u over 10 picks[0m
  📊 Spread: Market +1.5 | Model +9.3
  🎯 Total: Market 218.5 | Model 242.2
  [92m✅ BET: Indiana Pacers +1.5[0m
     [96mModel projects Indiana Pacers to win outright, easily covering +1.5.[0m
  [92m✅ BET: OVER 218.5[0m
     [96mModel projects 242 total points, bet the OVER[0m
  📈 Predicted: Milwaukee Bucks 116, Indiana Pacers 126

[1m[96mBrooklyn Nets @ Philadelphia 76ers[0m
  🕐 12/23/25 07:10 PM EST
  [92m[1m🎯 A.I. Rating: 4.9 ⭐⭐ (PREMIUM PLAY)[0m
  [92m🔥 HOT: Brooklyn Nets - Strong performer: 3-1 (75%) | +1.90u over 4 picks[0m
  📊 Spread: Market -9.5 | Model +2.8
  🎯 Total: Market 218.5 | Model 232.7
  [92m✅ BET: Brooklyn Nets +9.5[0m
     [96mModel projects Philadelphia 76ers to win by only 2.8, not enough to cover -9.5.[0m
  [92m✅ BET: OVER 218.5[0m
     [96mModel projects 233 total points, bet the OVER[0m
  📈 Predicted: Brooklyn Nets 115, Philadelphia 76ers 118

[1m[96mNew Orleans Pelicans @ Cleveland Cavaliers[0m
  🕐 12/23/25 07:40 PM EST
  [92m[1m🎯 A.I. Rating: 4.8 ⭐⭐ (PREMIUM PLAY)[0m
  [91m🚫 COLD: Cleveland Cavaliers - Poor performer: 2-6 (25%) | -4.60u over 8 picks[0m
  📊 Spread: Market -9.5 | Model +26.5
  🎯 Total: Market 244.5 | Model 238.8
  [92m✅ BET: Cleveland Cavaliers -9.5[0m
     [96mModel projects Cleveland Cavaliers to win by 26.5, covering -9.5.[0m
  [93m⚠️ NO BET - Too close to call[0m
  📈 Predicted: New Orleans Pelicans 106, Cleveland Cavaliers 133

[1m[96mDetroit Pistons @ Sacramento Kings[0m
  🕐 12/23/25 10:10 PM EST
  [92m[1m🎯 A.I. Rating: 4.2 ⭐⭐ (STRONG PLAY)[0m
  [93m⚠️ CAUTION: Sacramento Kings - Below average: 2-3 (40%) | -1.30u over 5 picks[0m
  📊 Spread: Market +8.5 | Model +2.7
  🎯 Total: Market 227.5 | Model 236.6
  [92m✅ BET: Sacramento Kings +8.5[0m
     [96mModel projects Sacramento Kings to win outright, easily covering +8.5.[0m
  [92m✅ BET: OVER 227.5[0m
     [96mModel projects 237 total points, bet the OVER[0m
  📈 Predicted: Detroit Pistons 117, Sacramento Kings 120

[1m[96mLos Angeles Lakers @ Phoenix Suns[0m
  🕐 12/23/25 09:10 PM EST
  [92m[1m🎯 A.I. Rating: 4.1 ⭐⭐ (STRONG PLAY)[0m
  📊 Spread: Market -5.5 | Model +6.4
  🎯 Total: Market 226.5 | Model 237.6
  [93m⚠️ NO BET - Too close to call[0m
     [96mEdge too small (+0.9)[0m
  [92m✅ BET: OVER 226.5[0m
     [96mModel projects 238 total points, bet the OVER[0m
  📈 Predicted: Los Angeles Lakers 116, Phoenix Suns 122

[1m[96mDenver Nuggets @ Dallas Mavericks[0m
  🕐 12/23/25 08:10 PM EST
  [92m[1m🎯 A.I. Rating: 4.1 ⭐⭐ (STRONG PLAY)[0m
  [92m🔥 HOT: Dallas Mavericks - Strong performer: 5-2 (71%) | +2.90u over 7 picks[0m
  📊 Spread: Market +7.0 | Model +3.4
  🎯 Total: Market 235.5 | Model 239.0
  [92m✅ BET: Dallas Mavericks +7.0[0m
     [96mModel projects Dallas Mavericks to win outright, easily covering +7.0.[0m
  [93m⚠️ NO BET - Too close to call[0m
  📈 Predicted: Denver Nuggets 118, Dallas Mavericks 121

[1m[96mOrlando Magic @ Portland Trail Blazers[0m
  🕐 12/23/25 10:10 PM EST
  [93m[1m🎯 A.I. Rating: 3.4 ⭐ (STANDARD PLAY)[0m
  [96mℹ️ LIMITED: Portland Trail Blazers - Limited data: 1-1 (50%) | -0.10u (2 picks)[0m
  📊 Spread: Market +1.5 | Model +5.7
  🎯 Total: Market 232.5 | Model 229.2
  [92m✅ BET: Portland Trail Blazers +1.5[0m
     [96mModel projects Portland Trail Blazers to win outright, easily covering +1.5.[0m
  [93m⚠️ NO BET - Too close to call[0m
  📈 Predicted: Orlando Magic 112, Portland Trail Blazers 117

[1m[96mToronto Raptors @ Miami Heat[0m
  🕐 12/23/25 07:40 PM EST
  [93m[1m🎯 A.I. Rating: 3.4 ⭐ (STANDARD PLAY)[0m
  📊 Spread: Market -5.5 | Model +12.4
  🎯 Total: Market 228.5 | Model 234.2
  [92m✅ BET: Miami Heat -5.5[0m
     [96mModel projects Miami Heat to win by 12.4, covering -5.5.[0m
  [93m⚠️ NO BET - Too close to call[0m
  📈 Predicted: Toronto Raptors 111, Miami Heat 123

[1m[96mChicago Bulls @ Atlanta Hawks[0m
  🕐 12/23/25 07:40 PM EST
  [93m[1m🎯 A.I. Rating: 3.3 ⭐ (STANDARD PLAY)[0m
  📊 Spread: Market -4.5 | Model +3.3
  🎯 Total: Market 252.5 | Model 245.8
  [93m⚠️ NO BET - Too close to call[0m
     [96mEdge too small (-1.2)[0m
  [92m✅ BET: UNDER 252.5[0m
     [96mModel projects 246 total points, bet the UNDER[0m
  📈 Predicted: Chicago Bulls 121, Atlanta Hawks 125

[1m[96mNew York Knicks @ Minnesota Timberwolves[0m
  🕐 12/23/25 08:10 PM EST
  [93m[1m🎯 A.I. Rating: 3.2 ⭐ (STANDARD PLAY)[0m
  📊 Spread: Market -8.0 | Model +8.7
  🎯 Total: Market 228.0 | Model 234.0
  [93m⚠️ NO BET - Too close to call[0m
     [96mEdge too small (+0.7)[0m
  [92m✅ BET: OVER 228.0[0m
     [96mModel projects 234 total points, bet the OVER[0m
  📈 Predicted: New York Knicks 113, Minnesota Timberwolves 121

[1m[96mWashington Wizards @ Charlotte Hornets[0m
  🕐 12/23/25 07:10 PM EST
  [93m[1m🎯 A.I. Rating: 3.0 ⭐ (STANDARD PLAY)[0m
  📊 Spread: Market -5.5 | Model +10.2
  🎯 Total: Market 233.0 | Model 230.1
  [93m⚠️ NO BET - Too close to call[0m
     [96mEdge too small (+4.7)[0m
  [93m⚠️ NO BET - Too close to call[0m
  📈 Predicted: Washington Wizards 110, Charlotte Hornets 120

[1m[96mMemphis Grizzlies @ Utah Jazz[0m
  🕐 12/23/25 09:10 PM EST
  [93m[1m🎯 A.I. Rating: 2.9  (MARGINAL PLAY)[0m
  📊 Spread: Market +3.5 | Model -7.0
  🎯 Total: Market 243.5 | Model 243.3
  [93m⚠️ NO BET - Too close to call[0m
     [96mEdge too small (-3.5)[0m
  [93m⚠️ NO BET - Too close to call[0m
  📈 Predicted: Memphis Grizzlies 125, Utah Jazz 118

[1m[96mOklahoma City Thunder @ San Antonio Spurs[0m
  🕐 12/23/25 08:40 PM EST
  [93m[1m🎯 A.I. Rating: 2.8  (MARGINAL PLAY)[0m
  📊 Spread: Market +5.5 | Model -7.2
  🎯 Total: Market 234.0 | Model 236.9
  [93m⚠️ NO BET - Too close to call[0m
     [96mEdge too small (-1.7)[0m
  [93m⚠️ NO BET - Too close to call[0m
  📈 Predicted: Oklahoma City Thunder 122, San Antonio Spurs 115

[92m✓ CSV saved: /Users/rico/sports-models/nba/nba_model_output.csv[0m
[92m✓ HTML saved: /Users/rico/sports-models/nba/nba_model_output.html[0m

[1m[96mSTEP 7: Generating Final Tracking Dashboard[0m
[92m✓ Tracking dashboard saved: /Users/rico/sports-models/nba/nba_tracking_dashboard.html[0m

[1m==========================================================================================[0m
[1m[93m📊 TRACKING SUMMARY 📊[0m
[1m==========================================================================================[0m
[92mTotal Tracked Bets: 217[0m
[92mRecord: 114-96-1[0m
[92mWin Rate: 54.3%[0m
[92mProfit: +7.56 units[0m
[92mROI: +3.3%[0m
[1m==========================================================================================[0m

[96mUpdating unified dashboard...[0m
[92m✓ Dashboard updated[0m


==========================================
✅ Model completed successfully!
==========================================

📤 Pushing updates to GitHub...
[main 3bd1e29] Update model outputs - 2025-12-23 10:01:58
 Committer: Ricardo Hill <rico@Ricos-M1-Mac-2.local>
Your name and email address were configured automatically based
on your username and hostname. Please check that they are accurate.
You can suppress this message by setting them explicitly. Run the
following command and follow the instructions in your editor to edit
your configuration file:

    git config --global --edit

After doing this, you may fix the identity used for this commit with:

    git commit --amend --reset-author

 4 files changed, 182 insertions(+), 178 deletions(-)
To https://github.com/BangLetsGetIt/NBA-NCAA-Betting-Models.git
   c8aa507..3bd1e29  main -> main
✅ Successfully pushed to GitHub!
==========================================
NBA Model Run: Wed Dec 24 10:00:01 EST 2025
==========================================
Running NBA model...

[1m==========================================================================================[0m
[1m[96m🎲 IMPROVED NBA BETTING MODEL 🎲[0m
[1m[92m⚡ Enhanced Stats + Rest Days + Stricter Filters ⚡[0m
[1m==========================================================================================[0m

[1m[96mSTEP 1: Checking for Completed Games[0m

[96m==========================================================================================[0m
[96m🔄 UPDATING RESULTS FOR COMPLETED GAMES[0m
[96m==========================================================================================[0m

[93m📋 Checking 1 pending picks...[0m
[96mFetching completed NBA game scores...[0m
[93m⚠️  Could not fetch scores: 401[0m
[93m⚠️  No completed games found.[0m
[92m✓ Tracking data saved to /Users/rico/sports-models/nba/nba_picks_tracking.json[0m
[92m✓ Tracking dashboard saved: /Users/rico/sports-models/nba/nba_tracking_dashboard.html[0m

[1m[96mSTEP 2: Fetching Composite Stats (Season + Form)[0m
[92m✓ Using cached composite stats (less than 6 hours old)[0m

[1m[96mSTEP 3: Fetching Home/Away Splits[0m
[92m✓ Using cached home/away splits (less than 6 hours old)[0m

[1m[96mSTEP 4: Fetching Team Schedules (Rest Days)[0m

[1m[96mSTEP 5: Fetching Live Odds (Next 2 Days)[0m
[91m✗ Error fetching odds: 401 Client Error: Unauthorized for url: https://api.the-odds-api.com/v4/sports/basketball_nba/odds/?apiKey=faabaed9ec8604dcc24db96c53d6ae01&regions=us%2Cus2&markets=h2h%2Cspreads%2Ctotals&oddsFormat=american&dateFormat=iso[0m

[93m⚠️  No games found from The Odds API.[0m


==========================================
✅ Model completed successfully!
==========================================

📤 Pushing updates to GitHub...
[main 2fac20c] Update model outputs - 2025-12-24 10:00:03
 Committer: Ricardo Hill <rico@Ricos-M1-Mac-2.local>
Your name and email address were configured automatically based
on your username and hostname. Please check that they are accurate.
You can suppress this message by setting them explicitly. Run the
following command and follow the instructions in your editor to edit
your configuration file:

    git config --global --edit

After doing this, you may fix the identity used for this commit with:

    git commit --amend --reset-author

 1 file changed, 1 insertion(+), 1 deletion(-)
To https://github.com/BangLetsGetIt/NBA-NCAA-Betting-Models.git
   6ef3985..2fac20c  main -> main
✅ Successfully pushed to GitHub!
==========================================
NBA Model Run: Thu Dec 25 10:00:00 EST 2025
==========================================
Running NBA model...

[1m==========================================================================================[0m
[1m[96m🎲 IMPROVED NBA BETTING MODEL 🎲[0m
[1m[92m⚡ Enhanced Stats + Rest Days + Stricter Filters ⚡[0m
[1m==========================================================================================[0m

[1m[96mSTEP 1: Checking for Completed Games[0m

[96m==========================================================================================[0m
[96m🔄 UPDATING RESULTS FOR COMPLETED GAMES[0m
[96m==========================================================================================[0m

[93m📋 Checking 1 pending picks...[0m
[96mFetching completed NBA game scores...[0m
[93m⚠️  Could not fetch scores: 401[0m
[93m⚠️  No completed games found.[0m
[92m✓ Tracking data saved to /Users/rico/sports-models/nba/nba_picks_tracking.json[0m
[92m✓ Tracking dashboard saved: /Users/rico/sports-models/nba/nba_tracking_dashboard.html[0m

[1m[96mSTEP 2: Fetching Composite Stats (Season + Form)[0m
[92m✓ Using cached composite stats (less than 6 hours old)[0m

[1m[96mSTEP 3: Fetching Home/Away Splits[0m
[92m✓ Using cached home/away splits (less than 6 hours old)[0m

[1m[96mSTEP 4: Fetching Team Schedules (Rest Days)[0m

[1m[96mSTEP 5: Fetching Live Odds (Next 2 Days)[0m
[91m✗ Error fetching odds: 401 Client Error: Unauthorized for url: https://api.the-odds-api.com/v4/sports/basketball_nba/odds/?apiKey=faabaed9ec8604dcc24db96c53d6ae01&regions=us%2Cus2&markets=h2h%2Cspreads%2Ctotals&oddsFormat=american&dateFormat=iso[0m

[93m⚠️  No games found from The Odds API.[0m


==========================================
✅ Model completed successfully!
==========================================

📤 Pushing updates to GitHub...
[main 2bd9864] Update model outputs - 2025-12-25 10:00:02
 Committer: Ricardo Hill <rico@Ricos-M1-Mac-2.local>
Your name and email address were configured automatically based
on your username and hostname. Please check that they are accurate.
You can suppress this message by setting them explicitly. Run the
following command and follow the instructions in your editor to edit
your configuration file:

    git config --global --edit

After doing this, you may fix the identity used for this commit with:

    git commit --amend --reset-author

 2 files changed, 3 insertions(+), 3 deletions(-)
To https://github.com/BangLetsGetIt/NBA-NCAA-Betting-Models.git
   0085e0e..2bd9864  main -> main
✅ Successfully pushed to GitHub!
==========================================
NBA Model Run: Fri Dec 26 10:00:02 EST 2025
==========================================
Running NBA model...

[1m==========================================================================================[0m
[1m[96m🎲 IMPROVED NBA BETTING MODEL 🎲[0m
[1m[92m⚡ Enhanced Stats + Rest Days + Stricter Filters ⚡[0m
[1m==========================================================================================[0m

[1m[96mSTEP 1: Checking for Completed Games[0m

[96m==========================================================================================[0m
[96m🔄 UPDATING RESULTS FOR COMPLETED GAMES[0m
[96m==========================================================================================[0m

[93m📋 Checking 3 pending picks...[0m
[96mFetching completed NBA game scores...[0m
[92m✓ Fetched 28 games from API[0m
[92m✓ Found 19 completed games[0m
[92m✓ Tracking data saved to /Users/rico/sports-models/nba/nba_picks_tracking.json[0m
[93mNo picks were updated (games may not be complete yet)[0m
[92m✓ Tracking dashboard saved: /Users/rico/sports-models/nba/nba_tracking_dashboard.html[0m

[1m[96mSTEP 2: Fetching Composite Stats (Season + Form)[0m
[96m🔄 Fetching new team stats from stats.nba.com...[0m
[92m✓ Fetched and cached stats for 76 teams[0m

[1m[96mSTEP 3: Fetching Home/Away Splits[0m
[96m🔄 Fetching home/away splits from stats.nba.com...[0m
[92m✓ Fetched and cached home/away splits[0m

[1m[96mSTEP 4: Fetching Team Schedules (Rest Days)[0m

[1m[96mSTEP 5: Fetching Live Odds (Next 2 Days)[0m
[92m✓ Fetched odds for 9 total games[0m
[92m✓ Filtered to 9 games in next 2 days[0m

[1m[96mSTEP 6: Processing Games & Generating Picks[0m

[92m✓ Tracking data saved to /Users/rico/sports-models/nba/nba_picks_tracking.json[0m
[92m📝 LOGGED PICK: ✅ BET: New Orleans Pelicans +5.0 (Edge: +8.5)[0m
[91m❌ Missing stats for Portland Trail Blazers or Los Angeles Clippers[0m
[91m❌ Missing stats for Portland Trail Blazers or Los Angeles Clippers[0m
[91m❌ Skipping Los Angeles Clippers @ Portland Trail Blazers - missing model data[0m
[92m✓ Tracking data saved to /Users/rico/sports-models/nba/nba_picks_tracking.json[0m
[92m✓ Updated CLV data for existing picks[0m

[1m[92m✅ Analyzed 8 games with complete odds[0m

[93m📊 All picks sorted by A.I. Rating (quality/confidence first)[0m


[1m==========================================================================================[0m
[1m[93m🏀 NBA MODEL PREDICTIONS 🏀[0m
[1m==========================================================================================[0m

[1m[96mMilwaukee Bucks @ Memphis Grizzlies[0m
  🕐 12/26/25 08:10 PM EST
  [92m[1m🎯 A.I. Rating: 4.9 ⭐⭐ (PREMIUM PLAY)[0m
  [93m⚠️ CAUTION: Memphis Grizzlies - Below average: 3-5 (38%) | -2.50u over 8 picks[0m
  📊 Spread: Market -5.5 | Model +12.8
  🎯 Total: Market 228.0 | Model 244.3
  [92m✅ BET: Memphis Grizzlies -5.5[0m
     [96mModel projects Memphis Grizzlies to win by 12.8, covering -5.5.[0m
  [92m✅ BET: OVER 228.0[0m
     [96mModel projects 244 total points, bet the OVER[0m
  📈 Predicted: Milwaukee Bucks 116, Memphis Grizzlies 129

[1m[96mBoston Celtics @ Indiana Pacers[0m
  🕐 12/26/25 07:10 PM EST
  [92m[1m🎯 A.I. Rating: 4.9 ⭐⭐ (PREMIUM PLAY)[0m
  [96m📊 NEUTRAL+: Indiana Pacers - Slightly above average: 6-5 (55%) | +0.50u over 11 picks[0m
  📊 Spread: Market +8.5 | Model -2.2
  🎯 Total: Market 222.0 | Model 237.0
  [92m✅ BET: Indiana Pacers +8.5[0m
     [96mModel projects Indiana Pacers to lose by only 2.2, covering +8.5.[0m
  [92m✅ BET: OVER 222.0[0m
     [96mModel projects 237 total points, bet the OVER[0m
  📈 Predicted: Boston Celtics 120, Indiana Pacers 117

[1m[96mCharlotte Hornets @ Orlando Magic[0m
  🕐 12/26/25 07:10 PM EST
  [92m[1m🎯 A.I. Rating: 4.3 ⭐⭐ (STRONG PLAY)[0m
  [92m🔥 HOT: Orlando Magic - Strong performer: 4-1 (80%) | +2.81u over 5 picks[0m
  📊 Spread: Market -5.5 | Model +15.4
  🎯 Total: Market 232.0 | Model 225.8
  [92m✅ BET: Orlando Magic -5.5[0m
     [96mModel projects Orlando Magic to win by 15.4, covering -5.5.[0m
  [92m✅ BET: UNDER 232.0[0m
     [96mModel projects 226 total points, bet the UNDER[0m
  📈 Predicted: Charlotte Hornets 105, Orlando Magic 121

[1m[96mPhoenix Suns @ New Orleans Pelicans[0m
  🕐 12/26/25 08:00 PM EST
  [96m[1m🎯 A.I. Rating: 3.9 ⭐ (GOOD PLAY)[0m
  [92m🔥 HOT: New Orleans Pelicans - Strong performer: 4-1 (80%) | +2.90u over 5 picks[0m
  📊 Spread: Market +5.0 | Model +3.5
  🎯 Total: Market 240.0 | Model 237.2
  [92m✅ BET: New Orleans Pelicans +5.0[0m
     [96mModel projects New Orleans Pelicans to win outright, easily covering +5.0.[0m
  [93m⚠️ NO BET - Too close to call[0m
  📈 Predicted: Phoenix Suns 117, New Orleans Pelicans 120

[1m[96mToronto Raptors @ Washington Wizards[0m
  🕐 12/26/25 07:10 PM EST
  [96m[1m🎯 A.I. Rating: 3.6 ⭐ (GOOD PLAY)[0m
  [96mℹ️ LIMITED: Washington Wizards - Limited data: 1-0 (100%) | +1.00u (1 pick)[0m
  📊 Spread: Market +7.5 | Model -2.2
  🎯 Total: Market 226.5 | Model 234.4
  [92m✅ BET: Washington Wizards +7.5[0m
     [96mModel projects Washington Wizards to lose by only 2.2, covering +7.5.[0m
  [92m✅ BET: OVER 226.5[0m
     [96mModel projects 234 total points, bet the OVER[0m
  📈 Predicted: Toronto Raptors 118, Washington Wizards 116

[1m[96mMiami Heat @ Atlanta Hawks[0m
  🕐 12/26/25 07:10 PM EST
  [96m[1m🎯 A.I. Rating: 3.5 ⭐ (GOOD PLAY)[0m
  📊 Spread: Market -3.0 | Model +2.4
  🎯 Total: Market 247.5 | Model 240.1
  [93m⚠️ NO BET - Too close to call[0m
     [96mEdge too small (-0.6)[0m
  [92m✅ BET: UNDER 247.5[0m
     [96mModel projects 240 total points, bet the UNDER[0m
  📈 Predicted: Miami Heat 119, Atlanta Hawks 121

[1m[96mPhiladelphia 76ers @ Chicago Bulls[0m
  🕐 12/26/25 07:40 PM EST
  [93m[1m🎯 A.I. Rating: 3.1 ⭐ (STANDARD PLAY)[0m
  [96mℹ️ LIMITED: Chicago Bulls - Limited data: 0-2 (0%) | -2.20u (2 picks)[0m
  📊 Spread: Market -1.0 | Model +6.1
  🎯 Total: Market 239.5 | Model 240.6
  [92m✅ BET: Chicago Bulls -1.0[0m
     [96mModel projects Chicago Bulls to win by 6.1, covering -1.0.[0m
  [93m⚠️ NO BET - Too close to call[0m
  📈 Predicted: Philadelphia 76ers 117, Chicago Bulls 123

[1m[96mDetroit Pistons @ Utah Jazz[0m
  🕐 12/26/25 09:40 PM EST
  [93m[1m🎯 A.I. Rating: 3.0 ⭐ (STANDARD PLAY)[0m
  📊 Spread: Market +9.5 | Model -7.2
  🎯 Total: Market 244.0 | Model 239.3
  [93m⚠️ NO BET - Too close to call[0m
     [96mEdge too small (+2.3)[0m
  [93m⚠️ NO BET - Too close to call[0m
  📈 Predicted: Detroit Pistons 123, Utah Jazz 116

[92m✓ CSV saved: /Users/rico/sports-models/nba/nba_model_output.csv[0m
[92m✓ HTML saved: /Users/rico/sports-models/nba/nba_model_output.html[0m

[1m[96mSTEP 7: Generating Final Tracking Dashboard[0m
[92m✓ Tracking dashboard saved: /Users/rico/sports-models/nba/nba_tracking_dashboard.html[0m

[1m==========================================================================================[0m
[1m[93m📊 TRACKING SUMMARY 📊[0m
[1m==========================================================================================[0m
[92mTotal Tracked Bets: 221[0m
[92mRecord: 117-99-2[0m
[92mWin Rate: 54.2%[0m
[92mProfit: +7.26 units[0m
[92mROI: +3.1%[0m
[1m==========================================================================================[0m

[96mUpdating unified dashboard...[0m
[92m✓ Dashboard updated[0m


==========================================
✅ Model completed successfully!
==========================================

📤 Pushing updates to GitHub...
[main ad22245] Update model outputs - 2025-12-26 10:01:19
 Committer: Ricardo Hill <rico@Ricos-M1-Mac-2.local>
Your name and email address were configured automatically based
on your username and hostname. Please check that they are accurate.
You can suppress this message by setting them explicitly. Run the
following command and follow the instructions in your editor to edit
your configuration file:

    git config --global --edit

After doing this, you may fix the identity used for this commit with:

    git commit --amend --reset-author

 4 files changed, 96 insertions(+), 84 deletions(-)
To https://github.com/BangLetsGetIt/NBA-NCAA-Betting-Models.git
   20be181..ad22245  main -> main
✅ Successfully pushed to GitHub!
==========================================
NBA Model Run: Sat Dec 27 10:00:02 EST 2025
==========================================
Running NBA model...

[1m==========================================================================================[0m
[1m[96m🎲 IMPROVED NBA BETTING MODEL 🎲[0m
[1m[92m⚡ Enhanced Stats + Rest Days + Stricter Filters ⚡[0m
[1m==========================================================================================[0m

[1m[96mSTEP 1: Checking for Completed Games[0m

[96m==========================================================================================[0m
[96m🔄 UPDATING RESULTS FOR COMPLETED GAMES[0m
[96m==========================================================================================[0m

[93m📋 Checking 2 pending picks...[0m
[96mFetching completed NBA game scores (via NBA API)...[0m
[92m✓ Found 9 completed games (Free API)[0m
[92m✓ Tracking data saved to /Users/rico/sports-models/nba/nba_picks_tracking.json[0m
[93mNo picks were updated (games may not be complete yet)[0m
[92m✓ Tracking dashboard saved: /Users/rico/sports-models/nba/nba_tracking_dashboard.html[0m

[1m[96mSTEP 2: Fetching Composite Stats (Season + Form)[0m
[96m🔄 Fetching new team stats from stats.nba.com...[0m
[92m✓ Fetched and cached stats for 76 teams[0m

[1m[96mSTEP 3: Fetching Home/Away Splits[0m
[96m🔄 Fetching home/away splits from stats.nba.com...[0m
[92m✓ Fetched and cached home/away splits[0m

[1m[96mSTEP 4: Fetching Team Schedules (Rest Days)[0m
[96m🔄 Fetching team schedules...[0m
[92m✓ Fetched schedules for 1 teams[0m

[1m[96mSTEP 5: Fetching Live Odds (Next 2 Days)[0m
[92m✓ Fetched odds for 9 total games[0m
[92m✓ Filtered to 9 games in next 2 days[0m

[1m[96mSTEP 6: Processing Games & Generating Picks[0m

[92m✓ Tracking data saved to /Users/rico/sports-models/nba/nba_picks_tracking.json[0m
[92m✓ Updated CLV data for existing picks[0m

[1m[92m✅ Analyzed 9 games with complete odds[0m

[93m📊 All picks sorted by A.I. Rating (quality/confidence first)[0m


[1m==========================================================================================[0m
[1m[93m🏀 NBA MODEL PREDICTIONS 🏀[0m
[1m==========================================================================================[0m

[1m[96mDallas Mavericks @ Sacramento Kings[0m
  🕐 12/27/25 05:10 PM EST
  [92m[1m🎯 A.I. Rating: 4.6 ⭐⭐ (PREMIUM PLAY)[0m
  [93m⚠️ CAUTION: Sacramento Kings - Below average: 2-3 (40%) | -1.30u over 5 picks[0m
  📊 Spread: Market +3.0 | Model +10.3
  🎯 Total: Market 232.5 | Model 236.7
  [92m✅ BET: Sacramento Kings +3.0[0m
     [96mModel projects Sacramento Kings to win outright, easily covering +3.0.[0m
  [93m⚠️ NO BET - Too close to call[0m
  📈 Predicted: Dallas Mavericks 113, Sacramento Kings 124

[1m[96mMilwaukee Bucks @ Chicago Bulls[0m
  🕐 12/27/25 08:10 PM EST
  [96m[1m🎯 A.I. Rating: 3.8 ⭐ (GOOD PLAY)[0m
  📊 Spread: Market -3.0 | Model +2.9
  🎯 Total: Market 235.5 | Model 244.5
  [93m⚠️ NO BET - Too close to call[0m
     [96mEdge too small (-0.1)[0m
  [92m✅ BET: OVER 235.5[0m
     [96mModel projects 244 total points, bet the OVER[0m
  📈 Predicted: Milwaukee Bucks 121, Chicago Bulls 124

[1m[96mPhoenix Suns @ New Orleans Pelicans[0m
  🕐 12/27/25 07:10 PM EST
  [96m[1m🎯 A.I. Rating: 3.8 ⭐ (GOOD PLAY)[0m
  [96m📊 NEUTRAL+: New Orleans Pelicans - Slightly above average: 4-3 (57%) | +0.70u over 7 picks[0m
  📊 Spread: Market +5.0 | Model +3.5
  🎯 Total: Market 237.0 | Model 237.2
  [92m✅ BET: New Orleans Pelicans +5.0[0m
     [96mModel projects New Orleans Pelicans to win outright, easily covering +5.0.[0m
  [93m⚠️ NO BET - Too close to call[0m
  📈 Predicted: Phoenix Suns 117, New Orleans Pelicans 120

[1m[96mDenver Nuggets @ Orlando Magic[0m
  🕐 12/27/25 07:10 PM EST
  [96m[1m🎯 A.I. Rating: 3.6 ⭐ (GOOD PLAY)[0m
  [92m✅ GOOD: Orlando Magic - Good record: 4-2 (67%) | +1.71u over 6 picks[0m
  📊 Spread: Market +4.0 | Model +3.8
  🎯 Total: Market 234.5 | Model 233.1
  [92m✅ BET: Orlando Magic +4.0[0m
     [96mModel projects Orlando Magic to win outright, easily covering +4.0.[0m
  [93m⚠️ NO BET - Too close to call[0m
  📈 Predicted: Denver Nuggets 115, Orlando Magic 118

[1m[96mIndiana Pacers @ Miami Heat[0m
  🕐 12/27/25 08:10 PM EST
  [93m[1m🎯 A.I. Rating: 3.4 ⭐ (STANDARD PLAY)[0m
  📊 Spread: Market -8.5 | Model +7.2
  🎯 Total: Market 230.5 | Model 237.8
  [93m⚠️ NO BET - Too close to call[0m
     [96mEdge too small (-1.3)[0m
  [92m✅ BET: OVER 230.5[0m
     [96mModel projects 238 total points, bet the OVER[0m
  📈 Predicted: Indiana Pacers 115, Miami Heat 122

[1m[96mNew York Knicks @ Atlanta Hawks[0m
  🕐 12/27/25 08:10 PM EST
  [93m[1m🎯 A.I. Rating: 3.4 ⭐ (STANDARD PLAY)[0m
  [96mℹ️ LIMITED: Atlanta Hawks - Limited data: 0-1 (0%) | -1.10u (1 pick)[0m
  📊 Spread: Market +7.0 | Model +0.2
  🎯 Total: Market 241.5 | Model 239.6
  [92m✅ BET: Atlanta Hawks +7.0[0m
     [96mModel projects Atlanta Hawks to win outright, easily covering +7.0.[0m
  [93m⚠️ NO BET - Too close to call[0m
  📈 Predicted: New York Knicks 120, Atlanta Hawks 120

[1m[96mBrooklyn Nets @ Minnesota Timberwolves[0m
  🕐 12/27/25 08:10 PM EST
  [93m[1m🎯 A.I. Rating: 3.3 ⭐ (STANDARD PLAY)[0m
  📊 Spread: Market -11.0 | Model +15.5
  🎯 Total: Market 225.5 | Model 232.2
  [93m⚠️ NO BET - Too close to call[0m
     [96mEdge too small (+4.5)[0m
  [92m✅ BET: OVER 225.5[0m
     [96mModel projects 232 total points, bet the OVER[0m
  📈 Predicted: Brooklyn Nets 108, Minnesota Timberwolves 124

[1m[96mCleveland Cavaliers @ Houston Rockets[0m
  🕐 12/27/25 08:10 PM EST
  [93m[1m🎯 A.I. Rating: 3.3 ⭐ (STANDARD PLAY)[0m
  📊 Spread: Market -4.0 | Model +2.1
  🎯 Total: Market 234.0 | Model 240.7
  [93m⚠️ NO BET - Too close to call[0m
     [96mEdge too small (-1.9)[0m
  [92m✅ BET: OVER 234.0[0m
     [96mModel projects 241 total points, bet the OVER[0m
  📈 Predicted: Cleveland Cavaliers 119, Houston Rockets 121

[1m[96mUtah Jazz @ San Antonio Spurs[0m
  🕐 12/27/25 08:10 PM EST
  [93m[1m🎯 A.I. Rating: 3.1 ⭐ (STANDARD PLAY)[0m
  [96mℹ️ LIMITED: Utah Jazz - Limited data: 1-0 (100%) | +1.00u (1 pick)[0m
  📊 Spread: Market -16.5 | Model +11.1
  🎯 Total: Market 243.0 | Model 238.0
  [92m✅ BET: Utah Jazz +16.5[0m
     [96mModel projects San Antonio Spurs to win by only 11.1, not enough to cover -16.5.[0m
  [93m⚠️ NO BET - Too close to call[0m
  📈 Predicted: Utah Jazz 113, San Antonio Spurs 125

[92m✓ CSV saved: /Users/rico/sports-models/nba/nba_model_output.csv[0m
[92m✓ HTML saved: /Users/rico/sports-models/nba/nba_model_output.html[0m

[1m[96mSTEP 7: Generating Final Tracking Dashboard[0m
[92m✓ Tracking dashboard saved: /Users/rico/sports-models/nba/nba_tracking_dashboard.html[0m

[1m==========================================================================================[0m
[1m[93m📊 TRACKING SUMMARY 📊[0m
[1m==========================================================================================[0m
[92mTotal Tracked Bets: 225[0m
[92mRecord: 119-102-2[0m
[92mWin Rate: 53.8%[0m
[92mProfit: +5.96 units[0m
[92mROI: +2.5%[0m
[1m==========================================================================================[0m

[96mUpdating unified dashboard...[0m
[92m✓ Dashboard updated[0m


==========================================
✅ Model completed successfully!
==========================================

📤 Pushing updates to GitHub...
[main 5e3fa5e] Update model outputs - 2025-12-27 10:01:37
 Committer: Ricardo Hill <rico@Ricos-M1-Mac-2.local>
Your name and email address were configured automatically based
on your username and hostname. Please check that they are accurate.
You can suppress this message by setting them explicitly. Run the
following command and follow the instructions in your editor to edit
your configuration file:

    git config --global --edit

After doing this, you may fix the identity used for this commit with:

    git commit --amend --reset-author

 4 files changed, 132 insertions(+), 132 deletions(-)
To https://github.com/BangLetsGetIt/NBA-NCAA-Betting-Models.git
   a166f9b..5e3fa5e  main -> main
✅ Successfully pushed to GitHub!
==========================================
NBA Model Run: Sun Dec 28 10:00:03 EST 2025
==========================================
Running NBA model...

[1m==========================================================================================[0m
[1m[96m🎲 IMPROVED NBA BETTING MODEL 🎲[0m
[1m[92m⚡ Enhanced Stats + Rest Days + Stricter Filters ⚡[0m
[1m==========================================================================================[0m

[1m[96mSTEP 1: Checking for Completed Games[0m

[96m==========================================================================================[0m
[96m🔄 UPDATING RESULTS FOR COMPLETED GAMES[0m
[96m==========================================================================================[0m

[93m📋 Checking 1 pending picks...[0m
[96mFetching completed NBA game scores (via NBA API)...[0m
[92m✓ Found 18 completed games (Free API)[0m
[92m✓ Tracking data saved to /Users/rico/sports-models/nba/nba_picks_tracking.json[0m
[93mNo picks were updated (games may not be complete yet)[0m
[92m✓ Tracking dashboard saved: /Users/rico/sports-models/nba/nba_tracking_dashboard.html[0m

[1m[96mSTEP 2: Fetching Composite Stats (Season + Form)[0m
[96m🔄 Fetching new team stats from stats.nba.com...[0m
[92m✓ Fetched and cached stats for 76 teams[0m

[1m[96mSTEP 3: Fetching Home/Away Splits[0m
[96m🔄 Fetching home/away splits from stats.nba.com...[0m
[92m✓ Fetched and cached home/away splits[0m

[1m[96mSTEP 4: Fetching Team Schedules (Rest Days)[0m

[1m[96mSTEP 5: Fetching Live Odds (Next 2 Days)[0m
[92m✓ Fetched odds for 9 total games[0m
[92m✓ Filtered to 9 games in next 2 days[0m

[1m[96mSTEP 6: Processing Games & Generating Picks[0m

[91m❌ Missing stats for Los Angeles Clippers or Detroit Pistons[0m
[91m❌ Missing stats for Los Angeles Clippers or Detroit Pistons[0m
[91m❌ Skipping Detroit Pistons @ Los Angeles Clippers - missing model data[0m
[92m✓ Tracking data saved to /Users/rico/sports-models/nba/nba_picks_tracking.json[0m
[92m✓ Updated CLV data for existing picks[0m

[1m[92m✅ Analyzed 8 games with complete odds[0m

[93m📊 All picks sorted by A.I. Rating (quality/confidence first)[0m


[1m==========================================================================================[0m
[1m[93m🏀 NBA MODEL PREDICTIONS 🏀[0m
[1m==========================================================================================[0m

[1m[96mCleveland Cavaliers @ San Antonio Spurs[0m
  🕐 12/29/25 08:10 PM EST
  [92m[1m🎯 A.I. Rating: 4.2 ⭐⭐ (STRONG PLAY)[0m
  [93m⚠️ CAUTION: Cleveland Cavaliers - Below average: 3-6 (33%) | -3.60u over 9 picks[0m
  📊 Spread: Market -5.5 | Model -5.7
  🎯 Total: Market 242.5 | Model 238.0
  [92m✅ BET: Cleveland Cavaliers +5.5[0m
     [96mModel projects San Antonio Spurs to win by only 5.7, not enough to cover -5.5.[0m
  [93m⚠️ NO BET - Too close to call[0m
  📈 Predicted: Cleveland Cavaliers 122, San Antonio Spurs 116

[1m[96mPhiladelphia 76ers @ Oklahoma City Thunder[0m
  🕐 12/28/25 03:40 PM EST
  [92m[1m🎯 A.I. Rating: 4.1 ⭐⭐ (STRONG PLAY)[0m
  [93m⚠️ CAUTION: Oklahoma City Thunder - Below average: 2-3 (40%) | -1.30u over 5 picks[0m
  📊 Spread: Market -16.0 | Model +21.4
  🎯 Total: Market 226.5 | Model 237.0
  [92m✅ BET: Oklahoma City Thunder -16.0[0m
     [96mModel projects Oklahoma City Thunder to win by 21.4, covering -16.0.[0m
  [92m✅ BET: OVER 226.5[0m
     [96mModel projects 237 total points, bet the OVER[0m
  📈 Predicted: Philadelphia 76ers 108, Oklahoma City Thunder 129

[1m[96mGolden State Warriors @ Toronto Raptors[0m
  🕐 12/28/25 03:40 PM EST
  [96m[1m🎯 A.I. Rating: 3.7 ⭐ (GOOD PLAY)[0m
  📊 Spread: Market +4.5 | Model -3.9
  🎯 Total: Market 225.0 | Model 233.0
  [93m⚠️ NO BET - Too close to call[0m
     [96mEdge too small (+0.6)[0m
  [92m✅ BET: OVER 225.0[0m
     [96mModel projects 233 total points, bet the OVER[0m
  📈 Predicted: Golden State Warriors 118, Toronto Raptors 115

[1m[96mNew York Knicks @ New Orleans Pelicans[0m
  🕐 12/29/25 08:10 PM EST
  [96m[1m🎯 A.I. Rating: 3.7 ⭐ (GOOD PLAY)[0m
  📊 Spread: Market +8.5 | Model -4.3
  🎯 Total: Market 240.5 | Model 232.5
  [93m⚠️ NO BET - Too close to call[0m
     [96mEdge too small (+4.2)[0m
  [92m✅ BET: UNDER 240.5[0m
     [96mModel projects 232 total points, bet the UNDER[0m
  📈 Predicted: New York Knicks 118, New Orleans Pelicans 114

[1m[96mDenver Nuggets @ Miami Heat[0m
  🕐 12/29/25 07:40 PM EST
  [96m[1m🎯 A.I. Rating: 3.5 ⭐ (GOOD PLAY)[0m
  📊 Spread: Market +4.0 | Model +3.6
  🎯 Total: Market 244.5 | Model 237.0
  [92m✅ BET: Miami Heat +4.0[0m
     [96mModel projects Miami Heat to win outright, easily covering +4.0.[0m
  [92m✅ BET: UNDER 244.5[0m
     [96mModel projects 237 total points, bet the UNDER[0m
  📈 Predicted: Denver Nuggets 117, Miami Heat 120

[1m[96mSacramento Kings @ Los Angeles Lakers[0m
  🕐 12/28/25 09:40 PM EST
  [93m[1m🎯 A.I. Rating: 3.1 ⭐ (STANDARD PLAY)[0m
  [0m➖ NEUTRAL: Sacramento Kings - Average performance: 3-3 (50%) | -0.30u over 6 picks[0m
  📊 Spread: Market -13.0 | Model +7.6
  🎯 Total: Market 232.0 | Model 234.5
  [92m✅ BET: Sacramento Kings +13.0[0m
     [96mModel projects Los Angeles Lakers to win by only 7.6, not enough to cover -13.0.[0m
  [93m⚠️ NO BET - Too close to call[0m
  📈 Predicted: Sacramento Kings 113, Los Angeles Lakers 121

[1m[96mMemphis Grizzlies @ Washington Wizards[0m
  🕐 12/28/25 06:10 PM EST
  [93m[1m🎯 A.I. Rating: 2.9  (MARGINAL PLAY)[0m
  📊 Spread: Market +7.0 | Model -11.2
  🎯 Total: Market 240.5 | Model 238.9
  [93m⚠️ NO BET - Too close to call[0m
     [96mEdge too small (-4.2)[0m
  [93m⚠️ NO BET - Too close to call[0m
  📈 Predicted: Memphis Grizzlies 125, Washington Wizards 114

[1m[96mBoston Celtics @ Portland Trail Blazers[0m
  🕐 12/28/25 06:10 PM EST
  [93m[1m🎯 A.I. Rating: 2.7  (MARGINAL PLAY)[0m
  📊 Spread: Market +7.0 | Model -7.1
  🎯 Total: Market 229.5 | Model 231.9
  [93m⚠️ NO BET - Too close to call[0m
     [96mEdge too small (-0.1)[0m
  [93m⚠️ NO BET - Too close to call[0m
  📈 Predicted: Boston Celtics 120, Portland Trail Blazers 112

[92m✓ CSV saved: /Users/rico/sports-models/nba/nba_model_output.csv[0m
[92m✓ HTML saved: /Users/rico/sports-models/nba/nba_model_output.html[0m

[1m[96mSTEP 7: Generating Final Tracking Dashboard[0m
[92m✓ Tracking dashboard saved: /Users/rico/sports-models/nba/nba_tracking_dashboard.html[0m

[1m==========================================================================================[0m
[1m[93m📊 TRACKING SUMMARY 📊[0m
[1m==========================================================================================[0m
[92mTotal Tracked Bets: 226[0m
[92mRecord: 121-102-2[0m
[92mWin Rate: 54.3%[0m
[92mProfit: +7.96 units[0m
[92mROI: +3.2%[0m
[1m==========================================================================================[0m

[96mUpdating unified dashboard...[0m
[92m✓ Dashboard updated[0m


==========================================
✅ Model completed successfully!
==========================================

📤 Pushing updates to GitHub...
[main d019216] Update model outputs - 2025-12-28 10:01:34
 Committer: Ricardo Hill <rico@Ricos-M1-Mac-2.local>
Your name and email address were configured automatically based
on your username and hostname. Please check that they are accurate.
You can suppress this message by setting them explicitly. Run the
following command and follow the instructions in your editor to edit
your configuration file:

    git config --global --edit

After doing this, you may fix the identity used for this commit with:

    git commit --amend --reset-author

 4 files changed, 230 insertions(+), 36 deletions(-)
To https://github.com/BangLetsGetIt/NBA-NCAA-Betting-Models.git
   01f3475..d019216  main -> main
✅ Successfully pushed to GitHub!
==========================================
NBA Model Run: Mon Dec 29 10:00:03 EST 2025
==========================================
Running NBA model...

[1m==========================================================================================[0m
[1m[96m🎲 IMPROVED NBA BETTING MODEL 🎲[0m
[1m[92m⚡ Enhanced Stats + Rest Days + Stricter Filters ⚡[0m
[1m==========================================================================================[0m

[1m[96mSTEP 1: Checking for Completed Games[0m

[96m==========================================================================================[0m
[96m🔄 UPDATING RESULTS FOR COMPLETED GAMES[0m
[96m==========================================================================================[0m

[93m📋 Checking 11 pending picks...[0m
[96mFetching completed NBA game scores (via NBA API)...[0m
[92m✓ Found 15 completed games (Free API)[0m
[92m✓ Tracking data saved to /Users/rico/sports-models/nba/nba_picks_tracking.json[0m
[93mNo picks were updated (games may not be complete yet)[0m
[92m✓ Tracking dashboard saved: /Users/rico/sports-models/nba/nba_tracking_dashboard.html[0m

[1m[96mSTEP 2: Fetching Composite Stats (Season + Form)[0m
[96m🔄 Fetching new team stats from stats.nba.com...[0m
[92m✓ Fetched and cached stats for 76 teams[0m

[1m[96mSTEP 3: Fetching Home/Away Splits[0m
[96m🔄 Fetching home/away splits from stats.nba.com...[0m
[92m✓ Fetched and cached home/away splits[0m

[1m[96mSTEP 4: Fetching Team Schedules (Rest Days)[0m

[1m[96mSTEP 5: Fetching Live Odds (Next 2 Days)[0m
[92m✓ Fetched odds for 11 total games[0m
[92m✓ Filtered to 11 games in next 2 days[0m

[1m[96mSTEP 6: Processing Games & Generating Picks[0m

[92m✓ Tracking data saved to /Users/rico/sports-models/nba/nba_picks_tracking.json[0m
[92m📝 LOGGED PICK: ✅ BET: Indiana Pacers +15.0 (Edge: -5.3)[0m
[92m✓ Tracking data saved to /Users/rico/sports-models/nba/nba_picks_tracking.json[0m
[92m✓ Updated CLV data for existing picks[0m

[1m[92m✅ Analyzed 11 games with complete odds[0m

[93m📊 All picks sorted by A.I. Rating (quality/confidence first)[0m


[1m==========================================================================================[0m
[1m[93m🏀 NBA MODEL PREDICTIONS 🏀[0m
[1m==========================================================================================[0m

[1m[96mIndiana Pacers @ Houston Rockets[0m
  🕐 12/29/25 08:10 PM EST
  [92m[1m🎯 A.I. Rating: 4.9 ⭐⭐ (PREMIUM PLAY)[0m
  [96m📊 NEUTRAL+: Indiana Pacers - Slightly above average: 6-5 (55%) | +0.50u over 11 picks[0m
  📊 Spread: Market -15.0 | Model +9.7
  🎯 Total: Market 221.5 | Model 240.2
  [92m✅ BET: Indiana Pacers +15.0[0m
     [96mModel projects Houston Rockets to win by only 9.7, not enough to cover -15.0.[0m
  [92m✅ BET: OVER 221.5[0m
     [96mModel projects 240 total points, bet the OVER[0m
  📈 Predicted: Indiana Pacers 115, Houston Rockets 125

[1m[96mNew York Knicks @ New Orleans Pelicans[0m
  🕐 12/29/25 08:10 PM EST
  [92m[1m🎯 A.I. Rating: 4.8 ⭐⭐ (PREMIUM PLAY)[0m
  📊 Spread: Market +8.5 | Model -4.3
  🎯 Total: Market 246.5 | Model 232.5
  [93m⚠️ NO BET - Too close to call[0m
     [96mEdge too small (+4.2)[0m
  [92m✅ BET: UNDER 246.5[0m
     [96mModel projects 232 total points, bet the UNDER[0m
  📈 Predicted: New York Knicks 118, New Orleans Pelicans 114

[1m[96mOrlando Magic @ Toronto Raptors[0m
  🕐 12/29/25 07:40 PM EST
  [92m[1m🎯 A.I. Rating: 4.0 ⭐⭐ (STRONG PLAY)[0m
  📊 Spread: Market +1.5 | Model +3.2
  🎯 Total: Market 220.5 | Model 230.3
  [93m⚠️ NO BET - Too close to call[0m
     [96mEdge too small (+4.7)[0m
  [92m✅ BET: OVER 220.5[0m
     [96mModel projects 230 total points, bet the OVER[0m
  📈 Predicted: Orlando Magic 114, Toronto Raptors 117

[1m[96mGolden State Warriors @ Brooklyn Nets[0m
  🕐 12/29/25 07:40 PM EST
  [96m[1m🎯 A.I. Rating: 3.9 ⭐ (GOOD PLAY)[0m
  [91m🚫 COLD: Golden State Warriors - Poor performer: 1-3 (25%) | -2.30u over 4 picks[0m
  📊 Spread: Market +4.5 | Model -10.2
  🎯 Total: Market 221.5 | Model 231.5
  [92m✅ BET: Golden State Warriors -4.5[0m
     [96mModel projects Brooklyn Nets to lose by 10.2, Golden State Warriors covers -4.5.[0m
  [92m✅ BET: OVER 221.5[0m
     [96mModel projects 232 total points, bet the OVER[0m
  📈 Predicted: Golden State Warriors 121, Brooklyn Nets 111

[1m[96mDenver Nuggets @ Miami Heat[0m
  🕐 12/29/25 07:40 PM EST
  [96m[1m🎯 A.I. Rating: 3.8 ⭐ (GOOD PLAY)[0m
  📊 Spread: Market +2.0 | Model +3.6
  🎯 Total: Market 245.5 | Model 237.0
  [92m✅ BET: Miami Heat +2.0[0m
     [96mModel projects Miami Heat to win outright, easily covering +2.0.[0m
  [92m✅ BET: UNDER 245.5[0m
     [96mModel projects 237 total points, bet the UNDER[0m
  📈 Predicted: Denver Nuggets 117, Miami Heat 120

[1m[96mCleveland Cavaliers @ San Antonio Spurs[0m
  🕐 12/29/25 08:10 PM EST
  [96m[1m🎯 A.I. Rating: 3.7 ⭐ (GOOD PLAY)[0m
  [93m⚠️ CAUTION: Cleveland Cavaliers - Below average: 3-6 (33%) | -3.60u over 9 picks[0m
  📊 Spread: Market -2.5 | Model -5.7
  🎯 Total: Market 242.0 | Model 238.0
  [92m✅ BET: Cleveland Cavaliers +2.5[0m
     [96mModel projects San Antonio Spurs to win by only 5.7, not enough to cover -2.5.[0m
  [93m⚠️ NO BET - Too close to call[0m
  📈 Predicted: Cleveland Cavaliers 122, San Antonio Spurs 116

[1m[96mPhoenix Suns @ Washington Wizards[0m
  🕐 12/29/25 07:10 PM EST
  [93m[1m🎯 A.I. Rating: 3.4 ⭐ (STANDARD PLAY)[0m
  [96mℹ️ LIMITED: Washington Wizards - Limited data: 1-0 (100%) | +1.00u (1 pick)[0m
  📊 Spread: Market +10.5 | Model -3.2
  🎯 Total: Market 233.0 | Model 236.7
  [92m✅ BET: Washington Wizards +10.5[0m
     [96mModel projects Washington Wizards to lose by only 3.2, covering +10.5.[0m
  [93m⚠️ NO BET - Too close to call[0m
  📈 Predicted: Phoenix Suns 120, Washington Wizards 117

[1m[96mMilwaukee Bucks @ Charlotte Hornets[0m
  🕐 12/29/25 07:10 PM EST
  [93m[1m🎯 A.I. Rating: 3.3 ⭐ (STANDARD PLAY)[0m
  📊 Spread: Market +3.0 | Model +0.2
  🎯 Total: Market 228.0 | Model 234.2
  [93m⚠️ NO BET - Too close to call[0m
     [96mEdge too small (+3.2)[0m
  [92m✅ BET: OVER 228.0[0m
     [96mModel projects 234 total points, bet the OVER[0m
  📈 Predicted: Milwaukee Bucks 117, Charlotte Hornets 117

[1m[96mAtlanta Hawks @ Oklahoma City Thunder[0m
  🕐 12/29/25 08:10 PM EST
  [93m[1m🎯 A.I. Rating: 3.2 ⭐ (STANDARD PLAY)[0m
  📊 Spread: Market -16.0 | Model +17.1
  🎯 Total: Market 236.5 | Model 242.1
  [93m⚠️ NO BET - Too close to call[0m
     [96mEdge too small (+1.1)[0m
  [93m⚠️ NO BET - Too close to call[0m
  📈 Predicted: Atlanta Hawks 112, Oklahoma City Thunder 130

[1m[96mDallas Mavericks @ Portland Trail Blazers[0m
  🕐 12/29/25 10:40 PM EST
  [93m[1m🎯 A.I. Rating: 3.1 ⭐ (STANDARD PLAY)[0m
  [96mℹ️ LIMITED: Portland Trail Blazers - Limited data: 1-1 (50%) | -0.10u (2 picks)[0m
  📊 Spread: Market -2.5 | Model +7.9
  🎯 Total: Market 232.5 | Model 233.9
  [92m✅ BET: Portland Trail Blazers -2.5[0m
     [96mModel projects Portland Trail Blazers to win by 7.9, covering -2.5.[0m
  [93m⚠️ NO BET - Too close to call[0m
  📈 Predicted: Dallas Mavericks 113, Portland Trail Blazers 121

[1m[96mMinnesota Timberwolves @ Chicago Bulls[0m
  🕐 12/29/25 08:10 PM EST
  [93m[1m🎯 A.I. Rating: 2.8  (MARGINAL PLAY)[0m
  📊 Spread: Market +6.0 | Model -2.9
  🎯 Total: Market 240.5 | Model 240.1
  [93m⚠️ NO BET - Too close to call[0m
     [96mEdge too small (+3.1)[0m
  [93m⚠️ NO BET - Too close to call[0m
  📈 Predicted: Minnesota Timberwolves 122, Chicago Bulls 119

[92m✓ CSV saved: /Users/rico/sports-models/nba/nba_model_output.csv[0m
[92m✓ HTML saved: /Users/rico/sports-models/nba/nba_model_output.html[0m

[1m[96mSTEP 7: Generating Final Tracking Dashboard[0m
[92m✓ Tracking dashboard saved: /Users/rico/sports-models/nba/nba_tracking_dashboard.html[0m

[1m==========================================================================================[0m
[1m[93m📊 TRACKING SUMMARY 📊[0m
[1m==========================================================================================[0m
[92mTotal Tracked Bets: 236[0m
[92mRecord: 121-102-2[0m
[92mWin Rate: 54.3%[0m
[92mProfit: +7.96 units[0m
[92mROI: +3.2%[0m
[1m==========================================================================================[0m

[96mUpdating unified dashboard...[0m
[92m✓ Dashboard updated[0m


==========================================
✅ Model completed successfully!
==========================================

📤 Pushing updates to GitHub...
[main 3279817] Update model outputs - 2025-12-29 10:00:56
 Committer: Ricardo Hill <rico@Ricos-M1-Mac-2.local>
Your name and email address were configured automatically based
on your username and hostname. Please check that they are accurate.
You can suppress this message by setting them explicitly. Run the
following command and follow the instructions in your editor to edit
your configuration file:

    git config --global --edit

After doing this, you may fix the identity used for this commit with:

    git commit --amend --reset-author

 3 files changed, 189 insertions(+), 175 deletions(-)
To https://github.com/BangLetsGetIt/NBA-NCAA-Betting-Models.git
   350e523..3279817  main -> main
✅ Successfully pushed to GitHub!
==========================================
NBA Model Run: Tue Dec 30 10:00:03 EST 2025
==========================================
Running NBA model...

[1m==========================================================================================[0m
[1m[96m🎲 IMPROVED NBA BETTING MODEL 🎲[0m
[1m[92m⚡ Enhanced Stats + Rest Days + Stricter Filters ⚡[0m
[1m==========================================================================================[0m

[1m[96mSTEP 1: Checking for Completed Games[0m

[96m==========================================================================================[0m
[96m🔄 UPDATING RESULTS FOR COMPLETED GAMES[0m
[96m==========================================================================================[0m

[93m📋 Checking 4 pending picks...[0m
[96mFetching completed NBA game scores (via NBA API)...[0m
[92m✓ Found 19 completed games (Free API)[0m
[92m✓ Tracking data saved to /Users/rico/sports-models/nba/nba_picks_tracking.json[0m
[93mNo picks were updated (games may not be complete yet)[0m
[92m✓ Tracking dashboard saved: /Users/rico/sports-models/nba/nba_tracking_dashboard.html[0m

[1m[96mSTEP 2: Fetching Composite Stats (Season + Form)[0m
[96m🔄 Fetching new team stats from stats.nba.com...[0m
[92m✓ Fetched and cached stats for 76 teams[0m

[1m[96mSTEP 3: Fetching Home/Away Splits[0m
[96m🔄 Fetching home/away splits from stats.nba.com...[0m
[92m✓ Fetched and cached home/away splits[0m

[1m[96mSTEP 4: Fetching Team Schedules (Rest Days)[0m
[96m🔄 Fetching team schedules...[0m
[92m✓ Fetched schedules for 1 teams[0m

[1m[96mSTEP 5: Fetching Live Odds (Next 2 Days)[0m
[92m✓ Fetched odds for 5 total games[0m
[92m✓ Filtered to 5 games in next 2 days[0m

[1m[96mSTEP 6: Processing Games & Generating Picks[0m

[91m❌ Missing stats for Los Angeles Clippers or Sacramento Kings[0m
[91m❌ Missing stats for Los Angeles Clippers or Sacramento Kings[0m
[91m❌ Skipping Sacramento Kings @ Los Angeles Clippers - missing model data[0m
[92m✓ Tracking data saved to /Users/rico/sports-models/nba/nba_picks_tracking.json[0m
[92m✓ Updated CLV data for existing picks[0m

[1m[92m✅ Analyzed 4 games with complete odds[0m

[93m📊 All picks sorted by A.I. Rating (quality/confidence first)[0m


[1m==========================================================================================[0m
[1m[93m🏀 NBA MODEL PREDICTIONS 🏀[0m
[1m==========================================================================================[0m

[1m[96mPhiladelphia 76ers @ Memphis Grizzlies[0m
  🕐 12/30/25 08:10 PM EST
  [92m[1m🎯 A.I. Rating: 4.9 ⭐⭐ (PREMIUM PLAY)[0m
  [93m⚠️ CAUTION: Memphis Grizzlies - Below average: 3-5 (38%) | -2.50u over 8 picks[0m
  📊 Spread: Market +1.0 | Model +15.5
  🎯 Total: Market 234.0 | Model 239.8
  [92m✅ BET: Memphis Grizzlies +1.0[0m
     [96mModel projects Memphis Grizzlies to win outright, easily covering +1.0.[0m
  [93m⚠️ NO BET - Too close to call[0m
  📈 Predicted: Philadelphia 76ers 112, Memphis Grizzlies 128

[1m[96mBoston Celtics @ Utah Jazz[0m
  🕐 12/30/25 09:10 PM EST
  [96m[1m🎯 A.I. Rating: 3.5 ⭐ (GOOD PLAY)[0m
  [92m🔥 HOT: Boston Celtics - Strong performer: 5-1 (83%) | +3.90u over 6 picks[0m
  📊 Spread: Market +8.0 | Model -15.1
  🎯 Total: Market 241.0 | Model 236.5
  [92m✅ BET: Boston Celtics -8.0[0m
     [96mModel projects Utah Jazz to lose by 15.1, Boston Celtics covers -8.0.[0m
  [93m⚠️ NO BET - Too close to call[0m
  📈 Predicted: Boston Celtics 126, Utah Jazz 111

[1m[96mDetroit Pistons @ Los Angeles Lakers[0m
  🕐 12/30/25 10:40 PM EST
  [93m[1m🎯 A.I. Rating: 3.4 ⭐ (STANDARD PLAY)[0m
  [93m⚠️ CAUTION: Los Angeles Lakers - Below average: 1-2 (33%) | -1.29u over 3 picks[0m
  📊 Spread: Market +2.5 | Model +4.6
  🎯 Total: Market 232.5 | Model 236.0
  [92m✅ BET: Los Angeles Lakers +2.5[0m
     [96mModel projects Los Angeles Lakers to win outright, easily covering +2.5.[0m
  [93m⚠️ NO BET - Too close to call[0m
  📈 Predicted: Detroit Pistons 116, Los Angeles Lakers 120

[1m[96mNew York Knicks @ San Antonio Spurs[0m
  🕐 12/31/25 07:10 PM EST
  [93m[1m🎯 A.I. Rating: 2.7  (MARGINAL PLAY)[0m
  📊 Spread: Market -2.0 | Model -0.2
  🎯 Total: Market 234.5 | Model 232.8
  [93m⚠️ NO BET - Too close to call[0m
     [96mEdge too small (-2.2)[0m
  [93m⚠️ NO BET - Too close to call[0m
  📈 Predicted: New York Knicks 116, San Antonio Spurs 116

[92m✓ CSV saved: /Users/rico/sports-models/nba/nba_model_output.csv[0m
[92m✓ HTML saved: /Users/rico/sports-models/nba/nba_model_output.html[0m

[1m[96mSTEP 7: Generating Final Tracking Dashboard[0m
[92m✓ Tracking dashboard saved: /Users/rico/sports-models/nba/nba_tracking_dashboard.html[0m

[1m==========================================================================================[0m
[1m[93m📊 TRACKING SUMMARY 📊[0m
[1m==========================================================================================[0m
[92mTotal Tracked Bets: 241[0m
[92mRecord: 129-106-2[0m
[92mWin Rate: 54.9%[0m
[92mProfit: +11.56 units[0m
[92mROI: +4.5%[0m
[1m==========================================================================================[0m

[96mUpdating unified dashboard...[0m
[92m✓ Dashboard updated[0m


==========================================
✅ Model completed successfully!
==========================================

📤 Pushing updates to GitHub...
[main 2401012] Update model outputs - 2025-12-30 10:00:55
 Committer: Ricardo Hill <rico@Ricos-M1-Mac-2.local>
Your name and email address were configured automatically based
on your username and hostname. Please check that they are accurate.
You can suppress this message by setting them explicitly. Run the
following command and follow the instructions in your editor to edit
your configuration file:

    git config --global --edit

After doing this, you may fix the identity used for this commit with:

    git commit --amend --reset-author

 3 files changed, 116 insertions(+), 27 deletions(-)
To https://github.com/BangLetsGetIt/NBA-NCAA-Betting-Models.git
   a5c0ef0..2401012  main -> main
✅ Successfully pushed to GitHub!
==========================================
NBA Model Run: Wed Dec 31 10:00:02 EST 2025
==========================================
Running NBA model...

[1m==========================================================================================[0m
[1m[96m🎲 IMPROVED NBA BETTING MODEL 🎲[0m
[1m[92m⚡ Enhanced Stats + Rest Days + Stricter Filters ⚡[0m
[1m==========================================================================================[0m

[1m[96mSTEP 1: Checking for Completed Games[0m

[96m==========================================================================================[0m
[96m🔄 UPDATING RESULTS FOR COMPLETED GAMES[0m
[96m==========================================================================================[0m

[93m📋 Checking 10 pending picks...[0m
[96mFetching completed NBA game scores (via NBA API)...[0m
[92m✓ Found 19 completed games (Free API)[0m
[92m✓ Tracking data saved to /Users/rico/sports-models/nba/nba_picks_tracking.json[0m
[93mNo picks were updated (games may not be complete yet)[0m
[92m✓ Tracking dashboard saved: /Users/rico/sports-models/nba/nba_tracking_dashboard.html[0m

[1m[96mSTEP 2: Fetching Composite Stats (Season + Form)[0m
[92m✓ Using cached composite stats (less than 6 hours old)[0m

[1m[96mSTEP 3: Fetching Home/Away Splits[0m
[92m✓ Using cached home/away splits (less than 6 hours old)[0m

[1m[96mSTEP 4: Fetching Team Schedules (Rest Days)[0m

[1m[96mSTEP 5: Fetching Live Odds (Next 2 Days)[0m
[92m✓ Fetched odds for 9 total games[0m
[92m✓ Filtered to 9 games in next 2 days[0m

[1m[96mSTEP 6: Processing Games & Generating Picks[0m

[92m✓ Tracking data saved to /Users/rico/sports-models/nba/nba_picks_tracking.json[0m
[92m✓ Updated CLV data for existing picks[0m

[1m[92m✅ Analyzed 9 games with complete odds[0m

[93m📊 All picks sorted by A.I. Rating (quality/confidence first)[0m


[1m==========================================================================================[0m
[1m[93m🏀 NBA MODEL PREDICTIONS 🏀[0m
[1m==========================================================================================[0m

[1m[96mOrlando Magic @ Indiana Pacers[0m
  🕐 12/31/25 03:10 PM EST
  [92m[1m🎯 A.I. Rating: 4.8 ⭐⭐ (PREMIUM PLAY)[0m
  [96m📊 NEUTRAL+: Indiana Pacers - Slightly above average: 7-5 (58%) | +1.50u over 12 picks[0m
  📊 Spread: Market +4.0 | Model +9.6
  🎯 Total: Market 226.0 | Model 234.1
  [92m✅ BET: Indiana Pacers +4.0[0m
     [96mModel projects Indiana Pacers to win outright, easily covering +4.0.[0m
  [92m✅ BET: OVER 226.0[0m
     [96mModel projects 234 total points, bet the OVER[0m
  📈 Predicted: Orlando Magic 112, Indiana Pacers 122

[1m[96mPhoenix Suns @ Cleveland Cavaliers[0m
  🕐 12/31/25 03:40 PM EST
  [92m[1m🎯 A.I. Rating: 4.6 ⭐⭐ (PREMIUM PLAY)[0m
  [93m⚠️ CAUTION: Cleveland Cavaliers - Below average: 4-6 (40%) | -2.60u over 10 picks[0m
  📊 Spread: Market -6.0 | Model +18.9
  🎯 Total: Market 235.5 | Model 241.3
  [92m✅ BET: Cleveland Cavaliers -6.0[0m
     [96mModel projects Cleveland Cavaliers to win by 18.9, covering -6.0.[0m
  [93m⚠️ NO BET - Too close to call[0m
  📈 Predicted: Phoenix Suns 111, Cleveland Cavaliers 130

[1m[96mNew Orleans Pelicans @ Chicago Bulls[0m
  🕐 12/31/25 07:10 PM EST
  [92m[1m🎯 A.I. Rating: 4.6 ⭐⭐ (PREMIUM PLAY)[0m
  [96mℹ️ LIMITED: Chicago Bulls - Limited data: 0-2 (0%) | -2.20u (2 picks)[0m
  📊 Spread: Market -1.0 | Model +13.6
  🎯 Total: Market 248.0 | Model 239.0
  [92m✅ BET: Chicago Bulls -1.0[0m
     [96mModel projects Chicago Bulls to win by 13.6, covering -1.0.[0m
  [92m✅ BET: UNDER 248.0[0m
     [96mModel projects 239 total points, bet the UNDER[0m
  📈 Predicted: New Orleans Pelicans 113, Chicago Bulls 126

[1m[96mDenver Nuggets @ Toronto Raptors[0m
  🕐 12/31/25 07:40 PM EST
  [96m[1m🎯 A.I. Rating: 3.6 ⭐ (GOOD PLAY)[0m
  📊 Spread: Market -6.5 | Model -1.3
  🎯 Total: Market 228.5 | Model 236.0
  [92m✅ BET: Denver Nuggets +6.5[0m
     [96mModel projects Toronto Raptors to win by only 1.3, not enough to cover -6.5.[0m
  [92m✅ BET: OVER 228.5[0m
     [96mModel projects 236 total points, bet the OVER[0m
  📈 Predicted: Denver Nuggets 119, Toronto Raptors 117

[1m[96mWashington Wizards @ Milwaukee Bucks[0m
  🕐 12/31/25 08:10 PM EST
  [93m[1m🎯 A.I. Rating: 3.4 ⭐ (STANDARD PLAY)[0m
  [91m🚫 COLD: Milwaukee Bucks - Poor performer: 2-6 (25%) | -4.69u over 8 picks[0m
  📊 Spread: Market -10.5 | Model +18.0
  🎯 Total: Market 231.5 | Model 238.8
  [92m✅ BET: Milwaukee Bucks -10.5[0m
     [96mModel projects Milwaukee Bucks to win by 18.0, covering -10.5.[0m
  [92m✅ BET: OVER 231.5[0m
     [96mModel projects 239 total points, bet the OVER[0m
  📈 Predicted: Washington Wizards 110, Milwaukee Bucks 128

[1m[96mPortland Trail Blazers @ Oklahoma City Thunder[0m
  🕐 12/31/25 08:10 PM EST
  [93m[1m🎯 A.I. Rating: 3.2 ⭐ (STANDARD PLAY)[0m
  [93m⚠️ CAUTION: Oklahoma City Thunder - Below average: 2-3 (40%) | -1.30u over 5 picks[0m
  📊 Spread: Market -16.0 | Model +21.8
  🎯 Total: Market 232.5 | Model 234.9
  [92m✅ BET: Oklahoma City Thunder -16.0[0m
     [96mModel projects Oklahoma City Thunder to win by 21.8, covering -16.0.[0m
  [93m⚠️ NO BET - Too close to call[0m
  📈 Predicted: Portland Trail Blazers 107, Oklahoma City Thunder 128

[1m[96mGolden State Warriors @ Charlotte Hornets[0m
  🕐 12/31/25 01:10 PM EST
  [93m[1m🎯 A.I. Rating: 3.2 ⭐ (STANDARD PLAY)[0m
  📊 Spread: Market +6.0 | Model -6.1
  🎯 Total: Market 234.0 | Model 228.4
  [93m⚠️ NO BET - Too close to call[0m
     [96mEdge too small (-0.1)[0m
  [93m⚠️ NO BET - Too close to call[0m
  📈 Predicted: Golden State Warriors 117, Charlotte Hornets 111

[1m[96mNew York Knicks @ San Antonio Spurs[0m
  🕐 12/31/25 07:10 PM EST
  [93m[1m🎯 A.I. Rating: 2.9  (MARGINAL PLAY)[0m
  📊 Spread: Market -1.5 | Model -0.2
  🎯 Total: Market 236.5 | Model 232.8
  [93m⚠️ NO BET - Too close to call[0m
     [96mEdge too small (-1.7)[0m
  [93m⚠️ NO BET - Too close to call[0m
  📈 Predicted: New York Knicks 116, San Antonio Spurs 116

[1m[96mMinnesota Timberwolves @ Atlanta Hawks[0m
  🕐 12/31/25 03:10 PM EST
  [93m[1m🎯 A.I. Rating: 2.8  (MARGINAL PLAY)[0m
  📊 Spread: Market +5.0 | Model -2.4
  🎯 Total: Market 243.5 | Model 240.2
  [93m⚠️ NO BET - Too close to call[0m
     [96mEdge too small (+2.6)[0m
  [93m⚠️ NO BET - Too close to call[0m
  📈 Predicted: Minnesota Timberwolves 121, Atlanta Hawks 119

[92m✓ CSV saved: /Users/rico/sports-models/nba/nba_model_output.csv[0m
[92m✓ HTML saved: /Users/rico/sports-models/nba/nba_model_output.html[0m

[1m[96mSTEP 7: Generating Final Tracking Dashboard[0m
[92m✓ Tracking dashboard saved: /Users/rico/sports-models/nba/nba_tracking_dashboard.html[0m

[1m==========================================================================================[0m
[1m[93m📊 TRACKING SUMMARY 📊[0m
[1m==========================================================================================[0m
[92mTotal Tracked Bets: 252[0m
[92mRecord: 131-109-2[0m
[92mWin Rate: 54.6%[0m
[92mProfit: +10.26 units[0m
[92mROI: +3.9%[0m
[1m==========================================================================================[0m

[96mUpdating unified dashboard...[0m
[92m✓ Dashboard updated[0m


==========================================
✅ Model completed successfully!
==========================================

📤 Pushing updates to GitHub...
[main 0438a19] Update model outputs - 2025-12-31 10:00:09
 Committer: Ricardo Hill <rico@Ricos-M1-Mac-2.local>
Your name and email address were configured automatically based
on your username and hostname. Please check that they are accurate.
You can suppress this message by setting them explicitly. Run the
following command and follow the instructions in your editor to edit
your configuration file:

    git config --global --edit

After doing this, you may fix the identity used for this commit with:

    git commit --amend --reset-author

 4 files changed, 95 insertions(+), 89 deletions(-)
To https://github.com/BangLetsGetIt/NBA-NCAA-Betting-Models.git
   5c27511..0438a19  main -> main
✅ Successfully pushed to GitHub!
==========================================
NBA Model Run: Thu Jan  1 10:00:02 EST 2026
==========================================
Running NBA model...

[1m==========================================================================================[0m
[1m[96m🎲 IMPROVED NBA BETTING MODEL 🎲[0m
[1m[92m⚡ Enhanced Stats + Rest Days + Stricter Filters ⚡[0m
[1m==========================================================================================[0m

[1m[96mSTEP 1: Checking for Completed Games[0m

[96m==========================================================================================[0m
[96m🔄 UPDATING RESULTS FOR COMPLETED GAMES[0m
[96m==========================================================================================[0m

[93m📋 Checking 2 pending picks...[0m
[96mFetching completed NBA game scores (via NBA API)...[0m
[92m✓ Found 15 completed games (Free API)[0m
[92m✓ Tracking data saved to /Users/rico/sports-models/nba/nba_picks_tracking.json[0m
[93mNo picks were updated (games may not be complete yet)[0m
[92m✓ Tracking dashboard saved: /Users/rico/sports-models/nba/nba_tracking_dashboard.html[0m

[1m[96mSTEP 2: Fetching Composite Stats (Season + Form)[0m
[96m🔄 Fetching new team stats from stats.nba.com...[0m
[92m✓ Fetched and cached stats for 76 teams[0m

[1m[96mSTEP 3: Fetching Home/Away Splits[0m
[96m🔄 Fetching home/away splits from stats.nba.com...[0m
[92m✓ Fetched and cached home/away splits[0m

[1m[96mSTEP 4: Fetching Team Schedules (Rest Days)[0m
[96m🔄 Fetching team schedules...[0m
[92m✓ Fetched schedules for 1 teams[0m

[1m[96mSTEP 5: Fetching Live Odds (Next 2 Days)[0m
[92m✓ Fetched odds for 5 total games[0m
[92m✓ Filtered to 5 games in next 2 days[0m

[1m[96mSTEP 6: Processing Games & Generating Picks[0m

[91m❌ Missing stats for Los Angeles Clippers or Utah Jazz[0m
[91m❌ Missing stats for Los Angeles Clippers or Utah Jazz[0m
[91m❌ Skipping Utah Jazz @ Los Angeles Clippers - missing model data[0m
[92m✓ Tracking data saved to /Users/rico/sports-models/nba/nba_picks_tracking.json[0m
[92m✓ Updated CLV data for existing picks[0m

[1m[92m✅ Analyzed 4 games with complete odds[0m

[93m📊 All picks sorted by A.I. Rating (quality/confidence first)[0m


[1m==========================================================================================[0m
[1m[93m🏀 NBA MODEL PREDICTIONS 🏀[0m
[1m==========================================================================================[0m

[1m[96mHouston Rockets @ Brooklyn Nets[0m
  🕐 01/01/26 06:10 PM EST
  [92m[1m🎯 A.I. Rating: 4.9 ⭐⭐ (PREMIUM PLAY)[0m
  📊 Spread: Market +11.5 | Model -9.2
  🎯 Total: Market 219.5 | Model 234.8
  [93m⚠️ NO BET - Too close to call[0m
     [96mEdge too small (+2.3)[0m
  [92m✅ BET: OVER 219.5[0m
     [96mModel projects 235 total points, bet the OVER[0m
  📈 Predicted: Houston Rockets 122, Brooklyn Nets 113

[1m[96mPhiladelphia 76ers @ Dallas Mavericks[0m
  🕐 01/01/26 08:40 PM EST
  [92m[1m🎯 A.I. Rating: 4.6 ⭐⭐ (PREMIUM PLAY)[0m
  [92m🔥 HOT: Dallas Mavericks - Strong performer: 6-2 (75%) | +3.90u over 8 picks[0m
  📊 Spread: Market +2.5 | Model +9.8
  🎯 Total: Market 231.0 | Model 235.9
  [92m✅ BET: Dallas Mavericks +2.5[0m
     [96mModel projects Dallas Mavericks to win outright, easily covering +2.5.[0m
  [93m⚠️ NO BET - Too close to call[0m
  📈 Predicted: Philadelphia 76ers 113, Dallas Mavericks 123

[1m[96mBoston Celtics @ Sacramento Kings[0m
  🕐 01/01/26 10:10 PM EST
  [93m[1m🎯 A.I. Rating: 3.2 ⭐ (STANDARD PLAY)[0m
  📊 Spread: Market +9.5 | Model -5.2
  🎯 Total: Market 227.5 | Model 233.2
  [93m⚠️ NO BET - Too close to call[0m
     [96mEdge too small (+4.3)[0m
  [93m⚠️ NO BET - Too close to call[0m
  📈 Predicted: Boston Celtics 119, Sacramento Kings 114

[1m[96mMiami Heat @ Detroit Pistons[0m
  🕐 01/01/26 07:10 PM EST
  [93m[1m🎯 A.I. Rating: 2.4  (MARGINAL PLAY)[0m
  📊 Spread: Market -5.0 | Model +5.2
  🎯 Total: Market 237.0 | Model 236.4
  [93m⚠️ NO BET - Too close to call[0m
     [96mEdge too small (+0.2)[0m
  [93m⚠️ NO BET - Too close to call[0m
  📈 Predicted: Miami Heat 116, Detroit Pistons 121

[92m✓ CSV saved: /Users/rico/sports-models/nba/nba_model_output.csv[0m
[92m✓ HTML saved: /Users/rico/sports-models/nba/nba_model_output.html[0m

[1m[96mSTEP 7: Generating Final Tracking Dashboard[0m
[92m✓ Tracking dashboard saved: /Users/rico/sports-models/nba/nba_tracking_dashboard.html[0m

[1m==========================================================================================[0m
[1m[93m📊 TRACKING SUMMARY 📊[0m
[1m==========================================================================================[0m
[92mTotal Tracked Bets: 254[0m
[92mRecord: 136-114-2[0m
[92mWin Rate: 54.4%[0m
[92mProfit: +9.76 units[0m
[92mROI: +3.5%[0m
[1m==========================================================================================[0m

[96mUpdating unified dashboard...[0m
[92m✓ Dashboard updated[0m


==========================================
✅ Model completed successfully!
==========================================

📤 Pushing updates to GitHub...
[main c2ef90a] Update model outputs - 2026-01-01 10:01:02
 Committer: Ricardo Hill <rico@Ricos-M1-Mac-2.local>
Your name and email address were configured automatically based
on your username and hostname. Please check that they are accurate.
You can suppress this message by setting them explicitly. Run the
following command and follow the instructions in your editor to edit
your configuration file:

    git config --global --edit

After doing this, you may fix the identity used for this commit with:

    git commit --amend --reset-author

 4 files changed, 22 insertions(+), 22 deletions(-)
To https://github.com/BangLetsGetIt/NBA-NCAA-Betting-Models.git
   f8ca291..c2ef90a  main -> main
✅ Successfully pushed to GitHub!
==========================================
NBA Model Run: Fri Jan  2 10:00:01 EST 2026
==========================================
Running NBA model...

[1m==========================================================================================[0m
[1m[96m🎲 IMPROVED NBA BETTING MODEL 🎲[0m
[1m[92m⚡ Enhanced Stats + Rest Days + Stricter Filters ⚡[0m
[1m==========================================================================================[0m

[1m[96mSTEP 1: Checking for Completed Games[0m

[96m==========================================================================================[0m
[96m🔄 UPDATING RESULTS FOR COMPLETED GAMES[0m
[96m==========================================================================================[0m

[93m📋 Checking 9 pending picks...[0m
[96mFetching completed NBA game scores (via NBA API)...[0m
[92m✓ Found 14 completed games (Free API)[0m
[92m✓ Tracking data saved to /Users/rico/sports-models/nba/nba_picks_tracking.json[0m
[93mNo picks were updated (games may not be complete yet)[0m
[92m✓ Tracking dashboard saved: /Users/rico/sports-models/nba/nba_tracking_dashboard.html[0m

[1m[96mSTEP 2: Fetching Composite Stats (Season + Form)[0m
[96m🔄 Fetching new team stats from stats.nba.com...[0m
[92m✓ Fetched and cached stats for 76 teams[0m

[1m[96mSTEP 3: Fetching Home/Away Splits[0m
[96m🔄 Fetching home/away splits from stats.nba.com...[0m
[92m✓ Fetched and cached home/away splits[0m

[1m[96mSTEP 4: Fetching Team Schedules (Rest Days)[0m

[1m[96mSTEP 5: Fetching Live Odds (Next 2 Days)[0m
[92m✓ Fetched odds for 10 total games[0m
[92m✓ Filtered to 10 games in next 2 days[0m

[1m[96mSTEP 6: Processing Games & Generating Picks[0m

[92m✓ Tracking data saved to /Users/rico/sports-models/nba/nba_picks_tracking.json[0m
[92m✓ Updated CLV data for existing picks[0m

[1m[92m✅ Analyzed 10 games with complete odds[0m

[93m📊 All picks sorted by A.I. Rating (quality/confidence first)[0m


[1m==========================================================================================[0m
[1m[93m🏀 NBA MODEL PREDICTIONS 🏀[0m
[1m==========================================================================================[0m

[1m[96mSan Antonio Spurs @ Indiana Pacers[0m
  🕐 01/02/26 07:10 PM EST
  [92m[1m🎯 A.I. Rating: 4.9 ⭐⭐ (PREMIUM PLAY)[0m
  [92m✅ GOOD: Indiana Pacers - Good record: 8-5 (62%) | +2.50u over 13 picks[0m
  📊 Spread: Market +6.0 | Model +11.2
  🎯 Total: Market 237.5 | Model 237.3
  [92m✅ BET: Indiana Pacers +6.0[0m
     [96mModel projects Indiana Pacers to win outright, easily covering +6.0.[0m
  [93m⚠️ NO BET - Too close to call[0m
  📈 Predicted: San Antonio Spurs 113, Indiana Pacers 124

[1m[96mPortland Trail Blazers @ New Orleans Pelicans[0m
  🕐 01/02/26 08:10 PM EST
  [92m[1m🎯 A.I. Rating: 4.6 ⭐⭐ (PREMIUM PLAY)[0m
  📊 Spread: Market -1.0 | Model +2.5
  🎯 Total: Market 245.0 | Model 232.0
  [93m⚠️ NO BET - Too close to call[0m
     [96mEdge too small (+1.5)[0m
  [92m✅ BET: UNDER 245.0[0m
     [96mModel projects 232 total points, bet the UNDER[0m
  📈 Predicted: Portland Trail Blazers 115, New Orleans Pelicans 117

[1m[96mSacramento Kings @ Phoenix Suns[0m
  🕐 01/02/26 09:10 PM EST
  [92m[1m🎯 A.I. Rating: 4.1 ⭐⭐ (STRONG PLAY)[0m
  [0m➖ NEUTRAL: Sacramento Kings - Average performance: 3-3 (50%) | -0.30u over 6 picks[0m
  📊 Spread: Market -12.5 | Model +3.7
  🎯 Total: Market 227.0 | Model 237.1
  [92m✅ BET: Sacramento Kings +12.5[0m
     [96mModel projects Phoenix Suns to win by only 3.7, not enough to cover -12.5.[0m
  [92m✅ BET: OVER 227.0[0m
     [96mModel projects 237 total points, bet the OVER[0m
  📈 Predicted: Sacramento Kings 117, Phoenix Suns 120

[1m[96mCharlotte Hornets @ Milwaukee Bucks[0m
  🕐 01/02/26 08:10 PM EST
  [92m[1m🎯 A.I. Rating: 4.0 ⭐⭐ (STRONG PLAY)[0m
  [91m🚫 COLD: Milwaukee Bucks - Poor performer: 2-7 (22%) | -5.79u over 9 picks[0m
  📊 Spread: Market -5.5 | Model +16.4
  🎯 Total: Market 232.5 | Model 234.2
  [92m✅ BET: Milwaukee Bucks -5.5[0m
     [96mModel projects Milwaukee Bucks to win by 16.4, covering -5.5.[0m
  [93m⚠️ NO BET - Too close to call[0m
  📈 Predicted: Charlotte Hornets 109, Milwaukee Bucks 125

[1m[96mOrlando Magic @ Chicago Bulls[0m
  🕐 01/02/26 08:10 PM EST
  [96m[1m🎯 A.I. Rating: 3.6 ⭐ (GOOD PLAY)[0m
  [93m⚠️ CAUTION: Chicago Bulls - Below average: 1-2 (33%) | -1.20u over 3 picks[0m
  📊 Spread: Market +5.0 | Model +3.2
  🎯 Total: Market 233.5 | Model 236.1
  [92m✅ BET: Chicago Bulls +5.0[0m
     [96mModel projects Chicago Bulls to win outright, easily covering +5.0.[0m
  [93m⚠️ NO BET - Too close to call[0m
  📈 Predicted: Orlando Magic 116, Chicago Bulls 120

[1m[96mAtlanta Hawks @ New York Knicks[0m
  🕐 01/02/26 07:40 PM EST
  [93m[1m🎯 A.I. Rating: 3.4 ⭐ (STANDARD PLAY)[0m
  📊 Spread: Market -7.5 | Model +9.6
  🎯 Total: Market 246.0 | Model 238.8
  [93m⚠️ NO BET - Too close to call[0m
     [96mEdge too small (+2.1)[0m
  [92m✅ BET: UNDER 246.0[0m
     [96mModel projects 239 total points, bet the UNDER[0m
  📈 Predicted: Atlanta Hawks 115, New York Knicks 124

[1m[96mOklahoma City Thunder @ Golden State Warriors[0m
  🕐 01/02/26 10:10 PM EST
  [93m[1m🎯 A.I. Rating: 3.4 ⭐ (STANDARD PLAY)[0m
  [93m⚠️ CAUTION: Golden State Warriors - Below average: 2-3 (40%) | -1.30u over 5 picks[0m
  📊 Spread: Market +8.5 | Model -2.3
  🎯 Total: Market 228.5 | Model 235.6
  [92m✅ BET: Golden State Warriors +8.5[0m
     [96mModel projects Golden State Warriors to lose by only 2.3, covering +8.5.[0m
  [92m✅ BET: OVER 228.5[0m
     [96mModel projects 236 total points, bet the OVER[0m
  📈 Predicted: Oklahoma City Thunder 119, Golden State Warriors 117

[1m[96mBrooklyn Nets @ Washington Wizards[0m
  🕐 01/02/26 07:10 PM EST
  [93m[1m🎯 A.I. Rating: 3.2 ⭐ (STANDARD PLAY)[0m
  📊 Spread: Market +1.5 | Model -3.7
  🎯 Total: Market 226.0 | Model 231.9
  [93m⚠️ NO BET - Too close to call[0m
     [96mEdge too small (-2.2)[0m
  [93m⚠️ NO BET - Too close to call[0m
  📈 Predicted: Brooklyn Nets 118, Washington Wizards 114

[1m[96mDenver Nuggets @ Cleveland Cavaliers[0m
  🕐 01/02/26 07:40 PM EST
  [93m[1m🎯 A.I. Rating: 2.7  (MARGINAL PLAY)[0m
  📊 Spread: Market -13.5 | Model +11.1
  🎯 Total: Market 240.5 | Model 240.6
  [93m⚠️ NO BET - Too close to call[0m
     [96mEdge too small (-2.4)[0m
  [93m⚠️ NO BET - Too close to call[0m
  📈 Predicted: Denver Nuggets 115, Cleveland Cavaliers 126

[1m[96mMemphis Grizzlies @ Los Angeles Lakers[0m
  🕐 01/02/26 10:40 PM EST
  [93m[1m🎯 A.I. Rating: 2.5  (MARGINAL PLAY)[0m
  📊 Spread: Market -3.5 | Model +4.8
  🎯 Total: Market 240.0 | Model 239.6
  [93m⚠️ NO BET - Too close to call[0m
     [96mEdge too small (+1.3)[0m
  [93m⚠️ NO BET - Too close to call[0m
  📈 Predicted: Memphis Grizzlies 117, Los Angeles Lakers 122

[92m✓ CSV saved: /Users/rico/sports-models/nba/nba_model_output.csv[0m
[92m✓ HTML saved: /Users/rico/sports-models/nba/nba_model_output.html[0m

[1m[96mSTEP 7: Generating Final Tracking Dashboard[0m
[92m✓ Tracking dashboard saved: /Users/rico/sports-models/nba/nba_tracking_dashboard.html[0m

[1m==========================================================================================[0m
[1m[93m📊 TRACKING SUMMARY 📊[0m
[1m==========================================================================================[0m
[92mTotal Tracked Bets: 263[0m
[92mRecord: 136-116-2[0m
[92mWin Rate: 54.0%[0m
[92mProfit: +7.56 units[0m
[92mROI: +2.7%[0m
[1m==========================================================================================[0m

[96mUpdating unified dashboard...[0m
[92m✓ Dashboard updated[0m


==========================================
✅ Model completed successfully!
==========================================

📤 Pushing updates to GitHub...
[main e85cc06] Update model outputs - 2026-01-02 10:00:54
 Committer: Ricardo Hill <rico@Ricos-M1-Mac-2.local>
Your name and email address were configured automatically based
on your username and hostname. Please check that they are accurate.
You can suppress this message by setting them explicitly. Run the
following command and follow the instructions in your editor to edit
your configuration file:

    git config --global --edit

After doing this, you may fix the identity used for this commit with:

    git commit --amend --reset-author

 3 files changed, 104 insertions(+), 94 deletions(-)
To https://github.com/BangLetsGetIt/NBA-NCAA-Betting-Models.git
   e19fdfc..e85cc06  main -> main
✅ Successfully pushed to GitHub!
==========================================
NBA Model Run: Sat Jan  3 10:00:01 EST 2026
==========================================
Running NBA model...

[1m==========================================================================================[0m
[1m[96m🎲 IMPROVED NBA BETTING MODEL 🎲[0m
[1m[92m⚡ Enhanced Stats + Rest Days + Stricter Filters ⚡[0m
[1m==========================================================================================[0m

[1m[96mSTEP 1: Checking for Completed Games[0m

[96m==========================================================================================[0m
[96m🔄 UPDATING RESULTS FOR COMPLETED GAMES[0m
[96m==========================================================================================[0m

[93m📋 Checking 6 pending picks...[0m
[96mFetching completed NBA game scores (via NBA API)...[0m
[92m✓ Found 15 completed games (Free API)[0m
[92m✓ Tracking data saved to /Users/rico/sports-models/nba/nba_picks_tracking.json[0m
[93mNo picks were updated (games may not be complete yet)[0m
[92m✓ Tracking dashboard saved: /Users/rico/sports-models/nba/nba_tracking_dashboard.html[0m

[1m[96mSTEP 2: Fetching Composite Stats (Season + Form)[0m
[96m🔄 Fetching new team stats from stats.nba.com...[0m
[92m✓ Fetched and cached stats for 76 teams[0m

[1m[96mSTEP 3: Fetching Home/Away Splits[0m
[96m🔄 Fetching home/away splits from stats.nba.com...[0m
[92m✓ Fetched and cached home/away splits[0m

[1m[96mSTEP 4: Fetching Team Schedules (Rest Days)[0m
[96m🔄 Fetching team schedules...[0m
[92m✓ Fetched schedules for 1 teams[0m

[1m[96mSTEP 5: Fetching Live Odds (Next 2 Days)[0m
[92m✓ Fetched odds for 8 total games[0m
[92m✓ Filtered to 8 games in next 2 days[0m

[1m[96mSTEP 6: Processing Games & Generating Picks[0m

[91m❌ Missing stats for Los Angeles Clippers or Boston Celtics[0m
[91m❌ Missing stats for Los Angeles Clippers or Boston Celtics[0m
[91m❌ Skipping Boston Celtics @ Los Angeles Clippers - missing model data[0m
[92m✓ Tracking data saved to /Users/rico/sports-models/nba/nba_picks_tracking.json[0m
[92m✓ Updated CLV data for existing picks[0m

[1m[92m✅ Analyzed 7 games with complete odds[0m

[93m📊 All picks sorted by A.I. Rating (quality/confidence first)[0m


[1m==========================================================================================[0m
[1m[93m🏀 NBA MODEL PREDICTIONS 🏀[0m
[1m==========================================================================================[0m

[1m[96mHouston Rockets @ Dallas Mavericks[0m
  🕐 01/03/26 08:40 PM EST
  [92m[1m🎯 A.I. Rating: 4.5 ⭐⭐ (PREMIUM PLAY)[0m
  [92m✅ GOOD: Dallas Mavericks - Good record: 6-3 (67%) | +2.80u over 9 picks[0m
  📊 Spread: Market +8.0 | Model +1.3
  🎯 Total: Market 226.0 | Model 237.9
  [92m✅ BET: Dallas Mavericks +8.0[0m
     [96mModel projects Dallas Mavericks to win outright, easily covering +8.0.[0m
  [92m✅ BET: OVER 226.0[0m
     [96mModel projects 238 total points, bet the OVER[0m
  📈 Predicted: Houston Rockets 118, Dallas Mavericks 120

[1m[96mPhiladelphia 76ers @ New York Knicks[0m
  🕐 01/03/26 07:40 PM EST
  [92m[1m🎯 A.I. Rating: 4.2 ⭐⭐ (STRONG PLAY)[0m
  [92m🔥 HOT: New York Knicks - Strong performer: 5-1 (83%) | +3.81u over 6 picks[0m
  📊 Spread: Market -3.0 | Model +13.9
  🎯 Total: Market 232.5 | Model 233.8
  [92m✅ BET: New York Knicks -3.0[0m
     [96mModel projects New York Knicks to win by 13.9, covering -3.0.[0m
  [93m⚠️ NO BET - Too close to call[0m
  📈 Predicted: Philadelphia 76ers 110, New York Knicks 124

[1m[96mCharlotte Hornets @ Chicago Bulls[0m
  🕐 01/03/26 08:10 PM EST
  [96m[1m🎯 A.I. Rating: 3.7 ⭐ (GOOD PLAY)[0m
  [0m➖ NEUTRAL: Chicago Bulls - Average performance: 2-2 (50%) | -0.20u over 4 picks[0m
  📊 Spread: Market -1.5 | Model +10.3
  🎯 Total: Market 238.5 | Model 234.7
  [92m✅ BET: Chicago Bulls -1.5[0m
     [96mModel projects Chicago Bulls to win by 10.3, covering -1.5.[0m
  [93m⚠️ NO BET - Too close to call[0m
  📈 Predicted: Charlotte Hornets 112, Chicago Bulls 122

[1m[96mUtah Jazz @ Golden State Warriors[0m
  🕐 01/03/26 10:10 PM EST
  [93m[1m🎯 A.I. Rating: 3.2 ⭐ (STANDARD PLAY)[0m
  📊 Spread: Market -12.5 | Model +16.0
  🎯 Total: Market 242.5 | Model 236.6
  [93m⚠️ NO BET - Too close to call[0m
     [96mEdge too small (+3.5)[0m
  [93m⚠️ NO BET - Too close to call[0m
  📈 Predicted: Utah Jazz 110, Golden State Warriors 126

[1m[96mPortland Trail Blazers @ San Antonio Spurs[0m
  🕐 01/03/26 08:10 PM EST
  [93m[1m🎯 A.I. Rating: 3.1 ⭐ (STANDARD PLAY)[0m
  📊 Spread: Market -8.5 | Model +6.6
  🎯 Total: Market 237.5 | Model 232.3
  [93m⚠️ NO BET - Too close to call[0m
     [96mEdge too small (-1.9)[0m
  [93m⚠️ NO BET - Too close to call[0m
  📈 Predicted: Portland Trail Blazers 113, San Antonio Spurs 119

[1m[96mMinnesota Timberwolves @ Miami Heat[0m
  🕐 01/03/26 05:10 PM EST
  [93m[1m🎯 A.I. Rating: 3.0 ⭐ (STANDARD PLAY)[0m
  📊 Spread: Market +2.5 | Model +2.0
  🎯 Total: Market 239.5 | Model 235.2
  [93m⚠️ NO BET - Too close to call[0m
     [96mEdge too small (+4.5)[0m
  [93m⚠️ NO BET - Too close to call[0m
  📈 Predicted: Minnesota Timberwolves 117, Miami Heat 119

[1m[96mAtlanta Hawks @ Toronto Raptors[0m
  🕐 01/03/26 07:40 PM EST
  [93m[1m🎯 A.I. Rating: 2.9  (MARGINAL PLAY)[0m
  📊 Spread: Market -4.0 | Model +1.3
  🎯 Total: Market 236.0 | Model 239.4
  [93m⚠️ NO BET - Too close to call[0m
     [96mEdge too small (-2.7)[0m
  [93m⚠️ NO BET - Too close to call[0m
  📈 Predicted: Atlanta Hawks 119, Toronto Raptors 120

[92m✓ CSV saved: /Users/rico/sports-models/nba/nba_model_output.csv[0m
[92m✓ HTML saved: /Users/rico/sports-models/nba/nba_model_output.html[0m

[1m[96mSTEP 7: Generating Final Tracking Dashboard[0m
[92m✓ Tracking dashboard saved: /Users/rico/sports-models/nba/nba_tracking_dashboard.html[0m

[1m==========================================================================================[0m
[1m[93m📊 TRACKING SUMMARY 📊[0m
[1m==========================================================================================[0m
[92mTotal Tracked Bets: 269[0m
[92mRecord: 140-121-2[0m
[92mWin Rate: 53.6%[0m
[92mProfit: +6.06 units[0m
[92mROI: +2.1%[0m
[1m==========================================================================================[0m

[96mUpdating unified dashboard...[0m
[92m✓ Dashboard updated[0m


==========================================
✅ Model completed successfully!
==========================================

📤 Pushing updates to GitHub...
[main f895e53] Update model outputs - 2026-01-03 10:00:56
 Committer: Ricardo Hill <rico@Ricos-M1-Mac-2.local>
Your name and email address were configured automatically based
on your username and hostname. Please check that they are accurate.
You can suppress this message by setting them explicitly. Run the
following command and follow the instructions in your editor to edit
your configuration file:

    git config --global --edit

After doing this, you may fix the identity used for this commit with:

    git commit --amend --reset-author

 3 files changed, 74 insertions(+), 78 deletions(-)
To https://github.com/BangLetsGetIt/NBA-NCAA-Betting-Models.git
   be10f5b..f895e53  main -> main
✅ Successfully pushed to GitHub!
==========================================
NBA Model Run: Sun Jan  4 10:00:02 EST 2026
==========================================
Running NBA model...

[1m==========================================================================================[0m
[1m[96m🎲 IMPROVED NBA BETTING MODEL 🎲[0m
[1m[92m⚡ Enhanced Stats + Rest Days + Stricter Filters ⚡[0m
[1m==========================================================================================[0m

[1m[96mSTEP 1: Checking for Completed Games[0m

[96m==========================================================================================[0m
[96m🔄 UPDATING RESULTS FOR COMPLETED GAMES[0m
[96m==========================================================================================[0m

[93m📋 Checking 9 pending picks...[0m
[96mFetching completed NBA game scores (via NBA API)...[0m
[92m✓ Found 18 completed games (Free API)[0m
[92m✓ Tracking data saved to /Users/rico/sports-models/nba/nba_picks_tracking.json[0m
[93mNo picks were updated (games may not be complete yet)[0m
[92m✓ Tracking dashboard saved: /Users/rico/sports-models/nba/nba_tracking_dashboard.html[0m

[1m[96mSTEP 2: Fetching Composite Stats (Season + Form)[0m
[96m🔄 Fetching new team stats from stats.nba.com...[0m
[92m✓ Fetched and cached stats for 76 teams[0m

[1m[96mSTEP 3: Fetching Home/Away Splits[0m
[96m🔄 Fetching home/away splits from stats.nba.com...[0m
[92m✓ Fetched and cached home/away splits[0m

[1m[96mSTEP 4: Fetching Team Schedules (Rest Days)[0m

[1m[96mSTEP 5: Fetching Live Odds (Next 2 Days)[0m
[92m✓ Fetched odds for 8 total games[0m
[92m✓ Filtered to 8 games in next 2 days[0m

[1m[96mSTEP 6: Processing Games & Generating Picks[0m

[92m✓ Tracking data saved to /Users/rico/sports-models/nba/nba_picks_tracking.json[0m
[92m✓ Updated CLV data for existing picks[0m

[1m[92m✅ Analyzed 8 games with complete odds[0m

[93m📊 All picks sorted by A.I. Rating (quality/confidence first)[0m


[1m==========================================================================================[0m
[1m[93m🏀 NBA MODEL PREDICTIONS 🏀[0m
[1m==========================================================================================[0m

[1m[96mMilwaukee Bucks @ Sacramento Kings[0m
  🕐 01/04/26 09:10 PM EST
  [92m[1m🎯 A.I. Rating: 4.7 ⭐⭐ (PREMIUM PLAY)[0m
  [93m📉 NEUTRAL-: Sacramento Kings - Slightly below average: 3-4 (43%) | -1.40u over 7 picks[0m
  📊 Spread: Market +7.0 | Model +6.3
  🎯 Total: Market 228.5 | Model 239.2
  [92m✅ BET: Sacramento Kings +7.0[0m
     [96mModel projects Sacramento Kings to win outright, easily covering +7.0.[0m
  [92m✅ BET: OVER 228.5[0m
     [96mModel projects 239 total points, bet the OVER[0m
  📈 Predicted: Milwaukee Bucks 116, Sacramento Kings 123

[1m[96mNew Orleans Pelicans @ Miami Heat[0m
  🕐 01/04/26 06:10 PM EST
  [92m[1m🎯 A.I. Rating: 4.1 ⭐⭐ (STRONG PLAY)[0m
  [96mℹ️ LIMITED: Miami Heat - Limited data: 1-0 (100%) | +1.00u (1 pick)[0m
  📊 Spread: Market -8.0 | Model +18.5
  🎯 Total: Market 244.0 | Model 234.1
  [92m✅ BET: Miami Heat -8.0[0m
     [96mModel projects Miami Heat to win by 18.5, covering -8.0.[0m
  [92m✅ BET: UNDER 244.0[0m
     [96mModel projects 234 total points, bet the UNDER[0m
  📈 Predicted: New Orleans Pelicans 108, Miami Heat 126

[1m[96mDenver Nuggets @ Brooklyn Nets[0m
  🕐 01/04/26 03:40 PM EST
  [92m[1m🎯 A.I. Rating: 4.0 ⭐⭐ (STRONG PLAY)[0m
  [96mℹ️ LIMITED: Denver Nuggets - Limited data: 1-0 (100%) | +1.00u (1 pick)[0m
  📊 Spread: Market +2.5 | Model -7.6
  🎯 Total: Market 224.5 | Model 234.5
  [92m✅ BET: Denver Nuggets -2.5[0m
     [96mModel projects Brooklyn Nets to lose by 7.6, Denver Nuggets covers -2.5.[0m
  [92m✅ BET: OVER 224.5[0m
     [96mModel projects 234 total points, bet the OVER[0m
  📈 Predicted: Denver Nuggets 121, Brooklyn Nets 113

[1m[96mOklahoma City Thunder @ Phoenix Suns[0m
  🕐 01/04/26 08:10 PM EST
  [96m[1m🎯 A.I. Rating: 3.9 ⭐ (GOOD PLAY)[0m
  📊 Spread: Market +9.5 | Model -5.9
  🎯 Total: Market 229.5 | Model 239.4
  [93m⚠️ NO BET - Too close to call[0m
     [96mEdge too small (+3.6)[0m
  [92m✅ BET: OVER 229.5[0m
     [96mModel projects 239 total points, bet the OVER[0m
  📈 Predicted: Oklahoma City Thunder 123, Phoenix Suns 117

[1m[96mIndiana Pacers @ Orlando Magic[0m
  🕐 01/04/26 03:10 PM EST
  [93m[1m🎯 A.I. Rating: 3.3 ⭐ (STANDARD PLAY)[0m
  📊 Spread: Market -6.5 | Model +6.4
  🎯 Total: Market 227.5 | Model 234.1
  [93m⚠️ NO BET - Too close to call[0m
     [96mEdge too small (-0.1)[0m
  [92m✅ BET: OVER 227.5[0m
     [96mModel projects 234 total points, bet the OVER[0m
  📈 Predicted: Indiana Pacers 114, Orlando Magic 120

[1m[96mDetroit Pistons @ Cleveland Cavaliers[0m
  🕐 01/04/26 02:10 PM EST
  [93m[1m🎯 A.I. Rating: 3.3 ⭐ (STANDARD PLAY)[0m
  [93m📉 NEUTRAL-: Cleveland Cavaliers - Slightly below average: 5-6 (45%) | -1.60u over 11 picks[0m
  📊 Spread: Market -4.5 | Model +10.7
  🎯 Total: Market 237.5 | Model 240.0
  [92m✅ BET: Cleveland Cavaliers -4.5[0m
     [96mModel projects Cleveland Cavaliers to win by 10.7, covering -4.5.[0m
  [93m⚠️ NO BET - Too close to call[0m
  📈 Predicted: Detroit Pistons 115, Cleveland Cavaliers 125

[1m[96mMinnesota Timberwolves @ Washington Wizards[0m
  🕐 01/04/26 06:10 PM EST
  [93m[1m🎯 A.I. Rating: 2.7  (MARGINAL PLAY)[0m
  📊 Spread: Market +10.0 | Model -12.6
  🎯 Total: Market 235.5 | Model 234.2
  [93m⚠️ NO BET - Too close to call[0m
     [96mEdge too small (-2.6)[0m
  [93m⚠️ NO BET - Too close to call[0m
  📈 Predicted: Minnesota Timberwolves 123, Washington Wizards 111

[1m[96mMemphis Grizzlies @ Los Angeles Lakers[0m
  🕐 01/04/26 09:40 PM EST
  [93m[1m🎯 A.I. Rating: 2.4  (MARGINAL PLAY)[0m
  📊 Spread: Market -5.5 | Model +4.8
  🎯 Total: Market 239.0 | Model 239.6
  [93m⚠️ NO BET - Too close to call[0m
     [96mEdge too small (-0.7)[0m
  [93m⚠️ NO BET - Too close to call[0m
  📈 Predicted: Memphis Grizzlies 117, Los Angeles Lakers 122

[92m✓ CSV saved: /Users/rico/sports-models/nba/nba_model_output.csv[0m
[92m✓ HTML saved: /Users/rico/sports-models/nba/nba_model_output.html[0m

[1m[96mSTEP 7: Generating Final Tracking Dashboard[0m
[92m✓ Tracking dashboard saved: /Users/rico/sports-models/nba/nba_tracking_dashboard.html[0m

[1m==========================================================================================[0m
[1m[93m📊 TRACKING SUMMARY 📊[0m
[1m==========================================================================================[0m
[92mTotal Tracked Bets: 278[0m
[92mRecord: 143-124-2[0m
[92mWin Rate: 53.6%[0m
[92mProfit: +5.76 units[0m
[92mROI: +2.0%[0m
[1m==========================================================================================[0m

[96mUpdating unified dashboard...[0m
[92m✓ Dashboard updated[0m


==========================================
✅ Model completed successfully!
==========================================

📤 Pushing updates to GitHub...
[main bbe6022] Update model outputs - 2026-01-04 10:00:53
 Committer: Ricardo Hill <rico@Ricos-M1-Mac-2.local>
Your name and email address were configured automatically based
on your username and hostname. Please check that they are accurate.
You can suppress this message by setting them explicitly. Run the
following command and follow the instructions in your editor to edit
your configuration file:

    git config --global --edit

After doing this, you may fix the identity used for this commit with:

    git commit --amend --reset-author

 3 files changed, 122 insertions(+), 108 deletions(-)
To https://github.com/BangLetsGetIt/NBA-NCAA-Betting-Models.git
   233b0f2..bbe6022  main -> main
✅ Successfully pushed to GitHub!
==========================================
NBA Model Run: Mon Jan  5 10:00:03 EST 2026
==========================================
Running NBA model...

[1m==========================================================================================[0m
[1m[96m🎲 IMPROVED NBA BETTING MODEL 🎲[0m
[1m[92m⚡ Enhanced Stats + Rest Days + Stricter Filters ⚡[0m
[1m==========================================================================================[0m

[1m[96mSTEP 1: Checking for Completed Games[0m

[96m==========================================================================================[0m
[96m🔄 UPDATING RESULTS FOR COMPLETED GAMES[0m
[96m==========================================================================================[0m

[93m📋 Checking 8 pending picks...[0m
[96mFetching completed NBA game scores (via NBA API)...[0m
[92m✓ Found 16 completed games (Free API)[0m
[92m✓ Tracking data saved to /Users/rico/sports-models/nba/nba_picks_tracking.json[0m
[93mNo picks were updated (games may not be complete yet)[0m
[92m✓ Tracking dashboard saved: /Users/rico/sports-models/nba/nba_tracking_dashboard.html[0m

[1m[96mSTEP 2: Fetching Composite Stats (Season + Form)[0m
[96m🔄 Fetching new team stats from stats.nba.com...[0m
[92m✓ Fetched and cached stats for 76 teams[0m

[1m[96mSTEP 3: Fetching Home/Away Splits[0m
[96m🔄 Fetching home/away splits from stats.nba.com...[0m
[92m✓ Fetched and cached home/away splits[0m

[1m[96mSTEP 4: Fetching Team Schedules (Rest Days)[0m
[96m🔄 Fetching team schedules...[0m
[92m✓ Fetched schedules for 1 teams[0m

[1m[96mSTEP 5: Fetching Live Odds (Next 2 Days)[0m
[92m✓ Fetched odds for 8 total games[0m
[92m✓ Filtered to 8 games in next 2 days[0m

[1m[96mSTEP 6: Processing Games & Generating Picks[0m

[91m❌ Missing stats for Los Angeles Clippers or Golden State Warriors[0m
[91m❌ Missing stats for Los Angeles Clippers or Golden State Warriors[0m
[91m❌ Skipping Golden State Warriors @ Los Angeles Clippers - missing model data[0m
[92m✓ Tracking data saved to /Users/rico/sports-models/nba/nba_picks_tracking.json[0m
[92m✓ Updated CLV data for existing picks[0m

[1m[92m✅ Analyzed 7 games with complete odds[0m

[93m📊 All picks sorted by A.I. Rating (quality/confidence first)[0m


[1m==========================================================================================[0m
[1m[93m🏀 NBA MODEL PREDICTIONS 🏀[0m
[1m==========================================================================================[0m

[1m[96mPhoenix Suns @ Houston Rockets[0m
  🕐 01/05/26 08:10 PM EST
  [92m[1m🎯 A.I. Rating: 4.9 ⭐⭐ (PREMIUM PLAY)[0m
  [96mℹ️ LIMITED: Houston Rockets - Limited data: 1-1 (50%) | -0.19u (2 picks)[0m
  📊 Spread: Market -8.0 | Model +14.4
  🎯 Total: Market 222.5 | Model 239.6
  [92m✅ BET: Houston Rockets -8.0[0m
     [96mModel projects Houston Rockets to win by 14.4, covering -8.0.[0m
  [92m✅ BET: OVER 222.5[0m
     [96mModel projects 240 total points, bet the OVER[0m
  📈 Predicted: Phoenix Suns 113, Houston Rockets 127

[1m[96mDenver Nuggets @ Philadelphia 76ers[0m
  🕐 01/05/26 08:40 PM EST
  [92m[1m🎯 A.I. Rating: 4.9 ⭐⭐ (PREMIUM PLAY)[0m
  [96mℹ️ LIMITED: Denver Nuggets - Limited data: 1-1 (50%) | -0.10u (2 picks)[0m
  📊 Spread: Market -12.0 | Model -5.0
  🎯 Total: Market 231.0 | Model 236.9
  [92m✅ BET: Denver Nuggets +12.0[0m
     [96mModel projects Philadelphia 76ers to win by only 5.0, not enough to cover -12.0.[0m
  [93m⚠️ NO BET - Too close to call[0m
  📈 Predicted: Denver Nuggets 121, Philadelphia 76ers 116

[1m[96mCharlotte Hornets @ Oklahoma City Thunder[0m
  🕐 01/05/26 08:10 PM EST
  [92m[1m🎯 A.I. Rating: 4.1 ⭐⭐ (STRONG PLAY)[0m
  [0m➖ NEUTRAL: Oklahoma City Thunder - Average performance: 3-3 (50%) | -0.30u over 6 picks[0m
  📊 Spread: Market -15.5 | Model +26.1
  🎯 Total: Market 234.5 | Model 231.5
  [92m✅ BET: Oklahoma City Thunder -15.5[0m
     [96mModel projects Oklahoma City Thunder to win by 26.1, covering -15.5.[0m
  [93m⚠️ NO BET - Too close to call[0m
  📈 Predicted: Charlotte Hornets 103, Oklahoma City Thunder 129

[1m[96mUtah Jazz @ Portland Trail Blazers[0m
  🕐 01/05/26 10:10 PM EST
  [93m[1m🎯 A.I. Rating: 3.3 ⭐ (STANDARD PLAY)[0m
  [92m✅ GOOD: Portland Trail Blazers - Good record: 2-1 (67%) | +0.90u over 3 picks[0m
  📊 Spread: Market -6.0 | Model +12.0
  🎯 Total: Market 242.0 | Model 236.0
  [92m✅ BET: Portland Trail Blazers -6.0[0m
     [96mModel projects Portland Trail Blazers to win by 12.0, covering -6.0.[0m
  [92m✅ BET: UNDER 242.0[0m
     [96mModel projects 236 total points, bet the UNDER[0m
  📈 Predicted: Utah Jazz 112, Portland Trail Blazers 124

[1m[96mNew York Knicks @ Detroit Pistons[0m
  🕐 01/05/26 07:10 PM EST
  [93m[1m🎯 A.I. Rating: 3.1 ⭐ (STANDARD PLAY)[0m
  [96mℹ️ LIMITED: Detroit Pistons - Limited data: 1-0 (100%) | +0.91u (1 pick)[0m
  📊 Spread: Market +2.5 | Model +3.0
  🎯 Total: Market 232.5 | Model 234.7
  [92m✅ BET: Detroit Pistons +2.5[0m
     [96mModel projects Detroit Pistons to win outright, easily covering +2.5.[0m
  [93m⚠️ NO BET - Too close to call[0m
  📈 Predicted: New York Knicks 116, Detroit Pistons 119

[1m[96mAtlanta Hawks @ Toronto Raptors[0m
  🕐 01/05/26 07:40 PM EST
  [93m[1m🎯 A.I. Rating: 3.1 ⭐ (STANDARD PLAY)[0m
  📊 Spread: Market -3.5 | Model +1.3
  🎯 Total: Market 234.0 | Model 239.4
  [93m⚠️ NO BET - Too close to call[0m
     [96mEdge too small (-2.2)[0m
  [93m⚠️ NO BET - Too close to call[0m
  📈 Predicted: Atlanta Hawks 119, Toronto Raptors 120

[1m[96mChicago Bulls @ Boston Celtics[0m
  🕐 01/05/26 07:40 PM EST
  [93m[1m🎯 A.I. Rating: 2.9  (MARGINAL PLAY)[0m
  📊 Spread: Market -11.5 | Model +12.4
  🎯 Total: Market 235.0 | Model 238.8
  [93m⚠️ NO BET - Too close to call[0m
     [96mEdge too small (+0.9)[0m
  [93m⚠️ NO BET - Too close to call[0m
  📈 Predicted: Chicago Bulls 113, Boston Celtics 126

[92m✓ CSV saved: /Users/rico/sports-models/nba/nba_model_output.csv[0m
[92m✓ HTML saved: /Users/rico/sports-models/nba/nba_model_output.html[0m

[1m[96mSTEP 7: Generating Final Tracking Dashboard[0m
[92m✓ Tracking dashboard saved: /Users/rico/sports-models/nba/nba_tracking_dashboard.html[0m

[1m==========================================================================================[0m
[1m[93m📊 TRACKING SUMMARY 📊[0m
[1m==========================================================================================[0m
[92mTotal Tracked Bets: 286[0m
[92mRecord: 147-129-2[0m
[92mWin Rate: 53.3%[0m
[92mProfit: +4.26 units[0m
[92mROI: +1.4%[0m
[1m==========================================================================================[0m

[96mUpdating unified dashboard...[0m
[92m✓ Dashboard updated[0m


==========================================
✅ Model completed successfully!
==========================================

📤 Pushing updates to GitHub...
[main b7437ba] Update model outputs - 2026-01-05 10:01:13
 Committer: Ricardo Hill <rico@Ricos-M1-Mac-2.local>
Your name and email address were configured automatically based
on your username and hostname. Please check that they are accurate.
You can suppress this message by setting them explicitly. Run the
following command and follow the instructions in your editor to edit
your configuration file:

    git config --global --edit

After doing this, you may fix the identity used for this commit with:

    git commit --amend --reset-author

 4 files changed, 117 insertions(+), 109 deletions(-)
To https://github.com/BangLetsGetIt/NBA-NCAA-Betting-Models.git
   33c43ac..b7437ba  main -> main
✅ Successfully pushed to GitHub!
==========================================
NBA Model Run: Tue Jan  6 10:00:01 EST 2026
==========================================
Running NBA model...

[1m==========================================================================================[0m
[1m[96m🎲 IMPROVED NBA BETTING MODEL 🎲[0m
[1m[92m⚡ Enhanced Stats + Rest Days + Stricter Filters ⚡[0m
[1m==========================================================================================[0m

[1m[96mSTEP 1: Checking for Completed Games[0m

[96m==========================================================================================[0m
[96m🔄 UPDATING RESULTS FOR COMPLETED GAMES[0m
[96m==========================================================================================[0m

[93m📋 Checking 5 pending picks...[0m
[96mFetching completed NBA game scores (via NBA API)...[0m
[92m✓ Found 16 completed games (Free API)[0m
[92m✓ Tracking data saved to /Users/rico/sports-models/nba/nba_picks_tracking.json[0m
[93mNo picks were updated (games may not be complete yet)[0m
[92m✓ Tracking dashboard saved: /Users/rico/sports-models/nba/nba_tracking_dashboard.html[0m

[1m[96mSTEP 2: Fetching Composite Stats (Season + Form)[0m
[96m🔄 Fetching new team stats from stats.nba.com...[0m
[92m✓ Fetched and cached stats for 76 teams[0m

[1m[96mSTEP 3: Fetching Home/Away Splits[0m
[96m🔄 Fetching home/away splits from stats.nba.com...[0m
[92m✓ Fetched and cached home/away splits[0m

[1m[96mSTEP 4: Fetching Team Schedules (Rest Days)[0m

[1m[96mSTEP 5: Fetching Live Odds (Next 2 Days)[0m
[92m✓ Fetched odds for 6 total games[0m
[92m✓ Filtered to 6 games in next 2 days[0m

[1m[96mSTEP 6: Processing Games & Generating Picks[0m

[92m✓ Tracking data saved to /Users/rico/sports-models/nba/nba_picks_tracking.json[0m
[92m📝 LOGGED PICK: ✅ BET: New Orleans Pelicans +6.0 (Edge: +6.0)[0m
[92m✓ Tracking data saved to /Users/rico/sports-models/nba/nba_picks_tracking.json[0m
[92m✓ Updated CLV data for existing picks[0m

[1m[92m✅ Analyzed 6 games with complete odds[0m

[93m📊 All picks sorted by A.I. Rating (quality/confidence first)[0m


[1m==========================================================================================[0m
[1m[93m🏀 NBA MODEL PREDICTIONS 🏀[0m
[1m==========================================================================================[0m

[1m[96mSan Antonio Spurs @ Memphis Grizzlies[0m
  🕐 01/06/26 08:10 PM EST
  [92m[1m🎯 A.I. Rating: 4.9 ⭐⭐ (PREMIUM PLAY)[0m
  [93m⚠️ CAUTION: Memphis Grizzlies - Below average: 3-6 (33%) | -3.60u over 9 picks[0m
  📊 Spread: Market +5.5 | Model +14.7
  🎯 Total: Market 239.0 | Model 238.9
  [92m✅ BET: Memphis Grizzlies +5.5[0m
     [96mModel projects Memphis Grizzlies to win outright, easily covering +5.5.[0m
  [93m⚠️ NO BET - Too close to call[0m
  📈 Predicted: San Antonio Spurs 112, Memphis Grizzlies 127

[1m[96mDallas Mavericks @ Sacramento Kings[0m
  🕐 01/06/26 11:10 PM EST
  [92m[1m🎯 A.I. Rating: 4.9 ⭐⭐ (PREMIUM PLAY)[0m
  [93m⚠️ CAUTION: Sacramento Kings - Below average: 3-5 (38%) | -2.50u over 8 picks[0m
  📊 Spread: Market +5.5 | Model +9.8
  🎯 Total: Market 232.5 | Model 235.5
  [92m✅ BET: Sacramento Kings +5.5[0m
     [96mModel projects Sacramento Kings to win outright, easily covering +5.5.[0m
  [93m⚠️ NO BET - Too close to call[0m
  📈 Predicted: Dallas Mavericks 113, Sacramento Kings 123

[1m[96mLos Angeles Lakers @ New Orleans Pelicans[0m
  🕐 01/06/26 08:10 PM EST
  [92m[1m🎯 A.I. Rating: 4.0 ⭐⭐ (STRONG PLAY)[0m
  [96m📊 NEUTRAL+: New Orleans Pelicans - Slightly above average: 4-3 (57%) | +0.70u over 7 picks[0m
  📊 Spread: Market +6.0 | Model +0.0
  🎯 Total: Market 243.5 | Model 233.7
  [92m✅ BET: New Orleans Pelicans +6.0[0m
     [96mModel projects New Orleans Pelicans to lose by only 0.0, covering +6.0.[0m
  [92m✅ BET: UNDER 243.5[0m
     [96mModel projects 234 total points, bet the UNDER[0m
  📈 Predicted: Los Angeles Lakers 117, New Orleans Pelicans 117

[1m[96mCleveland Cavaliers @ Indiana Pacers[0m
  🕐 01/06/26 07:10 PM EST
  [93m[1m🎯 A.I. Rating: 3.2 ⭐ (STANDARD PLAY)[0m
  [96m📊 NEUTRAL+: Indiana Pacers - Slightly above average: 8-6 (57%) | +1.40u over 14 picks[0m
  📊 Spread: Market +5.5 | Model +0.1
  🎯 Total: Market 236.5 | Model 242.0
  [92m✅ BET: Indiana Pacers +5.5[0m
     [96mModel projects Indiana Pacers to win outright, easily covering +5.5.[0m
  [93m⚠️ NO BET - Too close to call[0m
  📈 Predicted: Cleveland Cavaliers 121, Indiana Pacers 121

[1m[96mMiami Heat @ Minnesota Timberwolves[0m
  🕐 01/06/26 08:10 PM EST
  [93m[1m🎯 A.I. Rating: 3.0 ⭐ (STANDARD PLAY)[0m
  📊 Spread: Market -6.0 | Model +10.4
  🎯 Total: Market 238.0 | Model 235.2
  [93m⚠️ NO BET - Too close to call[0m
     [96mEdge too small (+4.4)[0m
  [93m⚠️ NO BET - Too close to call[0m
  📈 Predicted: Miami Heat 112, Minnesota Timberwolves 123

[1m[96mOrlando Magic @ Washington Wizards[0m
  🕐 01/06/26 07:10 PM EST
  [93m[1m🎯 A.I. Rating: 2.9  (MARGINAL PLAY)[0m
  📊 Spread: Market +7.5 | Model -6.5
  🎯 Total: Market 234.0 | Model 230.2
  [93m⚠️ NO BET - Too close to call[0m
     [96mEdge too small (+1.0)[0m
  [93m⚠️ NO BET - Too close to call[0m
  📈 Predicted: Orlando Magic 118, Washington Wizards 112

[92m✓ CSV saved: /Users/rico/sports-models/nba/nba_model_output.csv[0m
[92m✓ HTML saved: /Users/rico/sports-models/nba/nba_model_output.html[0m

[1m[96mSTEP 7: Generating Final Tracking Dashboard[0m
[92m✓ Tracking dashboard saved: /Users/rico/sports-models/nba/nba_tracking_dashboard.html[0m

[1m==========================================================================================[0m
[1m[93m📊 TRACKING SUMMARY 📊[0m
[1m==========================================================================================[0m
[92mTotal Tracked Bets: 293[0m
[92mRecord: 153-133-2[0m
[92mWin Rate: 53.5%[0m
[92mProfit: +5.86 units[0m
[92mROI: +1.9%[0m
[1m==========================================================================================[0m

[96mUpdating unified dashboard...[0m
[92m✓ Dashboard updated[0m


==========================================
✅ Model completed successfully!
==========================================

📤 Pushing updates to GitHub...
[main d1314f1] Update model outputs - 2026-01-06 10:01:04
 Committer: Ricardo Hill <rico@Ricos-M1-Mac-2.local>
Your name and email address were configured automatically based
on your username and hostname. Please check that they are accurate.
You can suppress this message by setting them explicitly. Run the
following command and follow the instructions in your editor to edit
your configuration file:

    git config --global --edit

After doing this, you may fix the identity used for this commit with:

    git commit --amend --reset-author

 4 files changed, 73 insertions(+), 67 deletions(-)
To https://github.com/BangLetsGetIt/NBA-NCAA-Betting-Models.git
   36598fd..d1314f1  main -> main
✅ Successfully pushed to GitHub!
==========================================
NBA Model Run: Wed Jan  7 10:00:02 EST 2026
==========================================
Running NBA model...

[1m==========================================================================================[0m
[1m[96m🎲 IMPROVED NBA BETTING MODEL 🎲[0m
[1m[92m⚡ Enhanced Stats + Rest Days + Stricter Filters ⚡[0m
[1m==========================================================================================[0m

[1m[96mSTEP 1: Checking for Completed Games[0m

[96m==========================================================================================[0m
[96m🔄 UPDATING RESULTS FOR COMPLETED GAMES[0m
[96m==========================================================================================[0m

[93m📋 Checking 9 pending picks...[0m
[96mFetching completed NBA game scores (via NBA API)...[0m
[92m✓ Found 16 completed games (Free API)[0m
[92m✓ Tracking data saved to /Users/rico/sports-models/nba/nba_picks_tracking.json[0m
[93mNo picks were updated (games may not be complete yet)[0m
[92m✓ Tracking dashboard saved: /Users/rico/sports-models/nba/nba_tracking_dashboard.html[0m

[1m[96mSTEP 2: Fetching Composite Stats (Season + Form)[0m
[96m🔄 Fetching new team stats from stats.nba.com...[0m
[92m✓ Fetched and cached stats for 76 teams[0m

[1m[96mSTEP 3: Fetching Home/Away Splits[0m
[96m🔄 Fetching home/away splits from stats.nba.com...[0m
[92m✓ Fetched and cached home/away splits[0m

[1m[96mSTEP 4: Fetching Team Schedules (Rest Days)[0m
[96m🔄 Fetching team schedules...[0m
[92m✓ Fetched schedules for 1 teams[0m

[1m[96mSTEP 5: Fetching Live Odds (Next 2 Days)[0m
[92m✓ Fetched odds for 12 total games[0m
[92m✓ Filtered to 12 games in next 2 days[0m

[1m[96mSTEP 6: Processing Games & Generating Picks[0m

[92m✓ Tracking data saved to /Users/rico/sports-models/nba/nba_picks_tracking.json[0m
[92m📝 LOGGED PICK: ✅ BET: OVER 222.5 (Edge: +6.3)[0m
[91m❌ Missing stats for New York Knicks or Los Angeles Clippers[0m
[91m❌ Missing stats for New York Knicks or Los Angeles Clippers[0m
[91m❌ Skipping Los Angeles Clippers @ New York Knicks - missing model data[0m
[92m✓ Tracking data saved to /Users/rico/sports-models/nba/nba_picks_tracking.json[0m
[92m✓ Updated CLV data for existing picks[0m

[1m[92m✅ Analyzed 11 games with complete odds[0m

[93m📊 All picks sorted by A.I. Rating (quality/confidence first)[0m


[1m==========================================================================================[0m
[1m[93m🏀 NBA MODEL PREDICTIONS 🏀[0m
[1m==========================================================================================[0m

[1m[96mPhoenix Suns @ Memphis Grizzlies[0m
  🕐 01/07/26 08:10 PM EST
  [92m[1m🎯 A.I. Rating: 4.9 ⭐⭐ (PREMIUM PLAY)[0m
  [93m⚠️ CAUTION: Memphis Grizzlies - Below average: 4-6 (40%) | -2.60u over 10 picks[0m
  📊 Spread: Market +4.5 | Model +16.4
  🎯 Total: Market 232.5 | Model 242.2
  [92m✅ BET: Memphis Grizzlies +4.5[0m
     [96mModel projects Memphis Grizzlies to win outright, easily covering +4.5.[0m
  [92m✅ BET: OVER 232.5[0m
     [96mModel projects 242 total points, bet the OVER[0m
  📈 Predicted: Phoenix Suns 113, Memphis Grizzlies 129

[1m[96mHouston Rockets @ Portland Trail Blazers[0m
  🕐 01/07/26 10:10 PM EST
  [92m[1m🎯 A.I. Rating: 4.7 ⭐⭐ (PREMIUM PLAY)[0m
  [92m🔥 HOT: Portland Trail Blazers - Strong performer: 3-1 (75%) | +1.90u over 4 picks[0m
  📊 Spread: Market +6.5 | Model -0.9
  🎯 Total: Market 222.5 | Model 235.2
  [92m✅ BET: Portland Trail Blazers +6.5[0m
     [96mModel projects Portland Trail Blazers to lose by only 0.9, covering +6.5.[0m
  [92m✅ BET: OVER 222.5[0m
     [96mModel projects 235 total points, bet the OVER[0m
  📈 Predicted: Houston Rockets 118, Portland Trail Blazers 117

[1m[96mChicago Bulls @ Detroit Pistons[0m
  🕐 01/07/26 07:10 PM EST
  [96m[1m🎯 A.I. Rating: 3.9 ⭐ (GOOD PLAY)[0m
  📊 Spread: Market -11.0 | Model +6.1
  🎯 Total: Market 231.5 | Model 241.3
  [93m⚠️ NO BET - Too close to call[0m
     [96mEdge too small (-4.9)[0m
  [92m✅ BET: OVER 231.5[0m
     [96mModel projects 241 total points, bet the OVER[0m
  📈 Predicted: Chicago Bulls 118, Detroit Pistons 124

[1m[96mMilwaukee Bucks @ Golden State Warriors[0m
  🕐 01/07/26 10:10 PM EST
  [96m[1m🎯 A.I. Rating: 3.7 ⭐ (GOOD PLAY)[0m
  📊 Spread: Market -6.0 | Model +8.4
  🎯 Total: Market 229.5 | Model 238.3
  [93m⚠️ NO BET - Too close to call[0m
     [96mEdge too small (+2.4)[0m
  [92m✅ BET: OVER 229.5[0m
     [96mModel projects 238 total points, bet the OVER[0m
  📈 Predicted: Milwaukee Bucks 115, Golden State Warriors 123

[1m[96mNew Orleans Pelicans @ Atlanta Hawks[0m
  🕐 01/07/26 07:40 PM EST
  [93m[1m🎯 A.I. Rating: 3.4 ⭐ (STANDARD PLAY)[0m
  📊 Spread: Market -10.5 | Model +14.1
  🎯 Total: Market 246.0 | Model 239.0
  [93m⚠️ NO BET - Too close to call[0m
     [96mEdge too small (+3.6)[0m
  [92m✅ BET: UNDER 246.0[0m
     [96mModel projects 239 total points, bet the UNDER[0m
  📈 Predicted: New Orleans Pelicans 112, Atlanta Hawks 127

[1m[96mUtah Jazz @ Oklahoma City Thunder[0m
  🕐 01/07/26 08:10 PM EST
  [93m[1m🎯 A.I. Rating: 3.4 ⭐ (STANDARD PLAY)[0m
  [93m📉 NEUTRAL-: Oklahoma City Thunder - Slightly below average: 3-4 (43%) | -1.40u over 7 picks[0m
  📊 Spread: Market -19.0 | Model +25.8
  🎯 Total: Market 242.0 | Model 239.7
  [92m✅ BET: Oklahoma City Thunder -19.0[0m
     [96mModel projects Oklahoma City Thunder to win by 25.8, covering -19.0.[0m
  [93m⚠️ NO BET - Too close to call[0m
  📈 Predicted: Utah Jazz 107, Oklahoma City Thunder 133

[1m[96mOrlando Magic @ Brooklyn Nets[0m
  🕐 01/07/26 07:40 PM EST
  [93m[1m🎯 A.I. Rating: 3.3 ⭐ (STANDARD PLAY)[0m
  📊 Spread: Market +2.0 | Model -3.1
  🎯 Total: Market 222.5 | Model 228.8
  [93m⚠️ NO BET - Too close to call[0m
     [96mEdge too small (-1.1)[0m
  [92m✅ BET: OVER 222.5[0m
     [96mModel projects 229 total points, bet the OVER[0m
  📈 Predicted: Orlando Magic 116, Brooklyn Nets 113

[1m[96mToronto Raptors @ Charlotte Hornets[0m
  🕐 01/07/26 07:10 PM EST
  [93m[1m🎯 A.I. Rating: 3.3 ⭐ (STANDARD PLAY)[0m
  [92m✅ GOOD: Charlotte Hornets - Good record: 2-1 (67%) | +1.00u over 3 picks[0m
  📊 Spread: Market +1.5 | Model +4.8
  🎯 Total: Market 230.5 | Model 228.9
  [92m✅ BET: Charlotte Hornets +1.5[0m
     [96mModel projects Charlotte Hornets to win outright, easily covering +1.5.[0m
  [93m⚠️ NO BET - Too close to call[0m
  📈 Predicted: Toronto Raptors 112, Charlotte Hornets 117

[1m[96mWashington Wizards @ Philadelphia 76ers[0m
  🕐 01/07/26 07:10 PM EST
  [93m[1m🎯 A.I. Rating: 3.0 ⭐ (STANDARD PLAY)[0m
  📊 Spread: Market -13.0 | Model +8.2
  🎯 Total: Market 235.0 | Model 234.3
  [93m⚠️ NO BET - Too close to call[0m
     [96mEdge too small (-4.8)[0m
  [93m⚠️ NO BET - Too close to call[0m
  📈 Predicted: Washington Wizards 113, Philadelphia 76ers 121

[1m[96mLos Angeles Lakers @ San Antonio Spurs[0m
  🕐 01/07/26 09:40 PM EST
  [93m[1m🎯 A.I. Rating: 2.9  (MARGINAL PLAY)[0m
  📊 Spread: Market -8.0 | Model +4.1
  🎯 Total: Market 235.5 | Model 234.1
  [93m⚠️ NO BET - Too close to call[0m
     [96mEdge too small (-3.9)[0m
  [93m⚠️ NO BET - Too close to call[0m
  📈 Predicted: Los Angeles Lakers 115, San Antonio Spurs 119

[1m[96mDenver Nuggets @ Boston Celtics[0m
  🕐 01/07/26 07:10 PM EST
  [93m[1m🎯 A.I. Rating: 2.8  (MARGINAL PLAY)[0m
  📊 Spread: Market -9.5 | Model +8.8
  🎯 Total: Market 232.5 | Model 235.4
  [93m⚠️ NO BET - Too close to call[0m
     [96mEdge too small (-0.7)[0m
  [93m⚠️ NO BET - Too close to call[0m
  📈 Predicted: Denver Nuggets 113, Boston Celtics 122

[92m✓ CSV saved: /Users/rico/sports-models/nba/nba_model_output.csv[0m
[92m✓ HTML saved: /Users/rico/sports-models/nba/nba_model_output.html[0m

[1m[96mSTEP 7: Generating Final Tracking Dashboard[0m
[92m✓ Tracking dashboard saved: /Users/rico/sports-models/nba/nba_tracking_dashboard.html[0m

[1m==========================================================================================[0m
[1m[93m📊 TRACKING SUMMARY 📊[0m
[1m==========================================================================================[0m
[92mTotal Tracked Bets: 304[0m
[92mRecord: 159-134-2[0m
[92mWin Rate: 54.3%[0m
[92mProfit: +10.76 units[0m
[92mROI: +3.3%[0m
[1m==========================================================================================[0m

[96mUpdating unified dashboard...[0m
[92m✓ Dashboard updated[0m


==========================================
✅ Model completed successfully!
==========================================

📤 Pushing updates to GitHub...
[main 28881a4] Update model outputs - 2026-01-07 10:00:56
 Committer: Ricardo Hill <rico@Ricos-M1-Mac-2.local>
Your name and email address were configured automatically based
on your username and hostname. Please check that they are accurate.
You can suppress this message by setting them explicitly. Run the
following command and follow the instructions in your editor to edit
your configuration file:

    git config --global --edit

After doing this, you may fix the identity used for this commit with:

    git commit --amend --reset-author

 3 files changed, 199 insertions(+), 187 deletions(-)
To https://github.com/BangLetsGetIt/NBA-NCAA-Betting-Models.git
   9f7fd58..28881a4  main -> main
✅ Successfully pushed to GitHub!
==========================================
NBA Model Run: Thu Jan  8 10:00:00 EST 2026
==========================================
Running NBA model...

[1m==========================================================================================[0m
[1m[96m🎲 IMPROVED NBA BETTING MODEL 🎲[0m
[1m[92m⚡ Enhanced Stats + Rest Days + Stricter Filters ⚡[0m
[1m==========================================================================================[0m

[1m[96mSTEP 1: Checking for Completed Games[0m

[96m==========================================================================================[0m
[96m🔄 UPDATING RESULTS FOR COMPLETED GAMES[0m
[96m==========================================================================================[0m

[93m📋 Checking 2 pending picks...[0m
[96mFetching completed NBA game scores (via NBA API)...[0m
[93m  ⚠️  Error fetching for 01/08/2026: HTTPSConnectionPool(host='stats.nba.com', port=443): Max retries exceeded with url: /stats/scoreboardv2?DayOffset=0&GameDate=01%2F08%2F2026&LeagueID=00 (Caused by NameResolutionError("<urllib3.connection.HTTPSConnection object at 0x10e2d6cf0>: Failed to resolve 'stats.nba.com' ([Errno 8] nodename nor servname provided, or not known)"))[0m
[93m  ⚠️  Error fetching for 01/07/2026: HTTPSConnectionPool(host='stats.nba.com', port=443): Max retries exceeded with url: /stats/scoreboardv2?DayOffset=0&GameDate=01%2F07%2F2026&LeagueID=00 (Caused by NameResolutionError("<urllib3.connection.HTTPSConnection object at 0x10e6a02d0>: Failed to resolve 'stats.nba.com' ([Errno 8] nodename nor servname provided, or not known)"))[0m
[93m  ⚠️  Error fetching for 01/06/2026: HTTPSConnectionPool(host='stats.nba.com', port=443): Max retries exceeded with url: /stats/scoreboardv2?DayOffset=0&GameDate=01%2F06%2F2026&LeagueID=00 (Caused by NameResolutionError("<urllib3.connection.HTTPSConnection object at 0x10e6a0b90>: Failed to resolve 'stats.nba.com' ([Errno 8] nodename nor servname provided, or not known)"))[0m
[92m✓ Found 0 completed games (Free API)[0m
[93m⚠️  No completed games found.[0m
[92m✓ Tracking data saved to /Users/rico/sports-models/nba/nba_picks_tracking.json[0m
[92m✓ Tracking dashboard saved: /Users/rico/sports-models/nba/nba_tracking_dashboard.html[0m

[1m[96mSTEP 2: Fetching Composite Stats (Season + Form)[0m
[96m🔄 Fetching new team stats from stats.nba.com...[0m
[93m⚠ Attempt 1/3 failed: HTTPSConnectionPool(host='stats.nba.com', port=443): Max retries exceeded with url: /stats/leaguedashteamstats?Conference=&DateFrom=&DateTo=&Division=&GameScope=&GameSegment=&LastNGames=0&LeagueID=&Location=&MeasureType=Advanced&Month=0&OpponentTeamID=0&Outcome=&PORound=&PaceAdjust=N&PerMode=Totals&Period=0&PlayerExperience=&PlayerPosition=&PlusMinus=N&Rank=N&Season=2024-25&SeasonSegment=&SeasonType=Regular+Season&ShotClockRange=&StarterBench=&TeamID=&TwoWay=&VsConference=&VsDivision= (Caused by NameResolutionError("<urllib3.connection.HTTPSConnection object at 0x10e2bf610>: Failed to resolve 'stats.nba.com' ([Errno 8] nodename nor servname provided, or not known)"))[0m
[93m   Retrying in 2 seconds...[0m
[93m⚠ Attempt 2/3 failed: HTTPSConnectionPool(host='stats.nba.com', port=443): Max retries exceeded with url: /stats/leaguedashteamstats?Conference=&DateFrom=&DateTo=&Division=&GameScope=&GameSegment=&LastNGames=0&LeagueID=&Location=&MeasureType=Advanced&Month=0&OpponentTeamID=0&Outcome=&PORound=&PaceAdjust=N&PerMode=Totals&Period=0&PlayerExperience=&PlayerPosition=&PlusMinus=N&Rank=N&Season=2024-25&SeasonSegment=&SeasonType=Regular+Season&ShotClockRange=&StarterBench=&TeamID=&TwoWay=&VsConference=&VsDivision= (Caused by NameResolutionError("<urllib3.connection.HTTPSConnection object at 0x10e2bf110>: Failed to resolve 'stats.nba.com' ([Errno 8] nodename nor servname provided, or not known)"))[0m
[93m   Retrying in 5 seconds...[0m
[91m✗ Error fetching stats after 3 attempts: HTTPSConnectionPool(host='stats.nba.com', port=443): Max retries exceeded with url: /stats/leaguedashteamstats?Conference=&DateFrom=&DateTo=&Division=&GameScope=&GameSegment=&LastNGames=0&LeagueID=&Location=&MeasureType=Advanced&Month=0&OpponentTeamID=0&Outcome=&PORound=&PaceAdjust=N&PerMode=Totals&Period=0&PlayerExperience=&PlayerPosition=&PlusMinus=N&Rank=N&Season=2024-25&SeasonSegment=&SeasonType=Regular+Season&ShotClockRange=&StarterBench=&TeamID=&TwoWay=&VsConference=&VsDivision= (Caused by NameResolutionError("<urllib3.connection.HTTPSConnection object at 0x10e6a1d10>: Failed to resolve 'stats.nba.com' ([Errno 8] nodename nor servname provided, or not known)"))[0m
[93m⚠ Falling back to cached stats (may be stale)[0m
[92m✓ Using cached stats for 76 teams[0m

[1m[96mSTEP 3: Fetching Home/Away Splits[0m
[96m🔄 Fetching home/away splits from stats.nba.com...[0m
[93m⚠ Attempt 1/3 failed: HTTPSConnectionPool(host='stats.nba.com', port=443): Max retries exceeded with url: /stats/leaguedashteamstats?Conference=&DateFrom=&DateTo=&Division=&GameScope=&GameSegment=&LastNGames=0&LeagueID=&Location=Home&MeasureType=Advanced&Month=0&OpponentTeamID=0&Outcome=&PORound=&PaceAdjust=N&PerMode=Totals&Period=0&PlayerExperience=&PlayerPosition=&PlusMinus=N&Rank=N&Season=2024-25&SeasonSegment=&SeasonType=Regular+Season&ShotClockRange=&StarterBench=&TeamID=&TwoWay=&VsConference=&VsDivision= (Caused by NameResolutionError("<urllib3.connection.HTTPSConnection object at 0x10e6a20d0>: Failed to resolve 'stats.nba.com' ([Errno 8] nodename nor servname provided, or not known)"))[0m
[93m   Retrying in 2 seconds...[0m
[93m⚠ Attempt 2/3 failed: HTTPSConnectionPool(host='stats.nba.com', port=443): Max retries exceeded with url: /stats/leaguedashteamstats?Conference=&DateFrom=&DateTo=&Division=&GameScope=&GameSegment=&LastNGames=0&LeagueID=&Location=Home&MeasureType=Advanced&Month=0&OpponentTeamID=0&Outcome=&PORound=&PaceAdjust=N&PerMode=Totals&Period=0&PlayerExperience=&PlayerPosition=&PlusMinus=N&Rank=N&Season=2024-25&SeasonSegment=&SeasonType=Regular+Season&ShotClockRange=&StarterBench=&TeamID=&TwoWay=&VsConference=&VsDivision= (Caused by NameResolutionError("<urllib3.connection.HTTPSConnection object at 0x10e6a2710>: Failed to resolve 'stats.nba.com' ([Errno 8] nodename nor servname provided, or not known)"))[0m
[93m   Retrying in 5 seconds...[0m
[93m⚠ Could not fetch splits after 3 attempts: HTTPSConnectionPool(host='stats.nba.com', port=443): Max retries exceeded with url: /stats/leaguedashteamstats?Conference=&DateFrom=&DateTo=&Division=&GameScope=&GameSegment=&LastNGames=0&LeagueID=&Location=Home&MeasureType=Advanced&Month=0&OpponentTeamID=0&Outcome=&PORound=&PaceAdjust=N&PerMode=Totals&Period=0&PlayerExperience=&PlayerPosition=&PlusMinus=N&Rank=N&Season=2024-25&SeasonSegment=&SeasonType=Regular+Season&ShotClockRange=&StarterBench=&TeamID=&TwoWay=&VsConference=&VsDivision= (Caused by NameResolutionError("<urllib3.connection.HTTPSConnection object at 0x10e6a2d50>: Failed to resolve 'stats.nba.com' ([Errno 8] nodename nor servname provided, or not known)"))[0m
[93m⚠ Falling back to cached splits (may be stale)[0m
[92m✓ Using cached splits[0m

[1m[96mSTEP 4: Fetching Team Schedules (Rest Days)[0m

[1m[96mSTEP 5: Fetching Live Odds (Next 2 Days)[0m
[91m✗ Error fetching odds: HTTPSConnectionPool(host='api.the-odds-api.com', port=443): Max retries exceeded with url: /v4/sports/basketball_nba/odds/?apiKey=cf796adc9ac20a6df2247368d40fe0a0&regions=us%2Cus2&markets=h2h%2Cspreads%2Ctotals&oddsFormat=american&dateFormat=iso (Caused by NameResolutionError("<urllib3.connection.HTTPSConnection object at 0x10e6a3390>: Failed to resolve 'api.the-odds-api.com' ([Errno 8] nodename nor servname provided, or not known)"))[0m

[93m⚠️  No games found from The Odds API.[0m


==========================================
✅ Model completed successfully!
==========================================

📤 Pushing updates to GitHub...
[main f9a24af] Update model outputs - 2026-01-08 10:00:18
 Committer: Ricardo Hill <rico@Ricos-M1-Mac-2.local>
Your name and email address were configured automatically based
on your username and hostname. Please check that they are accurate.
You can suppress this message by setting them explicitly. Run the
following command and follow the instructions in your editor to edit
your configuration file:

    git config --global --edit

After doing this, you may fix the identity used for this commit with:

    git commit --amend --reset-author

 1 file changed, 1 insertion(+), 1 deletion(-)
fatal: unable to access 'https://github.com/BangLetsGetIt/NBA-NCAA-Betting-Models.git/': Could not resolve host: github.com
⚠️  Push failed - you may need to set up the GitHub remote first
==========================================
NBA Model Run: Fri Jan  9 10:00:03 EST 2026
==========================================
Running NBA model...

[1m==========================================================================================[0m
[1m[96m🎲 IMPROVED NBA BETTING MODEL 🎲[0m
[1m[92m⚡ Enhanced Stats + Rest Days + Stricter Filters ⚡[0m
[1m==========================================================================================[0m

[1m[96mSTEP 1: Checking for Completed Games[0m

[96m==========================================================================================[0m
[96m🔄 UPDATING RESULTS FOR COMPLETED GAMES[0m
[96m==========================================================================================[0m

[93m📋 Checking 13 pending picks...[0m
[96mFetching completed NBA game scores (via NBA API)...[0m
[92m✓ Found 15 completed games (Free API)[0m
[92m✓ Tracking data saved to /Users/rico/sports-models/nba/nba_picks_tracking.json[0m
[93mNo picks were updated (games may not be complete yet)[0m
[92m✓ Tracking dashboard saved: /Users/rico/sports-models/nba/nba_tracking_dashboard.html[0m

[1m[96mSTEP 2: Fetching Composite Stats (Season + Form)[0m
[96m🔄 Fetching new team stats from stats.nba.com...[0m
[92m✓ Fetched and cached stats for 76 teams[0m

[1m[96mSTEP 3: Fetching Home/Away Splits[0m
[96m🔄 Fetching home/away splits from stats.nba.com...[0m
[93m⚠ Attempt 1/3 failed: HTTPSConnectionPool(host='stats.nba.com', port=443): Read timed out. (read timeout=60)[0m
[93m   Retrying in 2 seconds...[0m
[92m✓ Fetched and cached home/away splits[0m

[1m[96mSTEP 4: Fetching Team Schedules (Rest Days)[0m
[96m🔄 Fetching team schedules...[0m
[92m✓ Fetched schedules for 1 teams[0m

[1m[96mSTEP 5: Fetching Live Odds (Next 2 Days)[0m
[92m✓ Fetched odds for 10 total games[0m
[92m✓ Filtered to 10 games in next 2 days[0m

[1m[96mSTEP 6: Processing Games & Generating Picks[0m

[91m❌ Missing stats for Brooklyn Nets or Los Angeles Clippers[0m
[91m❌ Missing stats for Brooklyn Nets or Los Angeles Clippers[0m
[91m❌ Skipping Los Angeles Clippers @ Brooklyn Nets - missing model data[0m
[92m✓ Tracking data saved to /Users/rico/sports-models/nba/nba_picks_tracking.json[0m
[92m📝 LOGGED PICK: ✅ BET: OVER 228.5 (Edge: +7.6)[0m

[1m[92m✅ Analyzed 9 games with complete odds[0m

[93m📊 All picks sorted by A.I. Rating (quality/confidence first)[0m


[1m==========================================================================================[0m
[1m[93m🏀 NBA MODEL PREDICTIONS 🏀[0m
[1m==========================================================================================[0m

[1m[96mHouston Rockets @ Portland Trail Blazers[0m
  🕐 01/09/26 10:10 PM EST
  [92m[1m🎯 A.I. Rating: 4.9 ⭐⭐ (PREMIUM PLAY)[0m
  [92m🔥 HOT: Portland Trail Blazers - Strong performer: 5-1 (83%) | +3.90u over 6 picks[0m
  📊 Spread: Market +6.5 | Model -0.9
  🎯 Total: Market 220.5 | Model 235.2
  [92m✅ BET: Portland Trail Blazers +6.5[0m
     [96mModel projects Portland Trail Blazers to lose by only 0.9, covering +6.5.[0m
  [92m✅ BET: OVER 220.5[0m
     [96mModel projects 235 total points, bet the OVER[0m
  📈 Predicted: Houston Rockets 118, Portland Trail Blazers 117

[1m[96mPhiladelphia 76ers @ Orlando Magic[0m
  🕐 01/09/26 07:10 PM EST
  [92m[1m🎯 A.I. Rating: 4.8 ⭐⭐ (PREMIUM PLAY)[0m
  [92m🔥 HOT: Orlando Magic - Strong performer: 5-2 (71%) | +2.71u over 7 picks[0m
  📊 Spread: Market +3.5 | Model +10.2
  🎯 Total: Market 226.0 | Model 231.2
  [92m✅ BET: Orlando Magic +3.5[0m
     [96mModel projects Orlando Magic to win outright, easily covering +3.5.[0m
  [93m⚠️ NO BET - Too close to call[0m
  📈 Predicted: Philadelphia 76ers 110, Orlando Magic 121

[1m[96mOklahoma City Thunder @ Memphis Grizzlies[0m
  🕐 01/09/26 08:10 PM EST
  [92m[1m🎯 A.I. Rating: 4.4 ⭐⭐ (STRONG PLAY)[0m
  [93m⚠️ CAUTION: Memphis Grizzlies - Below average: 4-7 (36%) | -3.70u over 11 picks[0m
  📊 Spread: Market +5.0 | Model +1.6
  🎯 Total: Market 229.5 | Model 241.6
  [92m✅ BET: Memphis Grizzlies +5.0[0m
     [96mModel projects Memphis Grizzlies to win outright, easily covering +5.0.[0m
  [92m✅ BET: OVER 229.5[0m
     [96mModel projects 242 total points, bet the OVER[0m
  📈 Predicted: Oklahoma City Thunder 120, Memphis Grizzlies 122

[1m[96mToronto Raptors @ Boston Celtics[0m
  🕐 01/09/26 07:10 PM EST
  [92m[1m🎯 A.I. Rating: 4.0 ⭐⭐ (STRONG PLAY)[0m
  [92m🔥 HOT: Boston Celtics - Strong performer: 6-1 (86%) | +4.90u over 7 picks[0m
  📊 Spread: Market -9.0 | Model +17.1
  🎯 Total: Market 223.5 | Model 233.0
  [92m✅ BET: Boston Celtics -9.0[0m
     [96mModel projects Boston Celtics to win by 17.1, covering -9.0.[0m
  [92m✅ BET: OVER 223.5[0m
     [96mModel projects 233 total points, bet the OVER[0m
  📈 Predicted: Toronto Raptors 108, Boston Celtics 125

[1m[96mMilwaukee Bucks @ Los Angeles Lakers[0m
  🕐 01/09/26 10:40 PM EST
  [96m[1m🎯 A.I. Rating: 3.8 ⭐ (GOOD PLAY)[0m
  [91m🚫 COLD: Los Angeles Lakers - Poor performer: 1-3 (25%) | -2.39u over 4 picks[0m
  📊 Spread: Market -3.0 | Model +8.7
  🎯 Total: Market 230.0 | Model 239.5
  [92m✅ BET: Los Angeles Lakers -3.0[0m
     [96mModel projects Los Angeles Lakers to win by 8.7, covering -3.0.[0m
  [92m✅ BET: OVER 230.0[0m
     [96mModel projects 240 total points, bet the OVER[0m
  📈 Predicted: Milwaukee Bucks 115, Los Angeles Lakers 124

[1m[96mNew Orleans Pelicans @ Washington Wizards[0m
  🕐 01/09/26 07:10 PM EST
  [96m[1m🎯 A.I. Rating: 3.8 ⭐ (GOOD PLAY)[0m
  [96mℹ️ LIMITED: Washington Wizards - Limited data: 1-1 (50%) | -0.10u (2 picks)[0m
  📊 Spread: Market +2.5 | Model +3.9
  🎯 Total: Market 242.0 | Model 233.0
  [92m✅ BET: Washington Wizards +2.5[0m
     [96mModel projects Washington Wizards to win outright, easily covering +2.5.[0m
  [92m✅ BET: UNDER 242.0[0m
     [96mModel projects 233 total points, bet the UNDER[0m
  📈 Predicted: New Orleans Pelicans 115, Washington Wizards 118

[1m[96mAtlanta Hawks @ Denver Nuggets[0m
  🕐 01/09/26 09:10 PM EST
  [96m[1m🎯 A.I. Rating: 3.6 ⭐ (GOOD PLAY)[0m
  [92m🔥 HOT: Denver Nuggets - Strong performer: 3-1 (75%) | +1.90u over 4 picks[0m
  📊 Spread: Market -1.0 | Model +8.6
  🎯 Total: Market 234.5 | Model 242.0
  [92m✅ BET: Denver Nuggets -1.0[0m
     [96mModel projects Denver Nuggets to win by 8.6, covering -1.0.[0m
  [92m✅ BET: OVER 234.5[0m
     [96mModel projects 242 total points, bet the OVER[0m
  📈 Predicted: Atlanta Hawks 117, Denver Nuggets 125

[1m[96mNew York Knicks @ Phoenix Suns[0m
  🕐 01/09/26 09:10 PM EST
  [96m[1m🎯 A.I. Rating: 3.5 ⭐ (GOOD PLAY)[0m
  📊 Spread: Market +1.0 | Model +1.6
  🎯 Total: Market 228.5 | Model 236.1
  [93m⚠️ NO BET - Too close to call[0m
     [96mEdge too small (+2.6)[0m
  [92m✅ BET: OVER 228.5[0m
     [96mModel projects 236 total points, bet the OVER[0m
  📈 Predicted: New York Knicks 117, Phoenix Suns 119

[1m[96mSacramento Kings @ Golden State Warriors[0m
  🕐 01/09/26 10:10 PM EST
  [93m[1m🎯 A.I. Rating: 3.4 ⭐ (STANDARD PLAY)[0m
  [93m📉 NEUTRAL-: Sacramento Kings - Slightly below average: 4-5 (44%) | -1.50u over 9 picks[0m
  📊 Spread: Market -14.5 | Model +7.3
  🎯 Total: Market 231.0 | Model 233.4
  [92m✅ BET: Sacramento Kings +14.5[0m
     [96mModel projects Golden State Warriors to win by only 7.3, not enough to cover -14.5.[0m
  [93m⚠️ NO BET - Too close to call[0m
  📈 Predicted: Sacramento Kings 113, Golden State Warriors 120

[92m✓ CSV saved: /Users/rico/sports-models/nba/nba_model_output.csv[0m
[92m✓ HTML saved: /Users/rico/sports-models/nba/nba_model_output.html[0m

[1m[96mSTEP 7: Generating Final Tracking Dashboard[0m
[92m✓ Tracking dashboard saved: /Users/rico/sports-models/nba/nba_tracking_dashboard.html[0m

[1m==========================================================================================[0m
[1m[93m📊 TRACKING SUMMARY 📊[0m
[1m==========================================================================================[0m
[92mTotal Tracked Bets: 321[0m
[92mRecord: 165-140-2[0m
[92mWin Rate: 54.1%[0m
[92mProfit: +10.16 units[0m
[92mROI: +3.0%[0m
[1m==========================================================================================[0m

[96mUpdating unified dashboard...[0m
[92m✓ Dashboard updated[0m


==========================================
✅ Model completed successfully!
==========================================

📤 Pushing updates to GitHub...
[main 3443c30] Update model outputs - 2026-01-09 10:41:53
 Committer: Ricardo Hill <rico@Ricos-M1-Mac-2.local>
Your name and email address were configured automatically based
on your username and hostname. Please check that they are accurate.
You can suppress this message by setting them explicitly. Run the
following command and follow the instructions in your editor to edit
your configuration file:

    git config --global --edit

After doing this, you may fix the identity used for this commit with:

    git commit --amend --reset-author

 2 files changed, 35 insertions(+), 3 deletions(-)
To https://github.com/BangLetsGetIt/NBA-NCAA-Betting-Models.git
   e26c2c6..3443c30  main -> main
✅ Successfully pushed to GitHub!
==========================================
NBA Model Run: Sat Jan 10 10:00:00 EST 2026
==========================================
Running NBA model...

[1m==========================================================================================[0m
[1m[96m🎲 IMPROVED NBA BETTING MODEL 🎲[0m
[1m[92m⚡ Enhanced Stats + Rest Days + Stricter Filters ⚡[0m
[1m==========================================================================================[0m

[1m[96mSTEP 1: Checking for Completed Games[0m

[96m==========================================================================================[0m
[96m🔄 UPDATING RESULTS FOR COMPLETED GAMES[0m
[96m==========================================================================================[0m

[93m📋 Checking 7 pending picks...[0m
[96mFetching completed NBA game scores (via NBA API)...[0m
[92m✓ Found 13 completed games (Free API)[0m
[92m✓ Tracking data saved to /Users/rico/sports-models/nba/nba_picks_tracking.json[0m
[93mNo picks were updated (games may not be complete yet)[0m
[92m✓ Tracking dashboard saved: /Users/rico/sports-models/nba/nba_tracking_dashboard.html[0m

[1m[96mSTEP 2: Fetching Composite Stats (Season + Form)[0m
[96m🔄 Fetching new team stats from stats.nba.com...[0m
[93m⚠ Attempt 1/3 failed: HTTPSConnectionPool(host='stats.nba.com', port=443): Read timed out. (read timeout=60)[0m
[93m   Retrying in 2 seconds...[0m
[92m✓ Fetched and cached stats for 76 teams[0m

[1m[96mSTEP 3: Fetching Home/Away Splits[0m
[92m✓ Using cached home/away splits (less than 6 hours old)[0m

[1m[96mSTEP 4: Fetching Team Schedules (Rest Days)[0m

[1m[96mSTEP 5: Fetching Live Odds (Next 2 Days)[0m
[92m✓ Fetched odds for 6 total games[0m
[92m✓ Filtered to 6 games in next 2 days[0m

[1m[96mSTEP 6: Processing Games & Generating Picks[0m

[91m❌ Missing stats for Detroit Pistons or Los Angeles Clippers[0m
[91m❌ Missing stats for Detroit Pistons or Los Angeles Clippers[0m
[91m❌ Skipping Los Angeles Clippers @ Detroit Pistons - missing model data[0m

[1m[92m✅ Analyzed 5 games with complete odds[0m

[93m📊 All picks sorted by A.I. Rating (quality/confidence first)[0m


[1m==========================================================================================[0m
[1m[93m🏀 NBA MODEL PREDICTIONS 🏀[0m
[1m==========================================================================================[0m

[1m[96mSan Antonio Spurs @ Boston Celtics[0m
  🕐 01/10/26 08:10 PM EST
  [92m[1m🎯 A.I. Rating: 4.9 ⭐⭐ (PREMIUM PLAY)[0m
  [92m🔥 HOT: Boston Celtics - Strong performer: 6-2 (75%) | +3.80u over 8 picks[0m
  📊 Spread: Market +1.5 | Model +14.9
  🎯 Total: Market 231.5 | Model 232.8
  [92m✅ BET: Boston Celtics +1.5[0m
     [96mModel projects Boston Celtics to win outright, easily covering +1.5.[0m
  [93m⚠️ NO BET - Too close to call[0m
  📈 Predicted: San Antonio Spurs 109, Boston Celtics 124

[1m[96mMiami Heat @ Indiana Pacers[0m
  🕐 01/10/26 07:10 PM EST
  [92m[1m🎯 A.I. Rating: 4.9 ⭐⭐ (PREMIUM PLAY)[0m
  [92m✅ GOOD: Indiana Pacers - Good record: 9-6 (60%) | +2.40u over 15 picks[0m
  📊 Spread: Market +7.5 | Model +7.8
  🎯 Total: Market 234.5 | Model 238.3
  [92m✅ BET: Indiana Pacers +7.5[0m
     [96mModel projects Indiana Pacers to win outright, easily covering +7.5.[0m
  [93m⚠️ NO BET - Too close to call[0m
  📈 Predicted: Miami Heat 115, Indiana Pacers 123

[1m[96mCharlotte Hornets @ Utah Jazz[0m
  🕐 01/10/26 09:40 PM EST
  [96m[1m🎯 A.I. Rating: 3.8 ⭐ (GOOD PLAY)[0m
  [96mℹ️ LIMITED: Utah Jazz - Limited data: 2-0 (100%) | +2.00u (2 picks)[0m
  📊 Spread: Market +4.5 | Model +4.3
  🎯 Total: Market 239.5 | Model 232.5
  [92m✅ BET: Utah Jazz +4.5[0m
     [96mModel projects Utah Jazz to win outright, easily covering +4.5.[0m
  [92m✅ BET: UNDER 239.5[0m
     [96mModel projects 232 total points, bet the UNDER[0m
  📈 Predicted: Charlotte Hornets 114, Utah Jazz 118

[1m[96mDallas Mavericks @ Chicago Bulls[0m
  🕐 01/10/26 08:10 PM EST
  [96m[1m🎯 A.I. Rating: 3.5 ⭐ (GOOD PLAY)[0m
  📊 Spread: Market -2.5 | Model +5.9
  🎯 Total: Market 233.0 | Model 240.9
  [93m⚠️ NO BET - Too close to call[0m
     [96mEdge too small (+3.4)[0m
  [92m✅ BET: OVER 233.0[0m
     [96mModel projects 241 total points, bet the OVER[0m
  📈 Predicted: Dallas Mavericks 118, Chicago Bulls 123

[1m[96mMinnesota Timberwolves @ Cleveland Cavaliers[0m
  🕐 01/10/26 01:10 PM EST
  [93m[1m🎯 A.I. Rating: 3.1 ⭐ (STANDARD PLAY)[0m
  📊 Spread: Market -4.5 | Model +9.5
  🎯 Total: Market 239.0 | Model 238.8
  [93m⚠️ NO BET - Too close to call[0m
     [96mEdge too small (+5.0)[0m
  [93m⚠️ NO BET - Too close to call[0m
  📈 Predicted: Minnesota Timberwolves 115, Cleveland Cavaliers 124

[92m✓ CSV saved: /Users/rico/sports-models/nba/nba_model_output.csv[0m
[92m✓ HTML saved: /Users/rico/sports-models/nba/nba_model_output.html[0m

[1m[96mSTEP 7: Generating Final Tracking Dashboard[0m
[92m✓ Tracking dashboard saved: /Users/rico/sports-models/nba/nba_tracking_dashboard.html[0m

[1m==========================================================================================[0m
[1m[93m📊 TRACKING SUMMARY 📊[0m
[1m==========================================================================================[0m
[92mTotal Tracked Bets: 327[0m
[92mRecord: 169-149-2[0m
[92mWin Rate: 53.1%[0m
[92mProfit: +4.26 units[0m
[92mROI: +1.2%[0m
[1m==========================================================================================[0m

[96mUpdating unified dashboard...[0m
[92m✓ Dashboard updated[0m


==========================================
✅ Model completed successfully!
==========================================

📤 Pushing updates to GitHub...
No changes to commit
==========================================
NBA Model Run: Sun Jan 11 10:00:01 EST 2026
==========================================
Running NBA model...

[1m==========================================================================================[0m
[1m[96m🎲 IMPROVED NBA BETTING MODEL 🎲[0m
[1m[92m⚡ Enhanced Stats + Rest Days + Stricter Filters ⚡[0m
[1m==========================================================================================[0m

[1m[96mSTEP 1: Checking for Completed Games[0m

[96m==========================================================================================[0m
[96m🔄 UPDATING RESULTS FOR COMPLETED GAMES[0m
[96m==========================================================================================[0m

[93m📋 Checking 12 pending picks...[0m
[96mFetching completed NBA game scores (via NBA API)...[0m
[92m✓ Found 16 completed games (Free API)[0m
[92m✓ Tracking data saved to /Users/rico/sports-models/nba/nba_picks_tracking.json[0m
[93mNo picks were updated (games may not be complete yet)[0m
[92m✓ Tracking dashboard saved: /Users/rico/sports-models/nba/nba_tracking_dashboard.html[0m

[1m[96mSTEP 2: Fetching Composite Stats (Season + Form)[0m
[96m🔄 Fetching new team stats from stats.nba.com...[0m
[93m⚠ Attempt 1/3 failed: HTTPSConnectionPool(host='stats.nba.com', port=443): Read timed out. (read timeout=60)[0m
[93m   Retrying in 2 seconds...[0m
[92m✓ Fetched and cached stats for 76 teams[0m

[1m[96mSTEP 3: Fetching Home/Away Splits[0m
[92m✓ Using cached home/away splits (less than 6 hours old)[0m

[1m[96mSTEP 4: Fetching Team Schedules (Rest Days)[0m

[1m[96mSTEP 5: Fetching Live Odds (Next 2 Days)[0m
[92m✓ Fetched odds for 10 total games[0m
[92m✓ Filtered to 10 games in next 2 days[0m

[1m[96mSTEP 6: Processing Games & Generating Picks[0m

[92m✓ Tracking data saved to /Users/rico/sports-models/nba/nba_picks_tracking.json[0m
[92m📝 LOGGED PICK: ✅ BET: Minnesota Timberwolves -3.0 (Edge: +10.8)[0m

[1m[92m✅ Analyzed 10 games with complete odds[0m

[93m📊 All picks sorted by A.I. Rating (quality/confidence first)[0m


[1m==========================================================================================[0m
[1m[93m🏀 NBA MODEL PREDICTIONS 🏀[0m
[1m==========================================================================================[0m

[1m[96mMilwaukee Bucks @ Denver Nuggets[0m
  🕐 01/11/26 08:10 PM EST
  [92m[1m🎯 A.I. Rating: 4.9 ⭐⭐ (PREMIUM PLAY)[0m
  [92m✅ GOOD: Denver Nuggets - Good record: 3-2 (60%) | +0.80u over 5 picks[0m
  📊 Spread: Market +2.5 | Model +9.7
  🎯 Total: Market 221.5 | Model 241.4
  [92m✅ BET: Denver Nuggets +2.5[0m
     [96mModel projects Denver Nuggets to win outright, easily covering +2.5.[0m
  [92m✅ BET: OVER 221.5[0m
     [96mModel projects 241 total points, bet the OVER[0m
  📈 Predicted: Milwaukee Bucks 116, Denver Nuggets 126

[1m[96mBrooklyn Nets @ Memphis Grizzlies[0m
  🕐 01/11/26 03:40 PM EST
  [92m[1m🎯 A.I. Rating: 4.9 ⭐⭐ (PREMIUM PLAY)[0m
  [93m📉 NEUTRAL-: Memphis Grizzlies - Slightly below average: 5-7 (42%) | -2.70u over 12 picks[0m
  📊 Spread: Market -7.5 | Model +15.9
  🎯 Total: Market 220.5 | Model 237.4
  [92m✅ BET: Memphis Grizzlies -7.5[0m
     [96mModel projects Memphis Grizzlies to win by 15.9, covering -7.5.[0m
  [92m✅ BET: OVER 220.5[0m
     [96mModel projects 237 total points, bet the OVER[0m
  📈 Predicted: Brooklyn Nets 111, Memphis Grizzlies 127

[1m[96mHouston Rockets @ Sacramento Kings[0m
  🕐 01/11/26 09:10 PM EST
  [92m[1m🎯 A.I. Rating: 4.8 ⭐⭐ (PREMIUM PLAY)[0m
  [93m⚠️ CAUTION: Sacramento Kings - Below average: 4-6 (40%) | -2.60u over 10 picks[0m
  📊 Spread: Market +13.0 | Model +1.0
  🎯 Total: Market 222.5 | Model 236.8
  [92m✅ BET: Sacramento Kings +13.0[0m
     [96mModel projects Sacramento Kings to win outright, easily covering +13.0.[0m
  [92m✅ BET: OVER 222.5[0m
     [96mModel projects 237 total points, bet the OVER[0m
  📈 Predicted: Houston Rockets 118, Sacramento Kings 119

[1m[96mNew Orleans Pelicans @ Orlando Magic[0m
  🕐 01/11/26 03:10 PM EST
  [92m[1m🎯 A.I. Rating: 4.3 ⭐⭐ (STRONG PLAY)[0m
  [92m✅ GOOD: Orlando Magic - Good record: 5-3 (62%) | +1.61u over 8 picks[0m
  📊 Spread: Market -6.5 | Model +18.2
  🎯 Total: Market 234.0 | Model 229.9
  [92m✅ BET: Orlando Magic -6.5[0m
     [96mModel projects Orlando Magic to win by 18.2, covering -6.5.[0m
  [93m⚠️ NO BET - Too close to call[0m
  📈 Predicted: New Orleans Pelicans 106, Orlando Magic 124

[1m[96mPhiladelphia 76ers @ Toronto Raptors[0m
  🕐 01/11/26 06:10 PM EST
  [92m[1m🎯 A.I. Rating: 4.2 ⭐⭐ (STRONG PLAY)[0m
  📊 Spread: Market +4.0 | Model +5.6
  🎯 Total: Market 223.0 | Model 234.4
  [92m✅ BET: Toronto Raptors +4.0[0m
     [96mModel projects Toronto Raptors to win outright, easily covering +4.0.[0m
  [92m✅ BET: OVER 223.0[0m
     [96mModel projects 234 total points, bet the OVER[0m
  📈 Predicted: Philadelphia 76ers 114, Toronto Raptors 120

[1m[96mSan Antonio Spurs @ Minnesota Timberwolves[0m
  🕐 01/11/26 07:10 PM EST
  [92m[1m🎯 A.I. Rating: 4.2 ⭐⭐ (STRONG PLAY)[0m
  [92m✅ GOOD: Minnesota Timberwolves - Good record: 4-2 (67%) | +1.71u over 6 picks[0m
  📊 Spread: Market -3.0 | Model +13.8
  🎯 Total: Market 234.5 | Model 234.2
  [92m✅ BET: Minnesota Timberwolves -3.0[0m
     [96mModel projects Minnesota Timberwolves to win by 13.8, covering -3.0.[0m
  [93m⚠️ NO BET - Too close to call[0m
  📈 Predicted: San Antonio Spurs 110, Minnesota Timberwolves 124

[1m[96mWashington Wizards @ Phoenix Suns[0m
  🕐 01/11/26 08:10 PM EST
  [93m[1m🎯 A.I. Rating: 3.3 ⭐ (STANDARD PLAY)[0m
  📊 Spread: Market -14.0 | Model +14.3
  🎯 Total: Market 230.0 | Model 236.7
  [93m⚠️ NO BET - Too close to call[0m
     [96mEdge too small (+0.3)[0m
  [92m✅ BET: OVER 230.0[0m
     [96mModel projects 237 total points, bet the OVER[0m
  📈 Predicted: Washington Wizards 111, Phoenix Suns 126

[1m[96mNew York Knicks @ Portland Trail Blazers[0m
  🕐 01/11/26 06:10 PM EST
  [93m[1m🎯 A.I. Rating: 3.2 ⭐ (STANDARD PLAY)[0m
  [92m🔥 HOT: Portland Trail Blazers - Strong performer: 5-1 (83%) | +3.90u over 6 picks[0m
  📊 Spread: Market +4.5 | Model +1.2
  🎯 Total: Market 230.5 | Model 231.8
  [92m✅ BET: Portland Trail Blazers +4.5[0m
     [96mModel projects Portland Trail Blazers to win outright, easily covering +4.5.[0m
  [93m⚠️ NO BET - Too close to call[0m
  📈 Predicted: New York Knicks 115, Portland Trail Blazers 116

[1m[96mMiami Heat @ Oklahoma City Thunder[0m
  🕐 01/11/26 07:10 PM EST
  [93m[1m🎯 A.I. Rating: 2.9  (MARGINAL PLAY)[0m
  📊 Spread: Market -14.0 | Model +17.2
  🎯 Total: Market 233.0 | Model 237.1
  [93m⚠️ NO BET - Too close to call[0m
     [96mEdge too small (+3.2)[0m
  [93m⚠️ NO BET - Too close to call[0m
  📈 Predicted: Miami Heat 110, Oklahoma City Thunder 127

[1m[96mAtlanta Hawks @ Golden State Warriors[0m
  🕐 01/11/26 08:40 PM EST
  [93m[1m🎯 A.I. Rating: 2.9  (MARGINAL PLAY)[0m
  📊 Spread: Market -6.0 | Model +7.3
  🎯 Total: Market 235.0 | Model 238.9
  [93m⚠️ NO BET - Too close to call[0m
     [96mEdge too small (+1.3)[0m
  [93m⚠️ NO BET - Too close to call[0m
  📈 Predicted: Atlanta Hawks 116, Golden State Warriors 123

[92m✓ CSV saved: /Users/rico/sports-models/nba/nba_model_output.csv[0m
[92m✓ HTML saved: /Users/rico/sports-models/nba/nba_model_output.html[0m

[1m[96mSTEP 7: Generating Final Tracking Dashboard[0m
[92m✓ Tracking dashboard saved: /Users/rico/sports-models/nba/nba_tracking_dashboard.html[0m

[1m==========================================================================================[0m
[1m[93m📊 TRACKING SUMMARY 📊[0m
[1m==========================================================================================[0m
[92mTotal Tracked Bets: 340[0m
[92mRecord: 173-152-2[0m
[92mWin Rate: 53.2%[0m
[92mProfit: +4.96 units[0m
[92mROI: +1.4%[0m
[1m==========================================================================================[0m

[96mUpdating unified dashboard...[0m
[92m✓ Dashboard updated[0m


==========================================
✅ Model completed successfully!
==========================================

📤 Pushing updates to GitHub...
[main 7ba0b34] Update model outputs - 2026-01-11 10:24:11
 Committer: Ricardo Hill <rico@MacBookAir.lan>
Your name and email address were configured automatically based
on your username and hostname. Please check that they are accurate.
You can suppress this message by setting them explicitly. Run the
following command and follow the instructions in your editor to edit
your configuration file:

    git config --global --edit

After doing this, you may fix the identity used for this commit with:

    git commit --amend --reset-author

 2 files changed, 35 insertions(+), 3 deletions(-)
To https://github.com/BangLetsGetIt/NBA-NCAA-Betting-Models.git
   8ca2ef6..7ba0b34  main -> main
✅ Successfully pushed to GitHub!
==========================================
NBA Model Run: Mon Jan 12 10:00:01 EST 2026
==========================================
Running NBA model...

[1m==========================================================================================[0m
[1m[96m🎲 IMPROVED NBA BETTING MODEL 🎲[0m
[1m[92m⚡ Enhanced Stats + Rest Days + Stricter Filters ⚡[0m
[1m==========================================================================================[0m

[1m[96mSTEP 1: Checking for Completed Games[0m

[96m==========================================================================================[0m
[96m🔄 UPDATING RESULTS FOR COMPLETED GAMES[0m
[96m==========================================================================================[0m

[93m📋 Checking 10 pending picks...[0m
[96mFetching completed NBA game scores (via NBA API)...[0m
[92m✓ Found 16 completed games (Free API)[0m
  ✓ Updating: Philadelphia 76ers 115 @ Toronto Raptors 116
    Result: Win
  ✓ Updating: Philadelphia 76ers 115 @ Toronto Raptors 116
    Result: Win
[92m✓ Tracking data saved to /Users/rico/sports-models/nba/nba_picks_tracking.json[0m
[92m✅ Updated 2 picks[0m
[92m✓ Tracking data saved to /Users/rico/sports-models/nba/nba_picks_tracking.json[0m
[92m✅ Updated 2 picks[0m
[92m✓ Tracking dashboard saved: /Users/rico/sports-models/nba/nba_tracking_dashboard.html[0m
[92m✓ Tracking dashboard saved: /Users/rico/sports-models/nba/nba_tracking_dashboard.html[0m

[1m[96mSTEP 2: Fetching Composite Stats (Season + Form)[0m
[92m✓ Using cached composite stats (less than 6 hours old)[0m

[1m[96mSTEP 3: Fetching Home/Away Splits[0m
[92m✓ Using cached home/away splits (less than 6 hours old)[0m

[1m[96mSTEP 4: Fetching Team Schedules (Rest Days)[0m

[1m[96mSTEP 5: Fetching Live Odds (Next 2 Days)[0m
[92m✓ Fetched odds for 6 total games[0m
[92m✓ Filtered to 6 games in next 2 days[0m

[1m[96mSTEP 6: Processing Games & Generating Picks[0m

[91m❌ Missing stats for Los Angeles Clippers or Charlotte Hornets[0m
[91m❌ Missing stats for Los Angeles Clippers or Charlotte Hornets[0m
[91m❌ Skipping Charlotte Hornets @ Los Angeles Clippers - missing model data[0m
[92m✓ Tracking data saved to /Users/rico/sports-models/nba/nba_picks_tracking.json[0m
[92m✓ Updated CLV data for existing picks[0m

[1m[92m✅ Analyzed 5 games with complete odds[0m

[93m📊 All picks sorted by A.I. Rating (quality/confidence first)[0m


[1m==========================================================================================[0m
[1m[93m🏀 NBA MODEL PREDICTIONS 🏀[0m
[1m==========================================================================================[0m

[1m[96mLos Angeles Lakers @ Sacramento Kings[0m
  🕐 01/12/26 10:10 PM EST
  [92m[1m🎯 A.I. Rating: 4.9 ⭐⭐ (PREMIUM PLAY)[0m
  [93m📉 NEUTRAL-: Sacramento Kings - Slightly below average: 5-6 (45%) | -1.60u over 11 picks[0m
  📊 Spread: Market +9.0 | Model +7.4
  🎯 Total: Market 227.5 | Model 234.5
  [92m✅ BET: Sacramento Kings +9.0[0m
     [96mModel projects Sacramento Kings to win outright, easily covering +9.0.[0m
  [92m✅ BET: OVER 227.5[0m
     [96mModel projects 234 total points, bet the OVER[0m
  📈 Predicted: Los Angeles Lakers 114, Sacramento Kings 121

[1m[96mPhiladelphia 76ers @ Toronto Raptors[0m
  🕐 01/12/26 07:40 PM EST
  [92m[1m🎯 A.I. Rating: 4.8 ⭐⭐ (PREMIUM PLAY)[0m
  [96mℹ️ LIMITED: Toronto Raptors - Limited data: 2-0 (100%) | +2.00u (2 picks)[0m
  📊 Spread: Market +3.0 | Model +5.6
  🎯 Total: Market 220.5 | Model 234.4
  [92m✅ BET: Toronto Raptors +3.0[0m
     [96mModel projects Toronto Raptors to win outright, easily covering +3.0.[0m
  [92m✅ BET: OVER 220.5[0m
     [96mModel projects 234 total points, bet the OVER[0m
  📈 Predicted: Philadelphia 76ers 114, Toronto Raptors 120

[1m[96mBrooklyn Nets @ Dallas Mavericks[0m
  🕐 01/12/26 08:40 PM EST
  [92m[1m🎯 A.I. Rating: 4.6 ⭐⭐ (PREMIUM PLAY)[0m
  [92m🔥 HOT: Dallas Mavericks - Strong performer: 7-3 (70%) | +3.80u over 10 picks[0m
  📊 Spread: Market -4.0 | Model +10.2
  🎯 Total: Market 221.0 | Model 233.5
  [92m✅ BET: Dallas Mavericks -4.0[0m
     [96mModel projects Dallas Mavericks to win by 10.2, covering -4.0.[0m
  [92m✅ BET: OVER 221.0[0m
     [96mModel projects 234 total points, bet the OVER[0m
  📈 Predicted: Brooklyn Nets 112, Dallas Mavericks 122

[1m[96mBoston Celtics @ Indiana Pacers[0m
  🕐 01/12/26 07:40 PM EST
  [92m[1m🎯 A.I. Rating: 4.1 ⭐⭐ (STRONG PLAY)[0m
  📊 Spread: Market +6.0 | Model -2.7
  🎯 Total: Market 226.0 | Model 236.8
  [93m⚠️ NO BET - Too close to call[0m
     [96mEdge too small (+3.3)[0m
  [92m✅ BET: OVER 226.0[0m
     [96mModel projects 237 total points, bet the OVER[0m
  📈 Predicted: Boston Celtics 120, Indiana Pacers 117

[1m[96mUtah Jazz @ Cleveland Cavaliers[0m
  🕐 01/12/26 07:10 PM EST
  [96m[1m🎯 A.I. Rating: 3.9 ⭐ (GOOD PLAY)[0m
  [93m📉 NEUTRAL-: Cleveland Cavaliers - Slightly below average: 6-7 (46%) | -1.70u over 13 picks[0m
  📊 Spread: Market -13.0 | Model +22.4
  🎯 Total: Market 250.5 | Model 241.7
  [92m✅ BET: Cleveland Cavaliers -13.0[0m
     [96mModel projects Cleveland Cavaliers to win by 22.4, covering -13.0.[0m
  [92m✅ BET: UNDER 250.5[0m
     [96mModel projects 242 total points, bet the UNDER[0m
  📈 Predicted: Utah Jazz 110, Cleveland Cavaliers 132

[92m✓ CSV saved: /Users/rico/sports-models/nba/nba_model_output.csv[0m
[92m✓ HTML saved: /Users/rico/sports-models/nba/nba_model_output.html[0m

[1m[96mSTEP 7: Generating Final Tracking Dashboard[0m
[92m✓ Tracking dashboard saved: /Users/rico/sports-models/nba/nba_tracking_dashboard.html[0m

[1m==========================================================================================[0m
[1m[93m📊 TRACKING SUMMARY 📊[0m
[1m==========================================================================================[0m
[92mTotal Tracked Bets: 349[0m
[92mRecord: 180-159-2[0m
[92mWin Rate: 53.1%[0m
[92mProfit: +4.26 units[0m
[92mROI: +1.1%[0m
[1m==========================================================================================[0m

[96mUpdating unified dashboard...[0m
[92m✓ Dashboard updated[0m


==========================================
✅ Model completed successfully!
==========================================

📤 Pushing updates to GitHub...
[main b97e818] Update model outputs - 2026-01-12 10:00:07
 Committer: Ricardo Hill <rico@MacBookAir.lan>
Your name and email address were configured automatically based
on your username and hostname. Please check that they are accurate.
You can suppress this message by setting them explicitly. Run the
following command and follow the instructions in your editor to edit
your configuration file:

    git config --global --edit

After doing this, you may fix the identity used for this commit with:

    git commit --amend --reset-author

 4 files changed, 119 insertions(+), 129 deletions(-)
To https://github.com/BangLetsGetIt/NBA-NCAA-Betting-Models.git
   86257a1..b97e818  main -> main
✅ Successfully pushed to GitHub!
==========================================
NBA Model Run: Tue Jan 13 10:00:00 EST 2026
==========================================
Running NBA model...

[1m==========================================================================================[0m
[1m[96m🎲 IMPROVED NBA BETTING MODEL 🎲[0m
[1m[92m⚡ Enhanced Stats + Rest Days + Stricter Filters ⚡[0m
[1m==========================================================================================[0m

[1m[96mSTEP 1: Checking for Completed Games[0m

[96m==========================================================================================[0m
[96m🔄 UPDATING RESULTS FOR COMPLETED GAMES[0m
[96m==========================================================================================[0m

[93m📋 Checking 10 pending picks...[0m
[96mFetching completed NBA game scores (via NBA API)...[0m
[93m  ⚠️  Error fetching for 01/13/2026: HTTPSConnectionPool(host='stats.nba.com', port=443): Max retries exceeded with url: /stats/scoreboardv2?DayOffset=0&GameDate=01%2F13%2F2026&LeagueID=00 (Caused by NameResolutionError("<urllib3.connection.HTTPSConnection object at 0x10990acf0>: Failed to resolve 'stats.nba.com' ([Errno 8] nodename nor servname provided, or not known)"))[0m
[93m  ⚠️  Error fetching for 01/12/2026: HTTPSConnectionPool(host='stats.nba.com', port=443): Max retries exceeded with url: /stats/scoreboardv2?DayOffset=0&GameDate=01%2F12%2F2026&LeagueID=00 (Caused by NameResolutionError("<urllib3.connection.HTTPSConnection object at 0x109bd02d0>: Failed to resolve 'stats.nba.com' ([Errno 8] nodename nor servname provided, or not known)"))[0m
[93m  ⚠️  Error fetching for 01/11/2026: HTTPSConnectionPool(host='stats.nba.com', port=443): Max retries exceeded with url: /stats/scoreboardv2?DayOffset=0&GameDate=01%2F11%2F2026&LeagueID=00 (Caused by NameResolutionError("<urllib3.connection.HTTPSConnection object at 0x109bd0b90>: Failed to resolve 'stats.nba.com' ([Errno 8] nodename nor servname provided, or not known)"))[0m
[92m✓ Found 0 completed games (Free API)[0m
[93m⚠️  No completed games found.[0m
[92m✓ Tracking data saved to /Users/rico/sports-models/nba/nba_picks_tracking.json[0m
[92m✓ Tracking dashboard saved: /Users/rico/sports-models/nba/nba_tracking_dashboard.html[0m

[1m[96mSTEP 2: Fetching Composite Stats (Season + Form)[0m
[96m🔄 Fetching new team stats from stats.nba.com...[0m
[93m⚠ Attempt 1/3 failed: HTTPSConnectionPool(host='stats.nba.com', port=443): Max retries exceeded with url: /stats/leaguedashteamstats?Conference=&DateFrom=&DateTo=&Division=&GameScope=&GameSegment=&LastNGames=0&LeagueID=&Location=&MeasureType=Advanced&Month=0&OpponentTeamID=0&Outcome=&PORound=&PaceAdjust=N&PerMode=Totals&Period=0&PlayerExperience=&PlayerPosition=&PlusMinus=N&Rank=N&Season=2024-25&SeasonSegment=&SeasonType=Regular+Season&ShotClockRange=&StarterBench=&TeamID=&TwoWay=&VsConference=&VsDivision= (Caused by NameResolutionError("<urllib3.connection.HTTPSConnection object at 0x1098f7610>: Failed to resolve 'stats.nba.com' ([Errno 8] nodename nor servname provided, or not known)"))[0m
[93m   Retrying in 2 seconds...[0m
[93m⚠ Attempt 2/3 failed: HTTPSConnectionPool(host='stats.nba.com', port=443): Max retries exceeded with url: /stats/leaguedashteamstats?Conference=&DateFrom=&DateTo=&Division=&GameScope=&GameSegment=&LastNGames=0&LeagueID=&Location=&MeasureType=Advanced&Month=0&OpponentTeamID=0&Outcome=&PORound=&PaceAdjust=N&PerMode=Totals&Period=0&PlayerExperience=&PlayerPosition=&PlusMinus=N&Rank=N&Season=2024-25&SeasonSegment=&SeasonType=Regular+Season&ShotClockRange=&StarterBench=&TeamID=&TwoWay=&VsConference=&VsDivision= (Caused by NameResolutionError("<urllib3.connection.HTTPSConnection object at 0x1098f7d90>: Failed to resolve 'stats.nba.com' ([Errno 8] nodename nor servname provided, or not known)"))[0m
[93m   Retrying in 5 seconds...[0m
[91m✗ Error fetching stats after 3 attempts: HTTPSConnectionPool(host='stats.nba.com', port=443): Max retries exceeded with url: /stats/leaguedashteamstats?Conference=&DateFrom=&DateTo=&Division=&GameScope=&GameSegment=&LastNGames=0&LeagueID=&Location=&MeasureType=Advanced&Month=0&OpponentTeamID=0&Outcome=&PORound=&PaceAdjust=N&PerMode=Totals&Period=0&PlayerExperience=&PlayerPosition=&PlusMinus=N&Rank=N&Season=2024-25&SeasonSegment=&SeasonType=Regular+Season&ShotClockRange=&StarterBench=&TeamID=&TwoWay=&VsConference=&VsDivision= (Caused by NameResolutionError("<urllib3.connection.HTTPSConnection object at 0x109bd1d10>: Failed to resolve 'stats.nba.com' ([Errno 8] nodename nor servname provided, or not known)"))[0m
[93m⚠ Falling back to cached stats (may be stale)[0m
[92m✓ Using cached stats for 76 teams[0m

[1m[96mSTEP 3: Fetching Home/Away Splits[0m
[96m🔄 Fetching home/away splits from stats.nba.com...[0m
[93m⚠ Attempt 1/3 failed: HTTPSConnectionPool(host='stats.nba.com', port=443): Max retries exceeded with url: /stats/leaguedashteamstats?Conference=&DateFrom=&DateTo=&Division=&GameScope=&GameSegment=&LastNGames=0&LeagueID=&Location=Home&MeasureType=Advanced&Month=0&OpponentTeamID=0&Outcome=&PORound=&PaceAdjust=N&PerMode=Totals&Period=0&PlayerExperience=&PlayerPosition=&PlusMinus=N&Rank=N&Season=2024-25&SeasonSegment=&SeasonType=Regular+Season&ShotClockRange=&StarterBench=&TeamID=&TwoWay=&VsConference=&VsDivision= (Caused by NameResolutionError("<urllib3.connection.HTTPSConnection object at 0x109bd20d0>: Failed to resolve 'stats.nba.com' ([Errno 8] nodename nor servname provided, or not known)"))[0m
[93m   Retrying in 2 seconds...[0m
[93m⚠ Attempt 2/3 failed: HTTPSConnectionPool(host='stats.nba.com', port=443): Max retries exceeded with url: /stats/leaguedashteamstats?Conference=&DateFrom=&DateTo=&Division=&GameScope=&GameSegment=&LastNGames=0&LeagueID=&Location=Home&MeasureType=Advanced&Month=0&OpponentTeamID=0&Outcome=&PORound=&PaceAdjust=N&PerMode=Totals&Period=0&PlayerExperience=&PlayerPosition=&PlusMinus=N&Rank=N&Season=2024-25&SeasonSegment=&SeasonType=Regular+Season&ShotClockRange=&StarterBench=&TeamID=&TwoWay=&VsConference=&VsDivision= (Caused by NameResolutionError("<urllib3.connection.HTTPSConnection object at 0x109bd2710>: Failed to resolve 'stats.nba.com' ([Errno 8] nodename nor servname provided, or not known)"))[0m
[93m   Retrying in 5 seconds...[0m
[93m⚠ Could not fetch splits after 3 attempts: HTTPSConnectionPool(host='stats.nba.com', port=443): Max retries exceeded with url: /stats/leaguedashteamstats?Conference=&DateFrom=&DateTo=&Division=&GameScope=&GameSegment=&LastNGames=0&LeagueID=&Location=Home&MeasureType=Advanced&Month=0&OpponentTeamID=0&Outcome=&PORound=&PaceAdjust=N&PerMode=Totals&Period=0&PlayerExperience=&PlayerPosition=&PlusMinus=N&Rank=N&Season=2024-25&SeasonSegment=&SeasonType=Regular+Season&ShotClockRange=&StarterBench=&TeamID=&TwoWay=&VsConference=&VsDivision= (Caused by NameResolutionError("<urllib3.connection.HTTPSConnection object at 0x109bd2d50>: Failed to resolve 'stats.nba.com' ([Errno 8] nodename nor servname provided, or not known)"))[0m
[93m⚠ Falling back to cached splits (may be stale)[0m
[92m✓ Using cached splits[0m

[1m[96mSTEP 4: Fetching Team Schedules (Rest Days)[0m
[96m🔄 Fetching team schedules...[0m
[92m✓ Fetched schedules for 0 teams[0m

[1m[96mSTEP 5: Fetching Live Odds (Next 2 Days)[0m
[91m✗ Error fetching odds: HTTPSConnectionPool(host='api.the-odds-api.com', port=443): Max retries exceeded with url: /v4/sports/basketball_nba/odds/?apiKey=cf796adc9ac20a6df2247368d40fe0a0&regions=us%2Cus2&markets=h2h%2Cspreads%2Ctotals&oddsFormat=american&dateFormat=iso (Caused by NameResolutionError("<urllib3.connection.HTTPSConnection object at 0x1098f7b10>: Failed to resolve 'api.the-odds-api.com' ([Errno 8] nodename nor servname provided, or not known)"))[0m

[93m⚠️  No games found from The Odds API.[0m


==========================================
✅ Model completed successfully!
==========================================

📤 Pushing updates to GitHub...
No changes to commit
==========================================
NBA Model Run: Wed Jan 14 10:00:05 EST 2026
==========================================
Running NBA model...

[1m==========================================================================================[0m
[1m[96m🎲 IMPROVED NBA BETTING MODEL 🎲[0m
[1m[92m⚡ Enhanced Stats + Rest Days + Stricter Filters ⚡[0m
[1m==========================================================================================[0m

[1m[96mSTEP 1: Checking for Completed Games[0m

[96m==========================================================================================[0m
[96m🔄 UPDATING RESULTS FOR COMPLETED GAMES[0m
[96m==========================================================================================[0m

[93m📋 Checking 6 pending picks...[0m
[96mFetching completed NBA game scores (via NBA API)...[0m
[92m✓ Found 15 completed games (Free API)[0m
[92m✓ Tracking data saved to /Users/rico/sports-models/nba/nba_picks_tracking.json[0m
[93mNo picks were updated (games may not be complete yet)[0m
[92m✓ Tracking dashboard saved: /Users/rico/sports-models/nba/nba_tracking_dashboard.html[0m

[1m[96mSTEP 2: Fetching Composite Stats (Season + Form)[0m
[96m🔄 Fetching new team stats from stats.nba.com...[0m
[92m✓ Fetched and cached stats for 76 teams[0m

[1m[96mSTEP 3: Fetching Home/Away Splits[0m
[96m🔄 Fetching home/away splits from stats.nba.com...[0m
[92m✓ Fetched and cached home/away splits[0m

[1m[96mSTEP 4: Fetching Team Schedules (Rest Days)[0m

[1m[96mSTEP 5: Fetching Live Odds (Next 2 Days)[0m
[92m✓ Fetched odds for 7 total games[0m
[92m✓ Filtered to 7 games in next 2 days[0m

[1m[96mSTEP 6: Processing Games & Generating Picks[0m

[92m✓ Tracking data saved to /Users/rico/sports-models/nba/nba_picks_tracking.json[0m
[92m📝 LOGGED PICK: ✅ BET: OVER 226.0 (Edge: +11.6)[0m
[91m❌ Missing stats for Los Angeles Clippers or Washington Wizards[0m
[91m❌ Missing stats for Los Angeles Clippers or Washington Wizards[0m
[91m❌ Skipping Washington Wizards @ Los Angeles Clippers - missing model data[0m
[92m✓ Tracking data saved to /Users/rico/sports-models/nba/nba_picks_tracking.json[0m
[92m✓ Updated CLV data for existing picks[0m

[1m[92m✅ Analyzed 6 games with complete odds[0m

[93m📊 All picks sorted by A.I. Rating (quality/confidence first)[0m


[1m==========================================================================================[0m
[1m[93m🏀 NBA MODEL PREDICTIONS 🏀[0m
[1m==========================================================================================[0m

[1m[96mToronto Raptors @ Indiana Pacers[0m
  🕐 01/14/26 07:10 PM EST
  [92m[1m🎯 A.I. Rating: 4.9 ⭐⭐ (PREMIUM PLAY)[0m
  [92m✅ GOOD: Indiana Pacers - Good record: 11-6 (65%) | +4.40u over 17 picks[0m
  📊 Spread: Market +3.0 | Model +13.4
  🎯 Total: Market 223.5 | Model 237.3
  [92m✅ BET: Indiana Pacers +3.0[0m
     [96mModel projects Indiana Pacers to win outright, easily covering +3.0.[0m
  [92m✅ BET: OVER 223.5[0m
     [96mModel projects 237 total points, bet the OVER[0m
  📈 Predicted: Toronto Raptors 112, Indiana Pacers 125

[1m[96mNew York Knicks @ Sacramento Kings[0m
  🕐 01/14/26 10:10 PM EST
  [92m[1m🎯 A.I. Rating: 4.8 ⭐⭐ (PREMIUM PLAY)[0m
  [0m➖ NEUTRAL: Sacramento Kings - Average performance: 6-6 (50%) | -0.60u over 12 picks[0m
  📊 Spread: Market +11.5 | Model +3.1
  🎯 Total: Market 229.5 | Model 233.2
  [92m✅ BET: Sacramento Kings +11.5[0m
     [96mModel projects Sacramento Kings to win outright, easily covering +11.5.[0m
  [93m⚠️ NO BET - Too close to call[0m
  📈 Predicted: New York Knicks 115, Sacramento Kings 118

[1m[96mDenver Nuggets @ Dallas Mavericks[0m
  🕐 01/14/26 09:40 PM EST
  [92m[1m🎯 A.I. Rating: 4.2 ⭐⭐ (STRONG PLAY)[0m
  📊 Spread: Market -1.0 | Model +2.9
  🎯 Total: Market 226.0 | Model 237.6
  [93m⚠️ NO BET - Too close to call[0m
     [96mEdge too small (+1.9)[0m
  [92m✅ BET: OVER 226.0[0m
     [96mModel projects 238 total points, bet the OVER[0m
  📈 Predicted: Denver Nuggets 117, Dallas Mavericks 120

[1m[96mCleveland Cavaliers @ Philadelphia 76ers[0m
  🕐 01/14/26 07:10 PM EST
  [92m[1m🎯 A.I. Rating: 4.2 ⭐⭐ (STRONG PLAY)[0m
  [93m📉 NEUTRAL-: Cleveland Cavaliers - Slightly below average: 6-8 (43%) | -2.80u over 14 picks[0m
  📊 Spread: Market -1.5 | Model -10.0
  🎯 Total: Market 237.0 | Model 239.0
  [92m✅ BET: Cleveland Cavaliers +1.5[0m
     [96mModel projects Philadelphia 76ers to win by only 10.0, not enough to cover -1.5.[0m
  [93m⚠️ NO BET - Too close to call[0m
  📈 Predicted: Cleveland Cavaliers 124, Philadelphia 76ers 114

[1m[96mUtah Jazz @ Chicago Bulls[0m
  🕐 01/14/26 08:10 PM EST
  [96m[1m🎯 A.I. Rating: 3.5 ⭐ (GOOD PLAY)[0m
  [93m⚠️ CAUTION: Chicago Bulls - Below average: 2-3 (40%) | -1.30u over 5 picks[0m
  📊 Spread: Market -2.5 | Model +10.0
  🎯 Total: Market 243.5 | Model 243.0
  [92m✅ BET: Chicago Bulls -2.5[0m
     [96mModel projects Chicago Bulls to win by 10.0, covering -2.5.[0m
  [93m⚠️ NO BET - Too close to call[0m
  📈 Predicted: Utah Jazz 116, Chicago Bulls 126

[1m[96mBrooklyn Nets @ New Orleans Pelicans[0m
  🕐 01/14/26 08:10 PM EST
  [93m[1m🎯 A.I. Rating: 3.0 ⭐ (STANDARD PLAY)[0m
  📊 Spread: Market +2.0 | Model +2.5
  🎯 Total: Market 228.0 | Model 231.6
  [93m⚠️ NO BET - Too close to call[0m
     [96mEdge too small (+4.5)[0m
  [93m⚠️ NO BET - Too close to call[0m
  📈 Predicted: Brooklyn Nets 115, New Orleans Pelicans 117

[92m✓ CSV saved: /Users/rico/sports-models/nba/nba_model_output.csv[0m
[92m✓ HTML saved: /Users/rico/sports-models/nba/nba_model_output.html[0m

[1m[96mSTEP 7: Generating Final Tracking Dashboard[0m
[92m✓ Tracking dashboard saved: /Users/rico/sports-models/nba/nba_tracking_dashboard.html[0m

[1m==========================================================================================[0m
[1m[93m📊 TRACKING SUMMARY 📊[0m
[1m==========================================================================================[0m
[92mTotal Tracked Bets: 363[0m
[92mRecord: 191-164-2[0m
[92mWin Rate: 53.8%[0m
[92mProfit: +9.76 units[0m
[92mROI: +2.5%[0m
[1m==========================================================================================[0m

[96mUpdating unified dashboard...[0m
[92m✓ Dashboard updated[0m


==========================================
✅ Model completed successfully!
==========================================

📤 Pushing updates to GitHub...
[main e3624ce] Update model outputs - 2026-01-14 10:00:59
 Committer: Ricardo Hill <rico@Ricos-M1-Mac-2.local>
Your name and email address were configured automatically based
on your username and hostname. Please check that they are accurate.
You can suppress this message by setting them explicitly. Run the
following command and follow the instructions in your editor to edit
your configuration file:

    git config --global --edit

After doing this, you may fix the identity used for this commit with:

    git commit --amend --reset-author

 3 files changed, 51 insertions(+), 45 deletions(-)
To https://github.com/BangLetsGetIt/NBA-NCAA-Betting-Models.git
   a5504f6..e3624ce  main -> main
✅ Successfully pushed to GitHub!
==========================================
NBA Model Run: Thu Jan 15 10:00:02 EST 2026
==========================================
Running NBA model...

[1m==========================================================================================[0m
[1m[96m🎲 IMPROVED NBA BETTING MODEL 🎲[0m
[1m[92m⚡ Enhanced Stats + Rest Days + Stricter Filters ⚡[0m
[1m==========================================================================================[0m

[1m[96mSTEP 1: Checking for Completed Games[0m

[96m==========================================================================================[0m
[96m🔄 UPDATING RESULTS FOR COMPLETED GAMES[0m
[96m==========================================================================================[0m

[93m📋 Checking 9 pending picks...[0m
[96mFetching completed NBA game scores (via NBA API)...[0m
[92m✓ Found 16 completed games (Free API)[0m
[92m✓ Tracking data saved to /Users/rico/sports-models/nba/nba_picks_tracking.json[0m
[93mNo picks were updated (games may not be complete yet)[0m
[92m✓ Tracking dashboard saved: /Users/rico/sports-models/nba/nba_tracking_dashboard.html[0m

[1m[96mSTEP 2: Fetching Composite Stats (Season + Form)[0m
[96m🔄 Fetching new team stats from stats.nba.com...[0m
[92m✓ Fetched and cached stats for 76 teams[0m

[1m[96mSTEP 3: Fetching Home/Away Splits[0m
[96m🔄 Fetching home/away splits from stats.nba.com...[0m
[92m✓ Fetched and cached home/away splits[0m

[1m[96mSTEP 4: Fetching Team Schedules (Rest Days)[0m
[96m🔄 Fetching team schedules...[0m
[92m✓ Fetched schedules for 1 teams[0m

[1m[96mSTEP 5: Fetching Live Odds (Next 2 Days)[0m
[92m✓ Fetched odds for 9 total games[0m
[92m✓ Filtered to 9 games in next 2 days[0m

[1m[96mSTEP 6: Processing Games & Generating Picks[0m

[92m✓ Tracking data saved to /Users/rico/sports-models/nba/nba_picks_tracking.json[0m
[92m✓ Updated CLV data for existing picks[0m

[1m[92m✅ Analyzed 9 games with complete odds[0m

[93m📊 All picks sorted by A.I. Rating (quality/confidence first)[0m


[1m==========================================================================================[0m
[1m[93m🏀 NBA MODEL PREDICTIONS 🏀[0m
[1m==========================================================================================[0m

[1m[96mOklahoma City Thunder @ Houston Rockets[0m
  🕐 01/15/26 07:40 PM EST
  [92m[1m🎯 A.I. Rating: 4.9 ⭐⭐ (PREMIUM PLAY)[0m
  📊 Spread: Market +4.5 | Model -0.4
  🎯 Total: Market 223.0 | Model 239.0
  [93m⚠️ NO BET - Too close to call[0m
     [96mEdge too small (+4.1)[0m
  [92m✅ BET: OVER 223.0[0m
     [96mModel projects 239 total points, bet the OVER[0m
  📈 Predicted: Oklahoma City Thunder 120, Houston Rockets 119

[1m[96mPhoenix Suns @ Detroit Pistons[0m
  🕐 01/15/26 07:10 PM EST
  [92m[1m🎯 A.I. Rating: 4.9 ⭐⭐ (PREMIUM PLAY)[0m
  📊 Spread: Market -6.0 | Model +10.3
  🎯 Total: Market 223.0 | Model 238.6
  [93m⚠️ NO BET - Too close to call[0m
     [96mEdge too small (+4.3)[0m
  [92m✅ BET: OVER 223.0[0m
     [96mModel projects 239 total points, bet the OVER[0m
  📈 Predicted: Phoenix Suns 114, Detroit Pistons 124

[1m[96mUtah Jazz @ Dallas Mavericks[0m
  🕐 01/15/26 08:40 PM EST
  [92m[1m🎯 A.I. Rating: 4.7 ⭐⭐ (PREMIUM PLAY)[0m
  [92m🔥 HOT: Dallas Mavericks - Strong performer: 8-3 (73%) | +4.80u over 11 picks[0m
  📊 Spread: Market -1.0 | Model +14.2
  🎯 Total: Market 236.5 | Model 238.7
  [92m✅ BET: Dallas Mavericks -1.0[0m
     [96mModel projects Dallas Mavericks to win by 14.2, covering -1.0.[0m
  [93m⚠️ NO BET - Too close to call[0m
  📈 Predicted: Utah Jazz 112, Dallas Mavericks 126

[1m[96mMilwaukee Bucks @ San Antonio Spurs[0m
  🕐 01/15/26 08:10 PM EST
  [92m[1m🎯 A.I. Rating: 4.5 ⭐⭐ (PREMIUM PLAY)[0m
  📊 Spread: Market -7.5 | Model +3.0
  🎯 Total: Market 226.0 | Model 238.8
  [93m⚠️ NO BET - Too close to call[0m
     [96mEdge too small (-4.5)[0m
  [92m✅ BET: OVER 226.0[0m
     [96mModel projects 239 total points, bet the OVER[0m
  📈 Predicted: Milwaukee Bucks 118, San Antonio Spurs 121

[1m[96mCharlotte Hornets @ Los Angeles Lakers[0m
  🕐 01/15/26 10:40 PM EST
  [92m[1m🎯 A.I. Rating: 4.2 ⭐⭐ (STRONG PLAY)[0m
  [93m⚠️ CAUTION: Los Angeles Lakers - Below average: 2-4 (33%) | -2.49u over 6 picks[0m
  📊 Spread: Market -5.0 | Model +16.6
  🎯 Total: Market 232.5 | Model 229.6
  [92m✅ BET: Los Angeles Lakers -5.0[0m
     [96mModel projects Los Angeles Lakers to win by 16.6, covering -5.0.[0m
  [93m⚠️ NO BET - Too close to call[0m
  📈 Predicted: Charlotte Hornets 106, Los Angeles Lakers 123

[1m[96mAtlanta Hawks @ Portland Trail Blazers[0m
  🕐 01/15/26 10:10 PM EST
  [96m[1m🎯 A.I. Rating: 3.5 ⭐ (GOOD PLAY)[0m
  [92m🔥 HOT: Portland Trail Blazers - Strong performer: 5-2 (71%) | +2.80u over 7 picks[0m
  📊 Spread: Market +4.0 | Model +3.3
  🎯 Total: Market 231.0 | Model 238.3
  [92m✅ BET: Portland Trail Blazers +4.0[0m
     [96mModel projects Portland Trail Blazers to win outright, easily covering +4.0.[0m
  [92m✅ BET: OVER 231.0[0m
     [96mModel projects 238 total points, bet the OVER[0m
  📈 Predicted: Atlanta Hawks 118, Portland Trail Blazers 121

[1m[96mMemphis Grizzlies @ Orlando Magic[0m
  🕐 01/15/26 02:10 PM EST
  [93m[1m🎯 A.I. Rating: 3.3 ⭐ (STANDARD PLAY)[0m
  📊 Spread: Market -5.0 | Model +3.1
  🎯 Total: Market 229.0 | Model 235.7
  [93m⚠️ NO BET - Too close to call[0m
     [96mEdge too small (-1.9)[0m
  [92m✅ BET: OVER 229.0[0m
     [96mModel projects 236 total points, bet the OVER[0m
  📈 Predicted: Memphis Grizzlies 116, Orlando Magic 119

[1m[96mNew York Knicks @ Golden State Warriors[0m
  🕐 01/15/26 10:10 PM EST
  [93m[1m🎯 A.I. Rating: 2.9  (MARGINAL PLAY)[0m
  📊 Spread: Market -7.0 | Model +5.2
  🎯 Total: Market 229.0 | Model 232.4
  [93m⚠️ NO BET - Too close to call[0m
     [96mEdge too small (-1.8)[0m
  [93m⚠️ NO BET - Too close to call[0m
  📈 Predicted: New York Knicks 114, Golden State Warriors 119

[1m[96mBoston Celtics @ Miami Heat[0m
  🕐 01/15/26 07:40 PM EST
  [93m[1m🎯 A.I. Rating: 2.7  (MARGINAL PLAY)[0m
  📊 Spread: Market +2.0 | Model -4.2
  🎯 Total: Market 234.5 | Model 233.9
  [93m⚠️ NO BET - Too close to call[0m
     [96mEdge too small (-2.2)[0m
  [93m⚠️ NO BET - Too close to call[0m
  📈 Predicted: Boston Celtics 119, Miami Heat 115

[92m✓ CSV saved: /Users/rico/sports-models/nba/nba_model_output.csv[0m
[92m✓ HTML saved: /Users/rico/sports-models/nba/nba_model_output.html[0m

[1m[96mSTEP 7: Generating Final Tracking Dashboard[0m
[92m✓ Tracking dashboard saved: /Users/rico/sports-models/nba/nba_tracking_dashboard.html[0m

[1m==========================================================================================[0m
[1m[93m📊 TRACKING SUMMARY 📊[0m
[1m==========================================================================================[0m
[92mTotal Tracked Bets: 371[0m
[92mRecord: 193-167-2[0m
[92mWin Rate: 53.6%[0m
[92mProfit: +8.46 units[0m
[92mROI: +2.1%[0m
[1m==========================================================================================[0m

[96mUpdating unified dashboard...[0m
[92m✓ Dashboard updated[0m


==========================================
✅ Model completed successfully!
==========================================

📤 Pushing updates to GitHub...
[main 5d3dde9] Update model outputs - 2026-01-15 10:01:01
 Committer: Ricardo Hill <rico@Ricos-M1-Mac-2.local>
Your name and email address were configured automatically based
on your username and hostname. Please check that they are accurate.
You can suppress this message by setting them explicitly. Run the
following command and follow the instructions in your editor to edit
your configuration file:

    git config --global --edit

After doing this, you may fix the identity used for this commit with:

    git commit --amend --reset-author

 4 files changed, 66 insertions(+), 56 deletions(-)
To https://github.com/BangLetsGetIt/NBA-NCAA-Betting-Models.git
   bbbd823..5d3dde9  main -> main
✅ Successfully pushed to GitHub!
==========================================
NBA Model Run: Fri Jan 16 10:00:02 EST 2026
==========================================
Running NBA model...

[1m==========================================================================================[0m
[1m[96m🎲 IMPROVED NBA BETTING MODEL 🎲[0m
[1m[92m⚡ Enhanced Stats + Rest Days + Stricter Filters ⚡[0m
[1m==========================================================================================[0m

[1m[96mSTEP 1: Checking for Completed Games[0m

[96m==========================================================================================[0m
[96m🔄 UPDATING RESULTS FOR COMPLETED GAMES[0m
[96m==========================================================================================[0m

[93m📋 Checking 5 pending picks...[0m
[96mFetching completed NBA game scores (via NBA API)...[0m
[92m✓ Found 16 completed games (Free API)[0m
[92m✓ Tracking data saved to /Users/rico/sports-models/nba/nba_picks_tracking.json[0m
[93mNo picks were updated (games may not be complete yet)[0m
[92m✓ Tracking dashboard saved: /Users/rico/sports-models/nba/nba_tracking_dashboard.html[0m

[1m[96mSTEP 2: Fetching Composite Stats (Season + Form)[0m
[96m🔄 Fetching new team stats from stats.nba.com...[0m
[92m✓ Fetched and cached stats for 76 teams[0m

[1m[96mSTEP 3: Fetching Home/Away Splits[0m
[96m🔄 Fetching home/away splits from stats.nba.com...[0m
[92m✓ Fetched and cached home/away splits[0m

[1m[96mSTEP 4: Fetching Team Schedules (Rest Days)[0m

[1m[96mSTEP 5: Fetching Live Odds (Next 2 Days)[0m
[92m✓ Fetched odds for 7 total games[0m
[92m✓ Filtered to 6 games in next 2 days[0m

[1m[96mSTEP 6: Processing Games & Generating Picks[0m

[92m✓ Tracking data saved to /Users/rico/sports-models/nba/nba_picks_tracking.json[0m
[92m📝 LOGGED PICK: ✅ BET: OVER 233.0 (Edge: +6.0)[0m
[92m✓ Tracking data saved to /Users/rico/sports-models/nba/nba_picks_tracking.json[0m
[92m📝 LOGGED PICK: ✅ BET: Chicago Bulls +2.0 (Edge: -6.0)[0m
[91m❌ Missing stats for Toronto Raptors or Los Angeles Clippers[0m
[91m❌ Missing stats for Toronto Raptors or Los Angeles Clippers[0m
[91m❌ Skipping Los Angeles Clippers @ Toronto Raptors - missing model data[0m
[92m✓ Tracking data saved to /Users/rico/sports-models/nba/nba_picks_tracking.json[0m
[92m✓ Updated CLV data for existing picks[0m

[1m[92m✅ Analyzed 5 games with complete odds[0m

[93m📊 All picks sorted by A.I. Rating (quality/confidence first)[0m


[1m==========================================================================================[0m
[1m[93m🏀 NBA MODEL PREDICTIONS 🏀[0m
[1m==========================================================================================[0m

[1m[96mNew Orleans Pelicans @ Indiana Pacers[0m
  🕐 01/16/26 07:10 PM EST
  [92m[1m🎯 A.I. Rating: 4.9 ⭐⭐ (PREMIUM PLAY)[0m
  [92m✅ GOOD: Indiana Pacers - Good record: 11-7 (61%) | +3.30u over 18 picks[0m
  📊 Spread: Market -4.0 | Model +20.0
  🎯 Total: Market 241.0 | Model 236.9
  [92m✅ BET: Indiana Pacers -4.0[0m
     [96mModel projects Indiana Pacers to win by 20.0, covering -4.0.[0m
  [93m⚠️ NO BET - Too close to call[0m
  📈 Predicted: New Orleans Pelicans 108, Indiana Pacers 128

[1m[96mMinnesota Timberwolves @ Houston Rockets[0m
  🕐 01/16/26 09:40 PM EST
  [92m[1m🎯 A.I. Rating: 4.9 ⭐⭐ (PREMIUM PLAY)[0m
  📊 Spread: Market -4.5 | Model +5.0
  🎯 Total: Market 222.0 | Model 237.1
  [93m⚠️ NO BET - Too close to call[0m
     [96mEdge too small (+0.5)[0m
  [92m✅ BET: OVER 222.0[0m
     [96mModel projects 237 total points, bet the OVER[0m
  📈 Predicted: Minnesota Timberwolves 116, Houston Rockets 121

[1m[96mCleveland Cavaliers @ Philadelphia 76ers[0m
  🕐 01/16/26 07:10 PM EST
  [92m[1m🎯 A.I. Rating: 4.5 ⭐⭐ (PREMIUM PLAY)[0m
  [0m➖ NEUTRAL: Cleveland Cavaliers - Average performance: 8-8 (50%) | -0.80u over 16 picks[0m
  📊 Spread: Market -2.5 | Model -10.0
  🎯 Total: Market 233.0 | Model 239.0
  [92m✅ BET: Cleveland Cavaliers +2.5[0m
     [96mModel projects Philadelphia 76ers to win by only 10.0, not enough to cover -2.5.[0m
  [92m✅ BET: OVER 233.0[0m
     [96mModel projects 239 total points, bet the OVER[0m
  📈 Predicted: Cleveland Cavaliers 124, Philadelphia 76ers 114

[1m[96mChicago Bulls @ Brooklyn Nets[0m
  🕐 01/16/26 07:40 PM EST
  [92m[1m🎯 A.I. Rating: 4.3 ⭐⭐ (STRONG PLAY)[0m
  [93m⚠️ CAUTION: Chicago Bulls - Below average: 2-4 (33%) | -2.40u over 6 picks[0m
  📊 Spread: Market -2.0 | Model -4.0
  🎯 Total: Market 226.0 | Model 237.8
  [92m✅ BET: Chicago Bulls +2.0[0m
     [96mModel projects Brooklyn Nets to win by only 4.0, not enough to cover -2.0.[0m
  [92m✅ BET: OVER 226.0[0m
     [96mModel projects 238 total points, bet the OVER[0m
  📈 Predicted: Chicago Bulls 121, Brooklyn Nets 117

[1m[96mWashington Wizards @ Sacramento Kings[0m
  🕐 01/16/26 10:10 PM EST
  [96m[1m🎯 A.I. Rating: 3.8 ⭐ (GOOD PLAY)[0m
  [96m📊 NEUTRAL+: Sacramento Kings - Slightly above average: 7-6 (54%) | +0.40u over 13 picks[0m
  📊 Spread: Market -7.0 | Model +15.8
  🎯 Total: Market 233.0 | Model 233.9
  [92m✅ BET: Sacramento Kings -7.0[0m
     [96mModel projects Sacramento Kings to win by 15.8, covering -7.0.[0m
  [93m⚠️ NO BET - Too close to call[0m
  📈 Predicted: Washington Wizards 109, Sacramento Kings 125

[92m✓ CSV saved: /Users/rico/sports-models/nba/nba_model_output.csv[0m
[92m✓ HTML saved: /Users/rico/sports-models/nba/nba_model_output.html[0m

[1m[96mSTEP 7: Generating Final Tracking Dashboard[0m
[92m✓ Tracking dashboard saved: /Users/rico/sports-models/nba/nba_tracking_dashboard.html[0m

[1m==========================================================================================[0m
[1m[93m📊 TRACKING SUMMARY 📊[0m
[1m==========================================================================================[0m
[92mTotal Tracked Bets: 376[0m
[92mRecord: 196-172-3[0m
[92mWin Rate: 53.3%[0m
[92mProfit: +5.96 units[0m
[92mROI: +1.5%[0m
[1m==========================================================================================[0m

[96mUpdating unified dashboard...[0m
[92m✓ Dashboard updated[0m


==========================================
✅ Model completed successfully!
==========================================

📤 Pushing updates to GitHub...
[main eb9c952] Update model outputs - 2026-01-16 10:01:04
 Committer: Ricardo Hill <rico@Ricos-M1-Mac-2.local>
Your name and email address were configured automatically based
on your username and hostname. Please check that they are accurate.
You can suppress this message by setting them explicitly. Run the
following command and follow the instructions in your editor to edit
your configuration file:

    git config --global --edit

After doing this, you may fix the identity used for this commit with:

    git commit --amend --reset-author

 4 files changed, 37 insertions(+), 33 deletions(-)
To https://github.com/BangLetsGetIt/NBA-NCAA-Betting-Models.git
   c092fe7..eb9c952  main -> main
✅ Successfully pushed to GitHub!
==========================================
NBA Model Run: Sun Jan 18 10:00:03 EST 2026
==========================================
Running NBA model...

[1m==========================================================================================[0m
[1m[96m🎲 IMPROVED NBA BETTING MODEL 🎲[0m
[1m[92m⚡ Enhanced Stats + Rest Days + Stricter Filters ⚡[0m
[1m==========================================================================================[0m

[1m[96mSTEP 1: Checking for Completed Games[0m

[96m==========================================================================================[0m
[96m🔄 UPDATING RESULTS FOR COMPLETED GAMES[0m
[96m==========================================================================================[0m

[93m📋 Checking 10 pending picks...[0m
[96mFetching completed NBA game scores (via NBA API)...[0m
[92m✓ Found 15 completed games (Free API)[0m
[92m✓ Tracking data saved to /Users/rico/sports-models/nba/nba_picks_tracking.json[0m
[93mNo picks were updated (games may not be complete yet)[0m
[92m✓ Tracking dashboard saved: /Users/rico/sports-models/nba/nba_tracking_dashboard.html[0m

[1m[96mSTEP 2: Fetching Composite Stats (Season + Form)[0m
[96m🔄 Fetching new team stats from stats.nba.com...[0m
[92m✓ Fetched and cached stats for 76 teams[0m

[1m[96mSTEP 3: Fetching Home/Away Splits[0m
[96m🔄 Fetching home/away splits from stats.nba.com...[0m
[92m✓ Fetched and cached home/away splits[0m

[1m[96mSTEP 4: Fetching Team Schedules (Rest Days)[0m

[1m[96mSTEP 5: Fetching Live Odds (Next 2 Days)[0m
[92m✓ Fetched odds for 6 total games[0m
[92m✓ Filtered to 6 games in next 2 days[0m

[1m[96mSTEP 6: Processing Games & Generating Picks[0m

[92m✓ Tracking data saved to /Users/rico/sports-models/nba/nba_picks_tracking.json[0m
[92m✓ Updated CLV data for existing picks[0m

[1m[92m✅ Analyzed 6 games with complete odds[0m

[93m📊 All picks sorted by A.I. Rating (quality/confidence first)[0m


[1m==========================================================================================[0m
[1m[93m🏀 NBA MODEL PREDICTIONS 🏀[0m
[1m==========================================================================================[0m

[1m[96mOrlando Magic @ Memphis Grizzlies[0m
  🕐 01/18/26 12:10 PM EST
  [92m[1m🎯 A.I. Rating: 4.9 ⭐⭐ (PREMIUM PLAY)[0m
  [93m⚠️ CAUTION: Memphis Grizzlies - Below average: 5-8 (38%) | -3.80u over 13 picks[0m
  📊 Spread: Market +4.0 | Model +13.1
  🎯 Total: Market 230.5 | Model 235.7
  [92m✅ BET: Memphis Grizzlies +4.0[0m
     [96mModel projects Memphis Grizzlies to win outright, easily covering +4.0.[0m
  [93m⚠️ NO BET - Too close to call[0m
  📈 Predicted: Orlando Magic 111, Memphis Grizzlies 124

[1m[96mCharlotte Hornets @ Denver Nuggets[0m
  🕐 01/18/26 08:10 PM EST
  [92m[1m🎯 A.I. Rating: 4.9 ⭐⭐ (PREMIUM PLAY)[0m
  [96m📊 NEUTRAL+: Denver Nuggets - Slightly above average: 4-3 (57%) | +0.70u over 7 picks[0m
  📊 Spread: Market -1.5 | Model +17.6
  🎯 Total: Market 228.0 | Model 231.4
  [92m✅ BET: Denver Nuggets -1.5[0m
     [96mModel projects Denver Nuggets to win by 17.6, covering -1.5.[0m
  [93m⚠️ NO BET - Too close to call[0m
  📈 Predicted: Charlotte Hornets 107, Denver Nuggets 124

[1m[96mBrooklyn Nets @ Chicago Bulls[0m
  🕐 01/18/26 07:10 PM EST
  [92m[1m🎯 A.I. Rating: 4.9 ⭐⭐ (PREMIUM PLAY)[0m
  📊 Spread: Market -6.0 | Model +6.0
  🎯 Total: Market 222.5 | Model 237.8
  [93m⚠️ NO BET - Too close to call[0m
     [96mEdge too small (+0.0)[0m
  [92m✅ BET: OVER 222.5[0m
     [96mModel projects 238 total points, bet the OVER[0m
  📈 Predicted: Brooklyn Nets 116, Chicago Bulls 122

[1m[96mToronto Raptors @ Los Angeles Lakers[0m
  🕐 01/18/26 09:40 PM EST
  [92m[1m🎯 A.I. Rating: 4.8 ⭐⭐ (PREMIUM PLAY)[0m
  [91m🚫 COLD: Los Angeles Lakers - Poor performer: 2-5 (29%) | -3.59u over 7 picks[0m
  📊 Spread: Market +1.5 | Model +13.3
  🎯 Total: Market 223.0 | Model 234.2
  [92m✅ BET: Los Angeles Lakers +1.5[0m
     [96mModel projects Los Angeles Lakers to win outright, easily covering +1.5.[0m
  [92m✅ BET: OVER 223.0[0m
     [96mModel projects 234 total points, bet the OVER[0m
  📈 Predicted: Toronto Raptors 110, Los Angeles Lakers 124

[1m[96mNew Orleans Pelicans @ Houston Rockets[0m
  🕐 01/18/26 07:10 PM EST
  [96m[1m🎯 A.I. Rating: 3.7 ⭐ (GOOD PLAY)[0m
  [93m⚠️ CAUTION: Houston Rockets - Below average: 1-2 (33%) | -1.29u over 3 picks[0m
  📊 Spread: Market -13.5 | Model +21.5
  🎯 Total: Market 230.5 | Model 236.0
  [92m✅ BET: Houston Rockets -13.5[0m
     [96mModel projects Houston Rockets to win by 21.5, covering -13.5.[0m
  [93m⚠️ NO BET - Too close to call[0m
  📈 Predicted: New Orleans Pelicans 107, Houston Rockets 129

[1m[96mPortland Trail Blazers @ Sacramento Kings[0m
  🕐 01/18/26 09:10 PM EST
  [96m[1m🎯 A.I. Rating: 3.5 ⭐ (GOOD PLAY)[0m
  [96m📊 NEUTRAL+: Sacramento Kings - Slightly above average: 8-6 (57%) | +1.40u over 14 picks[0m
  📊 Spread: Market -2.5 | Model +9.9
  🎯 Total: Market 229.0 | Model 232.8
  [92m✅ BET: Sacramento Kings -2.5[0m
     [96mModel projects Sacramento Kings to win by 9.9, covering -2.5.[0m
  [93m⚠️ NO BET - Too close to call[0m
  📈 Predicted: Portland Trail Blazers 111, Sacramento Kings 121

[92m✓ CSV saved: /Users/rico/sports-models/nba/nba_model_output.csv[0m
Loaded 10 Auto-Bet teams: Indiana Pacers, Orlando Magic, Boston Celtics, Dallas Mavericks, Portland Trail Blazers...
[92m✓ HTML saved: /Users/rico/sports-models/nba/nba_model_output.html[0m

[1m[96mSTEP 7: Generating Final Tracking Dashboard[0m
[92m✓ Tracking dashboard saved: /Users/rico/sports-models/nba/nba_tracking_dashboard.html[0m

[1m==========================================================================================[0m
[1m[93m📊 TRACKING SUMMARY 📊[0m
[1m==========================================================================================[0m
[92mTotal Tracked Bets: 399[0m
[92mRecord: 206-180-3[0m
[92mWin Rate: 53.4%[0m
[92mProfit: +7.16 units[0m
[92mROI: +1.7%[0m
[1m==========================================================================================[0m

[96mUpdating unified dashboard...[0m
[92m✓ Dashboard updated[0m


==========================================
✅ Model completed successfully!
==========================================

📤 Pushing updates to GitHub...
[main 7e622ff] Update model outputs - 2026-01-18 10:00:43
 Committer: Ricardo Hill <rico@Ricos-M1-Mac-2.local>
Your name and email address were configured automatically based
on your username and hostname. Please check that they are accurate.
You can suppress this message by setting them explicitly. Run the
following command and follow the instructions in your editor to edit
your configuration file:

    git config --global --edit

After doing this, you may fix the identity used for this commit with:

    git commit --amend --reset-author

 4 files changed, 91 insertions(+), 95 deletions(-)
To https://github.com/BangLetsGetIt/NBA-NCAA-Betting-Models.git
   3f40ac1..7e622ff  main -> main
✅ Successfully pushed to GitHub!
==========================================
NBA Model Run: Mon Jan 19 10:00:02 EST 2026
==========================================
Running NBA model...

[1m==========================================================================================[0m
[1m[96m🎲 IMPROVED NBA BETTING MODEL 🎲[0m
[1m[92m⚡ Enhanced Stats + Rest Days + Stricter Filters ⚡[0m
[1m==========================================================================================[0m

[1m[96mSTEP 1: Checking for Completed Games[0m

[96m==========================================================================================[0m
[96m🔄 UPDATING RESULTS FOR COMPLETED GAMES[0m
[96m==========================================================================================[0m

[93m📋 Checking 11 pending picks...[0m
[96mFetching completed NBA game scores (via NBA API)...[0m
[92m✓ Found 15 completed games (Free API)[0m
[92m✓ Tracking data saved to /Users/rico/sports-models/nba/nba_picks_tracking.json[0m
[93mNo picks were updated (games may not be complete yet)[0m
[92m✓ Tracking dashboard saved: /Users/rico/sports-models/nba/nba_tracking_dashboard.html[0m

[1m[96mSTEP 2: Fetching Composite Stats (Season + Form)[0m
[96m🔄 Fetching new team stats from stats.nba.com...[0m
[92m✓ Fetched and cached stats for 76 teams[0m

[1m[96mSTEP 3: Fetching Home/Away Splits[0m
[96m🔄 Fetching home/away splits from stats.nba.com...[0m
[92m✓ Fetched and cached home/away splits[0m

[1m[96mSTEP 4: Fetching Team Schedules (Rest Days)[0m
[96m🔄 Fetching team schedules...[0m
[92m✓ Fetched schedules for 1 teams[0m

[1m[96mSTEP 5: Fetching Live Odds (Next 2 Days)[0m
[92m✓ Fetched odds for 9 total games[0m
[92m✓ Filtered to 9 games in next 2 days[0m

[1m[96mSTEP 6: Processing Games & Generating Picks[0m

[91m❌ Missing stats for Washington Wizards or Los Angeles Clippers[0m
[91m❌ Missing stats for Washington Wizards or Los Angeles Clippers[0m
[91m❌ Skipping Los Angeles Clippers @ Washington Wizards - missing model data[0m
[92m✓ Tracking data saved to /Users/rico/sports-models/nba/nba_picks_tracking.json[0m
[92m✓ Updated CLV data for existing picks[0m

[1m[92m✅ Analyzed 8 games with complete odds[0m

[93m📊 All picks sorted by A.I. Rating (quality/confidence first)[0m


[1m==========================================================================================[0m
[1m[93m🏀 NBA MODEL PREDICTIONS 🏀[0m
[1m==========================================================================================[0m

[1m[96mPhoenix Suns @ Brooklyn Nets[0m
  🕐 01/19/26 07:40 PM EST
  [92m[1m🎯 A.I. Rating: 4.9 ⭐⭐ (PREMIUM PLAY)[0m
  [92m🔥 HOT: Brooklyn Nets - Strong performer: 3-1 (75%) | +1.90u over 4 picks[0m
  📊 Spread: Market +8.0 | Model +0.2
  🎯 Total: Market 216.5 | Model 235.2
  [92m✅ BET: Brooklyn Nets +8.0[0m
     [96mModel projects Brooklyn Nets to win outright, easily covering +8.0.[0m
  [92m✅ BET: OVER 216.5[0m
     [96mModel projects 235 total points, bet the OVER[0m
  📈 Predicted: Phoenix Suns 118, Brooklyn Nets 118

[1m[96mMilwaukee Bucks @ Atlanta Hawks[0m
  🕐 01/19/26 01:10 PM EST
  [92m[1m🎯 A.I. Rating: 4.6 ⭐⭐ (PREMIUM PLAY)[0m
  📊 Spread: Market -2.0 | Model +2.9
  🎯 Total: Market 231.5 | Model 244.9
  [93m⚠️ NO BET - Too close to call[0m
     [96mEdge too small (+0.9)[0m
  [92m✅ BET: OVER 231.5[0m
     [96mModel projects 245 total points, bet the OVER[0m
  📈 Predicted: Milwaukee Bucks 121, Atlanta Hawks 124

[1m[96mBoston Celtics @ Detroit Pistons[0m
  🕐 01/19/26 08:10 PM EST
  [92m[1m🎯 A.I. Rating: 4.1 ⭐⭐ (STRONG PLAY)[0m
  [92m🔥 HOT: Boston Celtics - Strong performer: 7-3 (70%) | +3.70u over 10 picks[0m
  📊 Spread: Market -3.0 | Model -5.3
  🎯 Total: Market 224.5 | Model 234.8
  [92m✅ BET: Boston Celtics +3.0[0m
     [96mModel projects Detroit Pistons to win by only 5.3, not enough to cover -3.0.[0m
  [92m✅ BET: OVER 224.5[0m
     [96mModel projects 235 total points, bet the OVER[0m
  📈 Predicted: Boston Celtics 120, Detroit Pistons 115

[1m[96mIndiana Pacers @ Philadelphia 76ers[0m
  🕐 01/19/26 07:10 PM EST
  [92m[1m🎯 A.I. Rating: 4.1 ⭐⭐ (STRONG PLAY)[0m
  [92m✅ GOOD: Indiana Pacers - Good record: 12-8 (60%) | +3.20u over 20 picks[0m
  📊 Spread: Market -8.0 | Model -1.9
  🎯 Total: Market 228.5 | Model 238.2
  [92m✅ BET: Indiana Pacers +8.0[0m
     [96mModel projects Philadelphia 76ers to win by only 1.9, not enough to cover -8.0.[0m
  [92m✅ BET: OVER 228.5[0m
     [96mModel projects 238 total points, bet the OVER[0m
  📈 Predicted: Indiana Pacers 120, Philadelphia 76ers 118

[1m[96mOklahoma City Thunder @ Cleveland Cavaliers[0m
  🕐 01/19/26 02:40 PM EST
  [92m[1m🎯 A.I. Rating: 4.0 ⭐⭐ (STRONG PLAY)[0m
  [0m➖ NEUTRAL: Cleveland Cavaliers - Average performance: 8-8 (50%) | -0.80u over 16 picks[0m
  📊 Spread: Market +6.0 | Model +4.1
  🎯 Total: Market 232.0 | Model 240.7
  [92m✅ BET: Cleveland Cavaliers +6.0[0m
     [96mModel projects Cleveland Cavaliers to win outright, easily covering +6.0.[0m
  [92m✅ BET: OVER 232.0[0m
     [96mModel projects 241 total points, bet the OVER[0m
  📈 Predicted: Oklahoma City Thunder 118, Cleveland Cavaliers 122

[1m[96mUtah Jazz @ San Antonio Spurs[0m
  🕐 01/19/26 05:10 PM EST
  [93m[1m🎯 A.I. Rating: 3.2 ⭐ (STANDARD PLAY)[0m
  [92m✅ GOOD: Utah Jazz - Good record: 2-1 (67%) | +0.90u over 3 picks[0m
  📊 Spread: Market -16.5 | Model +10.6
  🎯 Total: Market 241.0 | Model 237.1
  [92m✅ BET: Utah Jazz +16.5[0m
     [96mModel projects San Antonio Spurs to win by only 10.6, not enough to cover -16.5.[0m
  [93m⚠️ NO BET - Too close to call[0m
  📈 Predicted: Utah Jazz 113, San Antonio Spurs 124

[1m[96mMiami Heat @ Golden State Warriors[0m
  🕐 01/19/26 10:10 PM EST
  [93m[1m🎯 A.I. Rating: 3.0 ⭐ (STANDARD PLAY)[0m
  📊 Spread: Market -5.5 | Model +7.4
  🎯 Total: Market 238.5 | Model 234.0
  [93m⚠️ NO BET - Too close to call[0m
     [96mEdge too small (+1.9)[0m
  [93m⚠️ NO BET - Too close to call[0m
  📈 Predicted: Miami Heat 113, Golden State Warriors 121

[1m[96mDallas Mavericks @ New York Knicks[0m
  🕐 01/19/26 05:10 PM EST
  [93m[1m🎯 A.I. Rating: 3.0 ⭐ (STANDARD PLAY)[0m
  📊 Spread: Market -10.0 | Model +14.2
  🎯 Total: Market 230.0 | Model 234.4
  [93m⚠️ NO BET - Too close to call[0m
     [96mEdge too small (+4.2)[0m
  [93m⚠️ NO BET - Too close to call[0m
  📈 Predicted: Dallas Mavericks 110, New York Knicks 124

[92m✓ CSV saved: /Users/rico/sports-models/nba/nba_model_output.csv[0m
Loaded 10 Auto-Bet teams: Minnesota Timberwolves, New York Knicks, Dallas Mavericks, Orlando Magic, Denver Nuggets...
[92m✓ HTML saved: /Users/rico/sports-models/nba/nba_model_output.html[0m

[1m[96mSTEP 7: Generating Final Tracking Dashboard[0m
[92m✓ Tracking dashboard saved: /Users/rico/sports-models/nba/nba_tracking_dashboard.html[0m

[1m==========================================================================================[0m
[1m[93m📊 TRACKING SUMMARY 📊[0m
[1m==========================================================================================[0m
[92mTotal Tracked Bets: 409[0m
[92mRecord: 210-185-3[0m
[92mWin Rate: 53.2%[0m
[92mProfit: +5.66 units[0m
[92mROI: +1.3%[0m
[1m==========================================================================================[0m

[96mUpdating unified dashboard...[0m
[92m✓ Dashboard updated[0m


==========================================
✅ Model completed successfully!
==========================================

📊 Updating Analysis Dashboard...
HTML Report generated at: /Users/rico/sports-models/nba/nba_analysis_report.html
Top 10 Auto-Bet Teams JSON saved: /Users/rico/sports-models/nba/nba_auto_bet_teams.json

📤 Pushing updates to GitHub...
[main 830be84] Update model outputs - 2026-01-19 10:01:31
 Committer: Ricardo Hill <rico@Ricos-M1-Mac-2.local>
Your name and email address were configured automatically based
on your username and hostname. Please check that they are accurate.
You can suppress this message by setting them explicitly. Run the
following command and follow the instructions in your editor to edit
your configuration file:

    git config --global --edit

After doing this, you may fix the identity used for this commit with:

    git commit --amend --reset-author

 5 files changed, 105 insertions(+), 95 deletions(-)
To https://github.com/BangLetsGetIt/NBA-NCAA-Betting-Models.git
   6f8e4d2..830be84  main -> main
✅ Successfully pushed to GitHub!
==========================================
NBA Model Run: Tue Jan 20 10:00:00 EST 2026
==========================================
Running NBA model...

[1m==========================================================================================[0m
[1m[96m🎲 IMPROVED NBA BETTING MODEL 🎲[0m
[1m[92m⚡ Enhanced Stats + Rest Days + Stricter Filters ⚡[0m
[1m==========================================================================================[0m

[1m[96mSTEP 1: Checking for Completed Games[0m

[96m==========================================================================================[0m
[96m🔄 UPDATING RESULTS FOR COMPLETED GAMES[0m
[96m==========================================================================================[0m

[93m📋 Checking 9 pending picks...[0m
[96mFetching completed NBA game scores (via NBA API)...[0m
[92m✓ Found 18 completed games (Free API)[0m
[92m✓ Tracking data saved to /Users/rico/sports-models/nba/nba_picks_tracking.json[0m
[93mNo picks were updated (games may not be complete yet)[0m
[92m✓ Tracking dashboard saved: /Users/rico/sports-models/nba/nba_tracking_dashboard.html[0m

[1m[96mSTEP 2: Fetching Composite Stats (Season + Form)[0m
[96m🔄 Fetching new team stats from stats.nba.com...[0m
[92m✓ Fetched and cached stats for 76 teams[0m

[1m[96mSTEP 3: Fetching Home/Away Splits[0m
[96m🔄 Fetching home/away splits from stats.nba.com...[0m
[92m✓ Fetched and cached home/away splits[0m

[1m[96mSTEP 4: Fetching Team Schedules (Rest Days)[0m

[1m[96mSTEP 5: Fetching Live Odds (Next 2 Days)[0m
[92m✓ Fetched odds for 7 total games[0m
[92m✓ Filtered to 7 games in next 2 days[0m

[1m[96mSTEP 6: Processing Games & Generating Picks[0m

[91m❌ Missing stats for Chicago Bulls or Los Angeles Clippers[0m
[91m❌ Missing stats for Chicago Bulls or Los Angeles Clippers[0m
[91m❌ Skipping Los Angeles Clippers @ Chicago Bulls - missing model data[0m
[92m✓ Tracking data saved to /Users/rico/sports-models/nba/nba_picks_tracking.json[0m
[92m✓ Updated CLV data for existing picks[0m

[1m[92m✅ Analyzed 6 games with complete odds[0m

[93m📊 All picks sorted by A.I. Rating (quality/confidence first)[0m


[1m==========================================================================================[0m
[1m[93m🏀 NBA MODEL PREDICTIONS 🏀[0m
[1m==========================================================================================[0m

[1m[96mPhoenix Suns @ Philadelphia 76ers[0m
  🕐 01/20/26 07:10 PM EST
  [92m[1m🎯 A.I. Rating: 4.9 ⭐⭐ (PREMIUM PLAY)[0m
  📊 Spread: Market -1.0 | Model +2.8
  🎯 Total: Market 224.0 | Model 239.2
  [93m⚠️ NO BET - Too close to call[0m
     [96mEdge too small (+1.8)[0m
  [92m✅ BET: OVER 224.0[0m
     [96mModel projects 239 total points, bet the OVER[0m
  📈 Predicted: Phoenix Suns 118, Philadelphia 76ers 121

[1m[96mSan Antonio Spurs @ Houston Rockets[0m
  🕐 01/20/26 08:10 PM EST
  [92m[1m🎯 A.I. Rating: 4.8 ⭐⭐ (PREMIUM PLAY)[0m
  [91m🚫 COLD: Houston Rockets - Poor performer: 1-3 (25%) | -2.39u over 4 picks[0m
  📊 Spread: Market -4.0 | Model +12.7
  🎯 Total: Market 221.0 | Model 237.9
  [92m✅ BET: Houston Rockets -4.0[0m
     [96mModel projects Houston Rockets to win by 12.7, covering -4.0.[0m
  [92m✅ BET: OVER 221.0[0m
     [96mModel projects 238 total points, bet the OVER[0m
  📈 Predicted: San Antonio Spurs 113, Houston Rockets 125

[1m[96mLos Angeles Lakers @ Denver Nuggets[0m
  🕐 01/20/26 10:10 PM EST
  [92m[1m🎯 A.I. Rating: 4.6 ⭐⭐ (PREMIUM PLAY)[0m
  [0m➖ NEUTRAL: Denver Nuggets - Average performance: 4-4 (50%) | -0.40u over 8 picks[0m
  📊 Spread: Market +2.0 | Model +10.8
  🎯 Total: Market 228.5 | Model 238.2
  [92m✅ BET: Denver Nuggets +2.0[0m
     [96mModel projects Denver Nuggets to win outright, easily covering +2.0.[0m
  [92m✅ BET: OVER 228.5[0m
     [96mModel projects 238 total points, bet the OVER[0m
  📈 Predicted: Los Angeles Lakers 114, Denver Nuggets 124

[1m[96mToronto Raptors @ Golden State Warriors[0m
  🕐 01/20/26 10:10 PM EST
  [96m[1m🎯 A.I. Rating: 3.9 ⭐ (GOOD PLAY)[0m
  [93m📉 NEUTRAL-: Golden State Warriors - Slightly below average: 3-4 (43%) | -1.40u over 7 picks[0m
  📊 Spread: Market -3.5 | Model +13.0
  🎯 Total: Market 226.0 | Model 234.6
  [92m✅ BET: Golden State Warriors -3.5[0m
     [96mModel projects Golden State Warriors to win by 13.0, covering -3.5.[0m
  [92m✅ BET: OVER 226.0[0m
     [96mModel projects 235 total points, bet the OVER[0m
  📈 Predicted: Toronto Raptors 111, Golden State Warriors 124

[1m[96mMiami Heat @ Sacramento Kings[0m
  🕐 01/20/26 10:10 PM EST
  [96m[1m🎯 A.I. Rating: 3.8 ⭐ (GOOD PLAY)[0m
  [96m📊 NEUTRAL+: Sacramento Kings - Slightly above average: 8-7 (53%) | +0.30u over 15 picks[0m
  📊 Spread: Market +3.5 | Model +5.3
  🎯 Total: Market 238.0 | Model 236.5
  [92m✅ BET: Sacramento Kings +3.5[0m
     [96mModel projects Sacramento Kings to win outright, easily covering +3.5.[0m
  [93m⚠️ NO BET - Too close to call[0m
  📈 Predicted: Miami Heat 116, Sacramento Kings 121

[1m[96mMinnesota Timberwolves @ Utah Jazz[0m
  🕐 01/20/26 09:10 PM EST
  [93m[1m🎯 A.I. Rating: 3.1 ⭐ (STANDARD PLAY)[0m
  📊 Spread: Market +12.0 | Model -8.9
  🎯 Total: Market 244.5 | Model 239.5
  [93m⚠️ NO BET - Too close to call[0m
     [96mEdge too small (+3.1)[0m
  [93m⚠️ NO BET - Too close to call[0m
  📈 Predicted: Minnesota Timberwolves 124, Utah Jazz 115

[92m✓ CSV saved: /Users/rico/sports-models/nba/nba_model_output.csv[0m
Loaded 10 Auto-Bet teams: New York Knicks, Portland Trail Blazers, New Orleans Pelicans, Dallas Mavericks, Sacramento Kings...
[92m✓ HTML saved: /Users/rico/sports-models/nba/nba_model_output.html[0m

[1m[96mSTEP 7: Generating Final Tracking Dashboard[0m
[92m✓ Tracking dashboard saved: /Users/rico/sports-models/nba/nba_tracking_dashboard.html[0m

[1m==========================================================================================[0m
[1m[93m📊 TRACKING SUMMARY 📊[0m
[1m==========================================================================================[0m
[92mTotal Tracked Bets: 417[0m
[92mRecord: 214-191-3[0m
[92mWin Rate: 52.8%[0m
[92mProfit: +3.06 units[0m
[92mROI: +0.7%[0m
[1m==========================================================================================[0m

[96mUpdating unified dashboard...[0m
[92m✓ Dashboard updated[0m


==========================================
✅ Model completed successfully!
==========================================

📊 Updating Analysis Dashboard...
HTML Report generated at: /Users/rico/sports-models/nba/nba_analysis_report.html
Top 10 Auto-Bet Teams JSON saved: /Users/rico/sports-models/nba/nba_auto_bet_teams.json

📤 Pushing updates to GitHub...
[main 030a8df] Update model outputs - 2026-01-20 10:01:17
 Committer: Ricardo Hill <rico@Ricos-M1-Mac-2.local>
Your name and email address were configured automatically based
on your username and hostname. Please check that they are accurate.
You can suppress this message by setting them explicitly. Run the
following command and follow the instructions in your editor to edit
your configuration file:

    git config --global --edit

After doing this, you may fix the identity used for this commit with:

    git commit --amend --reset-author

 6 files changed, 121 insertions(+), 117 deletions(-)
To https://github.com/BangLetsGetIt/NBA-NCAA-Betting-Models.git
   a5f9f34..030a8df  main -> main
✅ Successfully pushed to GitHub!
==========================================
NBA Model Run: Wed Jan 21 10:00:01 EST 2026
==========================================
Running NBA model...

[1m==========================================================================================[0m
[1m[96m🎲 IMPROVED NBA BETTING MODEL 🎲[0m
[1m[92m⚡ Enhanced Stats + Rest Days + Stricter Filters ⚡[0m
[1m==========================================================================================[0m

[1m[96mSTEP 1: Checking for Completed Games[0m

[96m==========================================================================================[0m
[96m🔄 UPDATING RESULTS FOR COMPLETED GAMES[0m
[96m==========================================================================================[0m

[93m📋 Checking 10 pending picks...[0m
[96mFetching completed NBA game scores (via NBA API)...[0m
[92m✓ Found 21 completed games (Free API)[0m
[92m✓ Tracking data saved to /Users/rico/sports-models/nba/nba_picks_tracking.json[0m
[93mNo picks were updated (games may not be complete yet)[0m
[92m✓ Tracking dashboard saved: /Users/rico/sports-models/nba/nba_tracking_dashboard.html[0m

[1m[96mSTEP 2: Fetching Composite Stats (Season + Form)[0m
[96m🔄 Fetching new team stats from stats.nba.com...[0m
[92m✓ Fetched and cached stats for 76 teams[0m

[1m[96mSTEP 3: Fetching Home/Away Splits[0m
[96m🔄 Fetching home/away splits from stats.nba.com...[0m
[92m✓ Fetched and cached home/away splits[0m

[1m[96mSTEP 4: Fetching Team Schedules (Rest Days)[0m
[96m🔄 Fetching team schedules...[0m
[92m✓ Fetched schedules for 1 teams[0m

[1m[96mSTEP 5: Fetching Live Odds (Next 2 Days)[0m
[92m✓ Fetched odds for 7 total games[0m
[92m✓ Filtered to 7 games in next 2 days[0m

[1m[96mSTEP 6: Processing Games & Generating Picks[0m

[92m✓ Tracking data saved to /Users/rico/sports-models/nba/nba_picks_tracking.json[0m
[92m✓ Updated CLV data for existing picks[0m

[1m[92m✅ Analyzed 7 games with complete odds[0m

[93m📊 All picks sorted by A.I. Rating (quality/confidence first)[0m


[1m==========================================================================================[0m
[1m[93m🏀 NBA MODEL PREDICTIONS 🏀[0m
[1m==========================================================================================[0m

[1m[96mToronto Raptors @ Sacramento Kings[0m
  🕐 01/21/26 10:10 PM EST
  [92m[1m🎯 A.I. Rating: 4.9 ⭐⭐ (PREMIUM PLAY)[0m
  [0m➖ NEUTRAL: Sacramento Kings - Average performance: 8-8 (50%) | -0.80u over 16 picks[0m
  📊 Spread: Market +5.5 | Model +10.9
  🎯 Total: Market 224.5 | Model 235.5
  [92m✅ BET: Sacramento Kings +5.5[0m
     [96mModel projects Sacramento Kings to win outright, easily covering +5.5.[0m
  [92m✅ BET: OVER 224.5[0m
     [96mModel projects 236 total points, bet the OVER[0m
  📈 Predicted: Toronto Raptors 112, Sacramento Kings 123

[1m[96mOklahoma City Thunder @ Milwaukee Bucks[0m
  🕐 01/21/26 09:40 PM EST
  [92m[1m🎯 A.I. Rating: 4.8 ⭐⭐ (PREMIUM PLAY)[0m
  [91m🚫 COLD: Milwaukee Bucks - Poor performer: 2-8 (20%) | -6.89u over 10 picks[0m
  📊 Spread: Market +9.5 | Model -2.2
  🎯 Total: Market 226.5 | Model 243.1
  [92m✅ BET: Milwaukee Bucks +9.5[0m
     [96mModel projects Milwaukee Bucks to lose by only 2.2, covering +9.5.[0m
  [92m✅ BET: OVER 226.5[0m
     [96mModel projects 243 total points, bet the OVER[0m
  📈 Predicted: Oklahoma City Thunder 123, Milwaukee Bucks 120

[1m[96mIndiana Pacers @ Boston Celtics[0m
  🕐 01/21/26 07:40 PM EST
  [92m[1m🎯 A.I. Rating: 4.4 ⭐⭐ (STRONG PLAY)[0m
  📊 Spread: Market -11.0 | Model +11.9
  🎯 Total: Market 226.0 | Model 238.4
  [93m⚠️ NO BET - Too close to call[0m
     [96mEdge too small (+0.9)[0m
  [92m✅ BET: OVER 226.0[0m
     [96mModel projects 238 total points, bet the OVER[0m
  📈 Predicted: Indiana Pacers 113, Boston Celtics 125

[1m[96mBrooklyn Nets @ New York Knicks[0m
  🕐 01/21/26 07:40 PM EST
  [92m[1m🎯 A.I. Rating: 4.0 ⭐⭐ (STRONG PLAY)[0m
  📊 Spread: Market -11.5 | Model +14.3
  🎯 Total: Market 222.5 | Model 233.0
  [93m⚠️ NO BET - Too close to call[0m
     [96mEdge too small (+2.8)[0m
  [92m✅ BET: OVER 222.5[0m
     [96mModel projects 233 total points, bet the OVER[0m
  📈 Predicted: Brooklyn Nets 109, New York Knicks 124

[1m[96mAtlanta Hawks @ Memphis Grizzlies[0m
  🕐 01/21/26 08:10 PM EST
  [96m[1m🎯 A.I. Rating: 3.9 ⭐ (GOOD PLAY)[0m
  [93m📉 NEUTRAL-: Memphis Grizzlies - Slightly below average: 6-8 (43%) | -2.80u over 14 picks[0m
  📊 Spread: Market -1.5 | Model +11.2
  🎯 Total: Market 239.0 | Model 246.6
  [92m✅ BET: Memphis Grizzlies -1.5[0m
     [96mModel projects Memphis Grizzlies to win by 11.2, covering -1.5.[0m
  [93m⚠️ NO BET - Too close to call[0m
  📈 Predicted: Atlanta Hawks 118, Memphis Grizzlies 129

[1m[96mCleveland Cavaliers @ Charlotte Hornets[0m
  🕐 01/21/26 07:10 PM EST
  [93m[1m🎯 A.I. Rating: 3.2 ⭐ (STANDARD PLAY)[0m
  [93m📉 NEUTRAL-: Cleveland Cavaliers - Slightly below average: 8-9 (47%) | -1.90u over 17 picks[0m
  📊 Spread: Market +2.5 | Model -8.5
  🎯 Total: Market 236.5 | Model 235.1
  [92m✅ BET: Cleveland Cavaliers -2.5[0m
     [96mModel projects Charlotte Hornets to lose by 8.5, Cleveland Cavaliers covers -2.5.[0m
  [93m⚠️ NO BET - Too close to call[0m
  📈 Predicted: Cleveland Cavaliers 122, Charlotte Hornets 113

[1m[96mDetroit Pistons @ New Orleans Pelicans[0m
  🕐 01/21/26 08:10 PM EST
  [93m[1m🎯 A.I. Rating: 3.0 ⭐ (STANDARD PLAY)[0m
  📊 Spread: Market +9.5 | Model -5.2
  🎯 Total: Market 235.0 | Model 236.6
  [93m⚠️ NO BET - Too close to call[0m
     [96mEdge too small (+4.3)[0m
  [93m⚠️ NO BET - Too close to call[0m
  📈 Predicted: Detroit Pistons 121, New Orleans Pelicans 116

[92m✓ CSV saved: /Users/rico/sports-models/nba/nba_model_output.csv[0m
Loaded 10 Auto-Bet teams: Orlando Magic, Sacramento Kings, Boston Celtics, Portland Trail Blazers, Dallas Mavericks...
[92m✓ HTML saved: /Users/rico/sports-models/nba/nba_model_output.html[0m

[1m[96mSTEP 7: Generating Final Tracking Dashboard[0m
[92m✓ Tracking dashboard saved: /Users/rico/sports-models/nba/nba_tracking_dashboard.html[0m

[1m==========================================================================================[0m
[1m[93m📊 TRACKING SUMMARY 📊[0m
[1m==========================================================================================[0m
[92mTotal Tracked Bets: 426[0m
[92mRecord: 217-196-3[0m
[92mWin Rate: 52.5%[0m
[92mProfit: +0.56 units[0m
[92mROI: +0.1%[0m
[1m==========================================================================================[0m

[96mUpdating unified dashboard...[0m
[92m✓ Dashboard updated[0m


==========================================
✅ Model completed successfully!
==========================================

📊 Updating Analysis Dashboard...
HTML Report generated at: /Users/rico/sports-models/nba/nba_analysis_report.html
Top 10 Auto-Bet Teams JSON saved: /Users/rico/sports-models/nba/nba_auto_bet_teams.json

📤 Pushing updates to GitHub...
[main 4262ecd] Update model outputs - 2026-01-21 10:01:40
 Committer: Ricardo Hill <rico@Ricos-M1-Mac-2.local>
Your name and email address were configured automatically based
on your username and hostname. Please check that they are accurate.
You can suppress this message by setting them explicitly. Run the
following command and follow the instructions in your editor to edit
your configuration file:

    git config --global --edit

After doing this, you may fix the identity used for this commit with:

    git commit --amend --reset-author

 6 files changed, 183 insertions(+), 175 deletions(-)
To https://github.com/BangLetsGetIt/NBA-NCAA-Betting-Models.git
   6d89770..4262ecd  main -> main
✅ Successfully pushed to GitHub!
==========================================
NBA Model Run: Fri Jan 23 10:00:02 EST 2026
==========================================
Running NBA model...

[1m==========================================================================================[0m
[1m[96m🎲 IMPROVED NBA BETTING MODEL 🎲[0m
[1m[92m⚡ Enhanced Stats + Rest Days + Stricter Filters ⚡[0m
[1m==========================================================================================[0m

[1m[96mSTEP 1: Checking for Completed Games[0m

[96m==========================================================================================[0m
[96m🔄 UPDATING RESULTS FOR COMPLETED GAMES[0m
[96m==========================================================================================[0m

[93m📋 Checking 11 pending picks...[0m
[96mFetching completed NBA game scores (via NBA API)...[0m
[92m✓ Found 15 completed games (Free API)[0m
[92m✓ Tracking data saved to /Users/rico/sports-models/nba/nba_picks_tracking.json[0m
[93mNo picks were updated (games may not be complete yet)[0m
[92m✓ Tracking dashboard saved: /Users/rico/sports-models/nba/nba_tracking_dashboard.html[0m

[1m[96mSTEP 2: Fetching Composite Stats (Season + Form)[0m
[92m✓ Using cached composite stats (less than 6 hours old)[0m

[1m[96mSTEP 3: Fetching Home/Away Splits[0m
[92m✓ Using cached home/away splits (less than 6 hours old)[0m

[1m[96mSTEP 4: Fetching Team Schedules (Rest Days)[0m

[1m[96mSTEP 5: Fetching Live Odds (Next 2 Days)[0m
[91m✗ Error fetching odds: 401 Client Error: Unauthorized for url: https://api.the-odds-api.com/v4/sports/basketball_nba/odds/?apiKey=cf796adc9ac20a6df2247368d40fe0a0&regions=us%2Cus2&markets=h2h%2Cspreads%2Ctotals&oddsFormat=american&dateFormat=iso[0m

[93m⚠️  No games found from The Odds API.[0m


==========================================
✅ Model completed successfully!
==========================================

📊 Updating Analysis Dashboard...
HTML Report generated at: /Users/rico/sports-models/nba/nba_analysis_report.html
Top 10 Auto-Bet Teams JSON saved: /Users/rico/sports-models/nba/nba_auto_bet_teams.json

📤 Pushing updates to GitHub...
[main ab9c629f] Update model outputs - 2026-01-23 10:00:06
 Committer: Ricardo Hill <rico@MacBookAir.lan>
Your name and email address were configured automatically based
on your username and hostname. Please check that they are accurate.
You can suppress this message by setting them explicitly. Run the
following command and follow the instructions in your editor to edit
your configuration file:

    git config --global --edit

After doing this, you may fix the identity used for this commit with:

    git commit --amend --reset-author

 5 files changed, 247 insertions(+), 97 deletions(-)
To https://github.com/BangLetsGetIt/NBA-NCAA-Betting-Models.git
   a3d760e4..ab9c629f  main -> main
✅ Successfully pushed to GitHub!
