==========================================
NBA Rebounds Props Model Run: Fri Dec 12 06:00:02 EST 2025
==========================================
Running NBA Rebounds Props model...

[1m[96m================================================================================[0m
[1m[96mNBA REBOUNDS PROPS A.I. MODEL[0m
[1m[96m================================================================================[0m

[96mChecking 10 pending picks...[0m
[92m✓ Updated 2 picks[0m

[96mFetching REAL NBA player rebounding statistics...[0m
[92m✓ Using cached player stats (less than 6 hours old)[0m

[96mFetching opponent rebounding factors...[0m
[92m✓ Using cached rebounding factors[0m

[96mFetching player rebounds prop odds...[0m
[96m  Found 9 upcoming games[0m
[96m  Game 1/9: Atlanta Hawks @ Detroit Pistons[0m
[96m  Game 2/9: Chicago Bulls @ Charlotte Hornets[0m
[96m  Game 3/9: Cleveland Cavaliers @ Washington Wizards[0m
[96m  Game 4/9: Indiana Pacers @ Philadelphia 76ers[0m
[96m  Game 5/9: Utah Jazz @ Memphis Grizzlies[0m
[96m  Game 6/9: Brooklyn Nets @ Dallas Mavericks[0m
[96m  Game 7/9: Minnesota Timberwolves @ Golden State Warriors[0m
[96m  Game 8/9: New York Knicks @ Orlando Magic[0m
[96m  Game 9/9: San Antonio Spurs @ Oklahoma City Thunder[0m
[92m✓ Fetched 228 total player props[0m

[96mAnalyzing 228 player props with REAL stats...[0m
[92m✓ Found 3 top OVER plays (A.I. Score >= 9.5)[0m
[92m✓ Found 5 top UNDER plays (A.I. Score >= 9.5)[0m
[93m  Skipped 8 props (no player stats found)[0m
[93m  Skipped 414 props (score below 9.5)[0m

[96mAuto-tracking picks with A.I. Score >= 9.7...[0m
[92m✓ Tracked 2 new picks[0m

[1m[96m================================================================================[0m
[1m[96mTRACKING SUMMARY[0m
[1m[96m================================================================================[0m
Total Picks: 19 | Wins: 7 | Losses: 2 | Pending: 10
Win Rate: 77.8% | ROI: +4.37u (+23.0%)

[1m[92m================================================================================[0m
[1m[92mTOP OVER PLAYS[0m
[1m[92m================================================================================[0m
📊 [96m 1. Julian Champagnie        [0m | [92mOVER 3.5 REB   [0m | Oklahoma City Thunder vs San Antonio Spurs | [1mA.I.: 10.00[0m
📊 [96m 2. Stephon Castle           [0m | [92mOVER 4.5 REB   [0m | San Antonio Spurs vs Oklahoma City Thunder | [1mA.I.: 10.00[0m
📊 [96m 3. Victor Wembanyama        [0m | [92mOVER 9.5 REB   [0m | San Antonio Spurs vs Oklahoma City Thunder | [1mA.I.: 10.00[0m

[1m[91m================================================================================[0m
[1m[91mTOP UNDER PLAYS[0m
[1m[91m================================================================================[0m
📊 [96m 1. Brandon Miller           [0m | [91mUNDER 4.5 REB  [0m | Charlotte Hornets vs Chicago Bulls | [1mA.I.: 10.00[0m
📊 [96m 2. Evan Mobley              [0m | [91mUNDER 10.5 REB [0m | Cleveland Cavaliers vs Washington Wizards | [1mA.I.: 10.00[0m
📊 [96m 3. Joel Embiid              [0m | [91mUNDER 7.5 REB  [0m | Philadelphia 76ers vs Indiana Pacers | [1mA.I.: 10.00[0m
📊 [96m 4. Cedric Coward            [0m | [91mUNDER 7.5 REB  [0m | Memphis Grizzlies vs Utah Jazz | [1mA.I.: 10.00[0m
📊 [96m 5. Jaylen Wells             [0m | [91mUNDER 4.5 REB  [0m | Memphis Grizzlies vs Utah Jazz | [1mA.I.: 10.00[0m

[93m📊 = Auto-tracked (A.I. Score >= 9.7)[0m

[96mGenerating HTML report...[0m

[92m✓ HTML report saved: /Users/rico/sports-models/nba/nba_rebounds_props.html[0m

[1m[92m================================================================================[0m
[1m[92m✓ Model execution complete![0m
[1m[92m================================================================================[0m


==========================================
✅ Model completed successfully!
==========================================

📤 Pushing updates to GitHub...
[main 279592b] Update model outputs - 2025-12-12 06:00:10
 Committer: Ricardo Hill <rico@Ricos-M1-Mac-2.local>
Your name and email address were configured automatically based
on your username and hostname. Please check that they are accurate.
You can suppress this message by setting them explicitly. Run the
following command and follow the instructions in your editor to edit
your configuration file:

    git config --global --edit

After doing this, you may fix the identity used for this commit with:

    git commit --amend --reset-author

 2 files changed, 88 insertions(+), 47 deletions(-)
To https://github.com/BangLetsGetIt/NBA-NCAA-Betting-Models.git
   07ce35e..279592b  main -> main
✅ Successfully pushed to GitHub!
==========================================
NBA Rebounds Props Model Run: Sat Dec 13 06:00:04 EST 2025
==========================================
Running NBA Rebounds Props model...

[1m[96m================================================================================[0m
[1m[96mNBA REBOUNDS PROPS A.I. MODEL[0m
[1m[96m================================================================================[0m

[96mChecking 18 pending picks...[0m
[96m  Checking Evan Mobley (Cleveland Cavaliers) from 2025-12-12...[0m
    [91mLOSS[0m: Evan Mobley had 13.0 rebounds (line: 10.5, bet: UNDER)
[96m  Checking Jay Huff (Philadelphia 76ers) from 2025-12-12...[0m
    [92mWIN[0m: Jay Huff had 4.0 rebounds (line: 5.5, bet: UNDER)
[96m  Checking Joel Embiid (Philadelphia 76ers) from 2025-12-12...[0m
    [91mLOSS[0m: Joel Embiid had 9.0 rebounds (line: 7.5, bet: UNDER)
[96m  Checking Jaylen Wells (Memphis Grizzlies) from 2025-12-12...[0m
    [91mLOSS[0m: Jaylen Wells had 5.0 rebounds (line: 4.5, bet: UNDER)
[96m  Checking Jock Landale (Memphis Grizzlies) from 2025-12-12...[0m
    [91mLOSS[0m: Jock Landale had 9.0 rebounds (line: 7.5, bet: UNDER)
[96m  Checking Brandon Miller (Charlotte Hornets) from 2025-12-12...[0m
    [91mLOSS[0m: Brandon Miller had 5.0 rebounds (line: 4.5, bet: UNDER)
[96m  Checking Cedric Coward (Memphis Grizzlies) from 2025-12-12...[0m
    [91mLOSS[0m: Cedric Coward had 12.0 rebounds (line: 7.5, bet: UNDER)
[96m  Checking Marvin Bagley III (Washington Wizards) from 2025-12-12...[0m
    [91mLOSS[0m: Marvin Bagley III had 13.0 rebounds (line: 6.5, bet: UNDER)
[96m  Checking Anthony Davis (Dallas Mavericks) from 2025-12-12...[0m
    [91mLOSS[0m: Anthony Davis had 14.0 rebounds (line: 11.5, bet: UNDER)
[96m  Checking Julius Randle (Minnesota Timberwolves) from 2025-12-12...[0m
    [92mWIN[0m: Julius Randle had 9.0 rebounds (line: 9.5, bet: UNDER)
[96m  Checking P.J. Washington (Dallas Mavericks) from 2025-12-12...[0m
    [91mLOSS[0m: P.J. Washington had 4.0 rebounds (line: 5.5, bet: OVER)
[96m  Checking Anthony Davis (Dallas Mavericks) from 2025-12-12...[0m
    [91mLOSS[0m: Anthony Davis had 14.0 rebounds (line: 12.5, bet: UNDER)
[96m  Checking Cooper Flagg (Dallas Mavericks) from 2025-12-12...[0m
    [92mWIN[0m: Cooper Flagg had 5.0 rebounds (line: 7.5, bet: UNDER)
[96m  Checking Nicolas Claxton (Brooklyn Nets) from 2025-12-12...[0m
[93m    Could not find player Nicolas Claxton in NBA API[0m
[93m    Could not fetch stats, skipping...[0m

[92m✓ Updated 13 picks[0m

[96mFetching REAL NBA player rebounding statistics...[0m
[96m  Fetching season rebounding stats...[0m
[96m  Fetching recent form (last 10 games)...[0m
[92m✓ Fetched REAL stats for 499 players[0m

[96mFetching opponent rebounding factors...[0m
[92m✓ Fetched rebounding factors for 43 teams[0m

[96mFetching player rebounds prop odds...[0m
[96m  Found 10 upcoming games[0m
[96m  Game 1/10: New York Knicks @ Orlando Magic[0m
[96m  Game 2/10: San Antonio Spurs @ Oklahoma City Thunder[0m
[96m  Game 3/10: Washington Wizards @ Indiana Pacers[0m
[96m  Game 4/10: Charlotte Hornets @ Cleveland Cavaliers[0m
[96m  Game 5/10: Philadelphia 76ers @ Atlanta Hawks[0m
[96m  Game 6/10: Milwaukee Bucks @ Brooklyn Nets[0m
[96m  Game 7/10: New Orleans Pelicans @ Chicago Bulls[0m
[96m  Game 8/10: Sacramento Kings @ Minnesota Timberwolves[0m
[96m  Game 9/10: Los Angeles Lakers @ Phoenix Suns[0m
[96m  Game 10/10: Golden State Warriors @ Portland Trail Blazers[0m
[92m✓ Fetched 212 total player props[0m

[96mAnalyzing 212 player props with REAL stats...[0m
[92m✓ Found 5 top OVER plays (A.I. Score >= 9.5)[0m
[92m✓ Found 5 top UNDER plays (A.I. Score >= 9.5)[0m
[93m  Skipped 6 props (no player stats found)[0m
[93m  Skipped 386 props (score below 9.5)[0m

[96mAuto-tracking picks with A.I. Score >= 9.7...[0m
[92m✓ Tracked 6 new picks[0m

[1m[96m================================================================================[0m
[1m[96mTRACKING SUMMARY[0m
[1m[96m================================================================================[0m
Total Picks: 33 | Wins: 7 | Losses: 15 | Pending: 11
Win Rate: 31.8% | ROI: -8.63u (-26.2%)

[1m[92m================================================================================[0m
[1m[92mTOP OVER PLAYS[0m
[1m[92m================================================================================[0m
📊 [96m 1. Stephon Castle           [0m | [92mOVER 4.5 REB   [0m | San Antonio Spurs vs Oklahoma City Thunder | [1mA.I.: 10.00[0m
📊 [96m 2. Isaiah Hartenstein       [0m | [92mOVER 8.5 REB   [0m | Oklahoma City Thunder vs San Antonio Spurs | [1mA.I.: 10.00[0m
📊 [96m 3. Victor Wembanyama        [0m | [92mOVER 9.5 REB   [0m | San Antonio Spurs vs Oklahoma City Thunder | [1mA.I.: 10.00[0m
📊 [96m 4. Julian Champagnie        [0m | [92mOVER 3.5 REB   [0m | Oklahoma City Thunder vs San Antonio Spurs | [1mA.I.: 10.00[0m
📊 [96m 5. Jalen Johnson            [0m | [92mOVER 9.5 REB   [0m | Atlanta Hawks vs Philadelphia 76ers | [1mA.I.: 10.00[0m

[1m[91m================================================================================[0m
[1m[91mTOP UNDER PLAYS[0m
[1m[91m================================================================================[0m
📊 [96m 1. Anthony Black            [0m | [91mUNDER 5.5 REB  [0m | Orlando Magic vs New York Knicks | [1mA.I.: 10.00[0m
📊 [96m 2. Andrew Nembhard          [0m | [91mUNDER 3.5 REB  [0m | Indiana Pacers vs Washington Wizards | [1mA.I.: 10.00[0m
📊 [96m 3. Jay Huff                 [0m | [91mUNDER 5.5 REB  [0m | Indiana Pacers vs Washington Wizards | [1mA.I.: 10.00[0m
📊 [96m 4. Miles Bridges            [0m | [91mUNDER 7.5 REB  [0m | Charlotte Hornets vs Cleveland Cavaliers | [1mA.I.: 10.00[0m
📊 [96m 5. Onyeka Okongwu           [0m | [91mUNDER 8.5 REB  [0m | Atlanta Hawks vs Philadelphia 76ers | [1mA.I.: 10.00[0m

[93m📊 = Auto-tracked (A.I. Score >= 9.7)[0m

[96mGenerating HTML report...[0m

[92m✓ HTML report saved: /Users/rico/sports-models/nba/nba_rebounds_props.html[0m

[1m[92m================================================================================[0m
[1m[92m✓ Model execution complete![0m
[1m[92m================================================================================[0m


==========================================
✅ Model completed successfully!
==========================================

📤 Pushing updates to GitHub...
[main 36d1369] Update model outputs - 2025-12-13 06:00:23
 Committer: Ricardo Hill <rico@Ricos-M1-Mac-2.local>
Your name and email address were configured automatically based
on your username and hostname. Please check that they are accurate.
You can suppress this message by setting them explicitly. Run the
following command and follow the instructions in your editor to edit
your configuration file:

    git config --global --edit

After doing this, you may fix the identity used for this commit with:

    git commit --amend --reset-author

 2 files changed, 245 insertions(+), 138 deletions(-)
To https://github.com/BangLetsGetIt/NBA-NCAA-Betting-Models.git
   b9fba05..36d1369  main -> main
✅ Successfully pushed to GitHub!
==========================================
NBA Rebounds Props Model Run: Sun Dec 14 06:00:05 EST 2025
==========================================
Running NBA Rebounds Props model...

[1m[96m================================================================================[0m
[1m[96mNBA REBOUNDS PROPS A.I. MODEL[0m
[1m[96m================================================================================[0m

[96mChecking 20 pending picks...[0m
[96m  Checking Nicolas Claxton (Brooklyn Nets) from 2025-12-12...[0m
[93m    Could not find player Nicolas Claxton in NBA API[0m
[93m    Could not fetch stats, skipping...[0m
[96m  Checking Isaiah Hartenstein (Oklahoma City Thunder) from 2025-12-13...[0m
    [92mWIN[0m: Isaiah Hartenstein had 9.0 rebounds (line: 8.5, bet: OVER)
[96m  Checking Victor Wembanyama (San Antonio Spurs) from 2025-12-13...[0m
    [92mWIN[0m: Victor Wembanyama had 9.0 rebounds (line: 8.5, bet: OVER)
[96m  Checking Isaiah Hartenstein (Oklahoma City Thunder) from 2025-12-13...[0m
    [92mWIN[0m: Isaiah Hartenstein had 9.0 rebounds (line: 7.5, bet: OVER)

[92m✓ Re-verified 3 picks[0m

[96mFetching REAL NBA player rebounding statistics...[0m
[92m✓ Using cached player stats (less than 6 hours old)[0m

[96mFetching opponent rebounding factors...[0m
[92m✓ Using cached rebounding factors[0m

[96mFetching player rebounds prop odds...[0m
[96m  Found 9 upcoming games[0m
[96m  Game 1/9: Washington Wizards @ Indiana Pacers[0m
[96m  Game 2/9: Charlotte Hornets @ Cleveland Cavaliers[0m
[96m  Game 3/9: Philadelphia 76ers @ Atlanta Hawks[0m
[96m  Game 4/9: Milwaukee Bucks @ Brooklyn Nets[0m
[96m  Game 5/9: New Orleans Pelicans @ Chicago Bulls[0m
[96m  Game 6/9: Sacramento Kings @ Minnesota Timberwolves[0m
[96m  Game 7/9: Los Angeles Lakers @ Phoenix Suns[0m
[96m  Game 8/9: Golden State Warriors @ Portland Trail Blazers[0m
[96m  Game 9/9: San Antonio Spurs @ New York Knicks[0m
[92m✓ Fetched 222 total player props[0m

[96mAnalyzing 222 player props with REAL stats...[0m
[92m✓ Found 5 top OVER plays (A.I. Score >= 9.5)[0m
[92m✓ Found 5 top UNDER plays (A.I. Score >= 9.5)[0m
[93m  Skipped 10 props (no player stats found)[0m
[93m  Skipped 390 props (score below 9.5)[0m

[96mAuto-tracking picks with A.I. Score >= 9.7...[0m
[93m  No new picks to track[0m

[1m[96m================================================================================[0m
[1m[96mTRACKING SUMMARY[0m
[1m[96m================================================================================[0m
Total Picks: 49 | Wins: 15 | Losses: 17 | Pending: 10
Win Rate: 46.9% | ROI: -3.35u (-6.8%)

[1m[92m================================================================================[0m
[1m[92mTOP OVER PLAYS[0m
[1m[92m================================================================================[0m
📊 [96m 1. Jarace Walker            [0m | [92mOVER 3.5 REB   [0m | Indiana Pacers vs Washington Wizards | [1mA.I.: 10.00[0m | Rating: 4.9 ⭐⭐
📊 [96m 2. Jalen Smith              [0m | [92mOVER 4.5 REB   [0m | Chicago Bulls vs New Orleans Pelicans | [1mA.I.: 10.00[0m | Rating: 4.9 ⭐⭐
📊 [96m 3. Mitchell Robinson        [0m | [92mOVER 6.5 REB   [0m | New York Knicks vs San Antonio Spurs | [1mA.I.: 10.00[0m | Rating: 4.9 ⭐⭐
📊 [96m 4. Victor Wembanyama        [0m | [92mOVER 10.5 REB  [0m | San Antonio Spurs vs New York Knicks | [1mA.I.: 10.00[0m | Rating: 4.9 ⭐⭐
📊 [96m 5. Stephon Castle           [0m | [92mOVER 4.5 REB   [0m | San Antonio Spurs vs New York Knicks | [1mA.I.: 10.00[0m | Rating: 4.0 ⭐⭐

[1m[91m================================================================================[0m
[1m[91mTOP UNDER PLAYS[0m
[1m[91m================================================================================[0m
📊 [96m 1. Andrew Nembhard          [0m | [91mUNDER 3.5 REB  [0m | Indiana Pacers vs Washington Wizards | [1mA.I.: 10.00[0m | Rating: 4.9 ⭐⭐
📊 [96m 2. Jay Huff                 [0m | [91mUNDER 5.5 REB  [0m | Indiana Pacers vs Washington Wizards | [1mA.I.: 10.00[0m | Rating: 4.9 ⭐⭐
📊 [96m 3. Jarrett Allen            [0m | [91mUNDER 9.5 REB  [0m | Cleveland Cavaliers vs Charlotte Hornets | [1mA.I.: 10.00[0m | Rating: 4.9 ⭐⭐
📊 [96m 4. Miles Bridges            [0m | [91mUNDER 7.5 REB  [0m | Charlotte Hornets vs Cleveland Cavaliers | [1mA.I.: 10.00[0m | Rating: 4.9 ⭐⭐
📊 [96m 5. Joel Embiid              [0m | [91mUNDER 8.5 REB  [0m | Philadelphia 76ers vs Atlanta Hawks | [1mA.I.: 10.00[0m | Rating: 4.9 ⭐⭐

[93m📊 = Auto-tracked (A.I. Score >= 9.7)[0m

[96mGenerating HTML report...[0m

[92m✓ HTML report saved: /Users/rico/sports-models/nba/nba_rebounds_props.html[0m

[1m[92m================================================================================[0m
[1m[92m✓ Model execution complete![0m
[1m[92m================================================================================[0m


==========================================
✅ Model completed successfully!
==========================================

📤 Pushing updates to GitHub...
[main e87d70f] Update model outputs - 2025-12-14 06:00:16
 Committer: Ricardo Hill <rico@Ricos-M1-Mac-2.local>
Your name and email address were configured automatically based
on your username and hostname. Please check that they are accurate.
You can suppress this message by setting them explicitly. Run the
following command and follow the instructions in your editor to edit
your configuration file:

    git config --global --edit

After doing this, you may fix the identity used for this commit with:

    git commit --amend --reset-author

 2 files changed, 20 insertions(+), 17 deletions(-)
To https://github.com/BangLetsGetIt/NBA-NCAA-Betting-Models.git
   43f1e1c..e87d70f  main -> main
✅ Successfully pushed to GitHub!
==========================================
NBA Rebounds Props Model Run: Wed Dec 17 06:00:03 EST 2025
==========================================
Running NBA Rebounds Props model...

[1m[96m================================================================================[0m
[1m[96mNBA REBOUNDS PROPS A.I. MODEL[0m
[1m[96m================================================================================[0m

[96m==========================================================================================[0m
[96m🎯 GRADING PENDING PICKS[0m
[96m==========================================================================================[0m

[93m📋 Found 16 pending picks...[0m

[96m  Checking Kel'el Ware (Miami Heat) on 2025-12-16...[0m
[93m  ⚠ Could not find stats for Kel'el Ware on 2025-12-16 - will retry later[0m
[96m  Checking Mitchell Robinson (New York Knicks) on 2025-12-17...[0m
[93m  ⚠ Could not find stats for Mitchell Robinson on 2025-12-17 - will retry later[0m
[96m  Checking Steven Adams (Denver Nuggets) on 2025-12-16...[0m
[93m  ⚠ Could not find stats for Steven Adams on 2025-12-16 - will retry later[0m
[96m  Checking Ace Bailey (Utah Jazz) on 2025-12-16...[0m
[93m  ⚠ Could not find stats for Ace Bailey on 2025-12-16 - will retry later[0m
[96m  Checking Steven Adams (Denver Nuggets) on 2025-12-16...[0m
[93m  ⚠ Could not find stats for Steven Adams on 2025-12-16 - will retry later[0m
[96m  Checking Kyle Filipowski (Utah Jazz) on 2025-12-16...[0m
[93m  ⚠ Could not find stats for Kyle Filipowski on 2025-12-16 - will retry later[0m
[96m  Checking Daniel Gafford (Dallas Mavericks) on 2025-12-16...[0m
[93m  ⚠ Could not find stats for Daniel Gafford on 2025-12-16 - will retry later[0m
[96m  Checking Steven Adams (Denver Nuggets) on 2025-12-16...[0m
[93m  ⚠ Could not find stats for Steven Adams on 2025-12-16 - will retry later[0m
[96m  Checking Cedric Coward (Los Angeles Clippers) on 2025-12-16...[0m
[93m  ⚠ Could not find stats for Cedric Coward on 2025-12-16 - will retry later[0m
[96m  Checking Santi Aldama (Los Angeles Clippers) on 2025-12-16...[0m
[93m  ⚠ Could not find stats for Santi Aldama on 2025-12-16 - will retry later[0m
[96m  Checking Bruce Brown (Denver Nuggets) on 2025-12-16...[0m
[93m  ⚠ Could not find stats for Bruce Brown on 2025-12-16 - will retry later[0m
[96m  Checking Ivica Zubac (Los Angeles Clippers) on 2025-12-16...[0m
[93m  ⚠ Could not find stats for Ivica Zubac on 2025-12-16 - will retry later[0m
[96m  Checking Kawhi Leonard (Los Angeles Clippers) on 2025-12-16...[0m
[93m  ⚠ Could not find stats for Kawhi Leonard on 2025-12-16 - will retry later[0m
[96m  Checking Julian Champagnie (San Antonio Spurs) on 2025-12-17...[0m
[93m  ⚠ Could not find stats for Julian Champagnie on 2025-12-17 - will retry later[0m
[96m  Checking Keldon Johnson (San Antonio Spurs) on 2025-12-17...[0m
[93m  ⚠ Could not find stats for Keldon Johnson on 2025-12-17 - will retry later[0m
[96m  Checking Victor Wembanyama (San Antonio Spurs) on 2025-12-17...[0m
[93m  ⚠ Could not find stats for Victor Wembanyama on 2025-12-17 - will retry later[0m

[93mNo picks ready for grading yet[0m

[96mFetching REAL NBA player rebounding statistics...[0m
[96m  Fetching season rebounding stats...[0m
[96m  Fetching recent form (last 10 games)...[0m
[92m✓ Fetched REAL rebounding stats for 499 players[0m

[96mFetching opponent rebounding factors...[0m
[92m✓ Fetched rebounding factors for 30 teams[0m

[96mFetching player rebounds prop odds...[0m
[96m  Found 12 upcoming games[0m
[96m  Game 1/10: Cleveland Cavaliers @ Chicago Bulls[0m
[96m  Game 2/10: Memphis Grizzlies @ Minnesota Timberwolves[0m
[96m  Game 3/10: Atlanta Hawks @ Charlotte Hornets[0m
[96m  Game 4/10: Miami Heat @ Brooklyn Nets[0m
[96m  Game 5/10: Houston Rockets @ New Orleans Pelicans[0m
[96m  Game 6/10: Los Angeles Clippers @ Oklahoma City Thunder[0m
[96m  Game 7/10: Toronto Raptors @ Milwaukee Bucks[0m
[96m  Game 8/10: Detroit Pistons @ Dallas Mavericks[0m
[96m  Game 9/10: Orlando Magic @ Denver Nuggets[0m
[96m  Game 10/10: Golden State Warriors @ Phoenix Suns[0m
[92m✓ Fetched 46 player rebounds props (grouped)[0m

[96mAnalyzing 46 player props with REAL stats...[0m
[92m✓ Found 0 top OVER plays (A.I. Score >= 9.5)[0m
[92m✓ Found 0 top UNDER plays (A.I. Score >= 9.5)[0m
[93m  Skipped 2 props (no player stats found)[0m
[93m  Skipped 88 props (score below 9.5 or failed checks)[0m

[96m==========================================================================================[0m
[96m📊 TRACKING NEW PICKS[0m
[96m==========================================================================================[0m
[96mNo new picks to track[0m

[1m[92m================================================================================[0m
[1m[92mTOP OVER PLAYS[0m
[1m[92m================================================================================[0m

[1m[91m================================================================================[0m
[1m[91mTOP UNDER PLAYS[0m
[1m[91m================================================================================[0m

[96mGenerating HTML report...[0m

[92m✓ HTML report saved: /Users/rico/sports-models/nba/nba_rebounds_props.html[0m

[1m[92m================================================================================[0m
[1m[92m✓ Model execution complete![0m
[1m[92m================================================================================[0m


==========================================
✅ Model completed successfully!
==========================================

📤 Pushing updates to GitHub...
No changes to commit
==========================================
NBA Rebounds Props Model Run: Thu Dec 18 06:00:04 EST 2025
==========================================
Running NBA Rebounds Props model...

[1m[96m================================================================================[0m
[1m[96mNBA REBOUNDS PROPS A.I. MODEL[0m
[1m[96m================================================================================[0m

[96m==========================================================================================[0m
[96m🎯 GRADING PENDING PICKS[0m
[96m==========================================================================================[0m

[93m📋 Found 19 pending picks...[0m

[96m  Checking Mitchell Robinson (New York Knicks) on 2025-12-16...[0m
[93m  ⚠ Could not find stats for Mitchell Robinson on 2025-12-16 - will retry later[0m
[96m  Checking Julian Champagnie (San Antonio Spurs) on 2025-12-16...[0m
[93m  ⚠ Could not find stats for Julian Champagnie on 2025-12-16 - will retry later[0m
[96m  Checking Keldon Johnson (San Antonio Spurs) on 2025-12-16...[0m
[93m  ⚠ Could not find stats for Keldon Johnson on 2025-12-16 - will retry later[0m
[96m  Checking Victor Wembanyama (San Antonio Spurs) on 2025-12-16...[0m
[93m  ⚠ Could not find stats for Victor Wembanyama on 2025-12-16 - will retry later[0m
[96m  Checking Jarrett Allen (Cleveland Cavaliers) on 2025-12-17...[0m
    [92mWIN[0m: Jarrett Allen had 6 rebounds (line: 8.5, bet: UNDER) | Profit: 0.98 units
[96m  Checking Jock Landale (Minnesota Timberwolves) on 2025-12-17...[0m
    [91mLOSS[0m: Jock Landale had 10 rebounds (line: 6.5, bet: UNDER) | Profit: -1.00 units
[96m  Checking Rudy Gobert (Minnesota Timberwolves) on 2025-12-17...[0m
    [91mLOSS[0m: Rudy Gobert had 16 rebounds (line: 11.5, bet: UNDER) | Profit: -1.00 units

[92m✓ Graded 3 picks[0m

[96mFetching REAL NBA player rebounding statistics...[0m
[92m✓ Using cached player rebounding stats (less than 6 hours old)[0m

[96mFetching opponent rebounding factors...[0m
[92m✓ Fetched rebounding factors for 30 teams[0m

[96mFetching player rebounds prop odds...[0m
[96m  Found 12 upcoming games[0m
[96m  Filtered to 12 upcoming games[0m
[96m  Game 1/10: Atlanta Hawks @ Charlotte Hornets[0m
[96m  Game 2/10: New York Knicks @ Indiana Pacers[0m
[96m  Game 3/10: Miami Heat @ Brooklyn Nets[0m
[96m  Game 4/10: Houston Rockets @ New Orleans Pelicans[0m
[96m  Game 5/10: Los Angeles Clippers @ Oklahoma City Thunder[0m
[96m  Game 6/10: Toronto Raptors @ Milwaukee Bucks[0m
[96m  Game 7/10: Washington Wizards @ San Antonio Spurs[0m
[96m  Game 8/10: Detroit Pistons @ Dallas Mavericks[0m
[96m  Game 9/10: Orlando Magic @ Denver Nuggets[0m
[96m  Game 10/10: Golden State Warriors @ Phoenix Suns[0m
[92m✓ Fetched 119 player rebounds props (grouped)[0m

[96mAnalyzing 119 player props with REAL stats...[0m
[92m✓ Found 5 top OVER plays (A.I. Score >= 7.5)[0m
[92m✓ Found 4 top UNDER plays (A.I. Score >= 7.5)[0m
[93m  Skipped 5 props (no player stats found)[0m
[93m  Skipped 212 props (score below 7.5 or failed checks)[0m

[96m==========================================================================================[0m
[96m📊 TRACKING NEW PICKS[0m
[96m==========================================================================================[0m
[93m✓ Updated odds for 1 existing picks[0m

[1m[92m================================================================================[0m
[1m[92mTOP OVER PLAYS[0m
[1m[92m================================================================================[0m
  [96m 1. Daniel Gafford           [0m | [92mOVER 4.5 REB   [0m | Dallas Mavericks          vs Detroit Pistons           | [1mA.I.: 10.00[0m | Rating: 4.9 ⭐⭐
  [96m 2. Trey Murphy III          [0m | [92mOVER 4.5 REB   [0m | New Orleans Pelicans      vs Houston Rockets           | [1mA.I.: 9.94[0m | Rating: 4.9 ⭐⭐
  [96m 3. P.J. Washington          [0m | [92mOVER 6.5 REB   [0m | Dallas Mavericks          vs Detroit Pistons           | [1mA.I.: 9.09[0m | Rating: 4.9 ⭐⭐
  [96m 4. Alex Sarr                [0m | [92mOVER 6.5 REB   [0m | Washington Wizards        vs San Antonio Spurs         | [1mA.I.: 10.00[0m | Rating: 4.8 ⭐⭐
  [96m 5. LaMelo Ball              [0m | [92mOVER 4.5 REB   [0m | Charlotte Hornets         vs Atlanta Hawks             | [1mA.I.: 9.50[0m | Rating: 4.8 ⭐⭐

[1m[91m================================================================================[0m
[1m[91mTOP UNDER PLAYS[0m
[1m[91m================================================================================[0m
  [96m 1. Quinten Post             [0m | [91mUNDER 5.5 REB  [0m | Phoenix Suns              vs Golden State Warriors     | [1mA.I.: 10.00[0m | Rating: 4.4 ⭐⭐
  [96m 2. Jay Huff                 [0m | [91mUNDER 5.5 REB  [0m | Indiana Pacers            vs New York Knicks           | [1mA.I.: 9.71[0m | Rating: 4.3 ⭐⭐
  [96m 3. Andrew Nembhard          [0m | [91mUNDER 3.5 REB  [0m | Indiana Pacers            vs New York Knicks           | [1mA.I.: 10.00[0m | Rating: 3.6 ⭐
  [96m 4. Grayson Allen            [0m | [91mUNDER 3.5 REB  [0m | Phoenix Suns              vs Golden State Warriors     | [1mA.I.: 7.87[0m | Rating: 2.5 

[96mGenerating HTML report...[0m

[92m✓ HTML report saved: /Users/rico/sports-models/nba/nba_rebounds_props.html[0m

[1m[92m================================================================================[0m
[1m[92m✓ Model execution complete![0m
[1m[92m================================================================================[0m


==========================================
✅ Model completed successfully!
==========================================

📤 Pushing updates to GitHub...
[main 4f20b58] Update model outputs - 2025-12-18 06:00:31
 Committer: Ricardo Hill <rico@Ricos-M1-Mac-2.local>
Your name and email address were configured automatically based
on your username and hostname. Please check that they are accurate.
You can suppress this message by setting them explicitly. Run the
following command and follow the instructions in your editor to edit
your configuration file:

    git config --global --edit

After doing this, you may fix the identity used for this commit with:

    git commit --amend --reset-author

 2 files changed, 43 insertions(+), 37 deletions(-)
To https://github.com/BangLetsGetIt/NBA-NCAA-Betting-Models.git
   66af44a..4f20b58  main -> main
✅ Successfully pushed to GitHub!
==========================================
NBA Rebounds Props Model Run: Fri Dec 19 06:00:03 EST 2025
==========================================
Running NBA Rebounds Props model...

[1m[96m================================================================================[0m
[1m[96mNBA REBOUNDS PROPS A.I. MODEL[0m
[1m[96m================================================================================[0m

[96m==========================================================================================[0m
[96m🎯 GRADING PENDING PICKS[0m
[96m==========================================================================================[0m

[93m📋 Found 12 pending picks...[0m

  Fetching team stats to verify completed games for 2025-12-16...
[96m  Checking Mitchell Robinson (New York Knicks) on 2025-12-16...[0m
[93m  ⚠ Could not find stats for Mitchell Robinson on 2025-12-16 - will retry later[0m
[96m  Checking Julian Champagnie (San Antonio Spurs) on 2025-12-16...[0m
[93m  ⚠ Could not find stats for Julian Champagnie on 2025-12-16 - will retry later[0m
[96m  Checking Keldon Johnson (San Antonio Spurs) on 2025-12-16...[0m
[93m  ⚠ Could not find stats for Keldon Johnson on 2025-12-16 - will retry later[0m
[96m  Checking Victor Wembanyama (San Antonio Spurs) on 2025-12-16...[0m
[93m  ⚠ Could not find stats for Victor Wembanyama on 2025-12-16 - will retry later[0m
  Fetching team stats to verify completed games for 2025-12-19...

[93mNo picks ready for grading yet[0m

[96mFetching REAL NBA player rebounding statistics...[0m
[92m✓ Using cached player rebounding stats (less than 6 hours old)[0m

[96mFetching opponent rebounding factors...[0m
[92m✓ Using cached rebounding factors[0m

[96mFetching player rebounds prop odds...[0m
[96m  Found 5 upcoming games[0m
[96m  Filtered to 5 upcoming games[0m
[96m  Game 1/5: Miami Heat @ Boston Celtics[0m
[96m  Game 2/5: Philadelphia 76ers @ New York Knicks[0m
[96m  Game 3/5: San Antonio Spurs @ Atlanta Hawks[0m
[96m  Game 4/5: Chicago Bulls @ Cleveland Cavaliers[0m
[96m  Game 5/5: Oklahoma City Thunder @ Minnesota Timberwolves[0m
[92m✓ Fetched 60 player rebounds props (grouped)[0m

[96mAnalyzing 60 player props with REAL stats...[0m
[92m✓ Found 5 top OVER plays (A.I. Score >= 7.5)[0m
[92m✓ Found 2 top UNDER plays (A.I. Score >= 7.5)[0m
[93m  Skipped 2 props (no player stats found)[0m
[93m  Skipped 107 props (score below 7.5 or failed checks)[0m

[96m==========================================================================================[0m
[96m📊 TRACKING NEW PICKS[0m
[96m==========================================================================================[0m
[96mNo new picks to track[0m

[1m[92m================================================================================[0m
[1m[92mTOP OVER PLAYS[0m
[1m[92m================================================================================[0m
  [96m 1. Isaiah Hartenstein       [0m | [92mOVER 8.5 REB   [0m | Oklahoma City Thunder     vs Minnesota Timberwolves    | [1mA.I.: 10.00[0m | Rating: 4.9 ⭐⭐
  [96m 2. Tyrese Maxey             [0m | [92mOVER 3.5 REB   [0m | Philadelphia 76ers        vs New York Knicks           | [1mA.I.: 7.78[0m | Rating: 4.4 ⭐⭐
  [96m 3. Matas Buzelis            [0m | [92mOVER 3.5 REB   [0m | Cleveland Cavaliers       vs Chicago Bulls             | [1mA.I.: 10.00[0m | Rating: 3.9 ⭐
  [96m 4. Naz Reid                 [0m | [92mOVER 5.5 REB   [0m | Minnesota Timberwolves    vs Oklahoma City Thunder     | [1mA.I.: 8.05[0m | Rating: 3.8 ⭐
  [96m 5. Bam Adebayo              [0m | [92mOVER 8.5 REB   [0m | Miami Heat                vs Boston Celtics            | [1mA.I.: 8.73[0m | Rating: 3.5 ⭐

[1m[91m================================================================================[0m
[1m[91mTOP UNDER PLAYS[0m
[1m[91m================================================================================[0m
  [96m 1. Jarrett Allen            [0m | [91mUNDER 9.5 REB  [0m | Cleveland Cavaliers       vs Chicago Bulls             | [1mA.I.: 9.59[0m | Rating: 4.1 ⭐⭐
  [96m 2. Onyeka Okongwu           [0m | [91mUNDER 8.5 REB  [0m | Atlanta Hawks             vs San Antonio Spurs         | [1mA.I.: 10.00[0m | Rating: 4.0 ⭐⭐

[96mGenerating HTML report...[0m

[92m✓ HTML report saved: /Users/rico/sports-models/nba/nba_rebounds_props.html[0m

[1m[92m================================================================================[0m
[1m[92m✓ Model execution complete![0m
[1m[92m================================================================================[0m


==========================================
✅ Model completed successfully!
==========================================

📤 Pushing updates to GitHub...
No changes to commit
==========================================
NBA Rebounds Props Model Run: Sat Dec 20 06:00:04 EST 2025
==========================================
Running NBA Rebounds Props model...

[1m[96m================================================================================[0m
[1m[96mNBA REBOUNDS PROPS A.I. MODEL[0m
[1m[96m================================================================================[0m

[96m==========================================================================================[0m
[96m🎯 GRADING PENDING PICKS[0m
[96m==========================================================================================[0m

[93m📋 Found 12 pending picks...[0m

  Fetching team stats to verify completed games for 2025-12-16...
[96m  Checking Mitchell Robinson (New York Knicks) on 2025-12-16...[0m
[93m  ⚠ Could not find stats for Mitchell Robinson on 2025-12-16 - will retry later[0m
[96m  Checking Julian Champagnie (San Antonio Spurs) on 2025-12-16...[0m
[93m  ⚠ Could not find stats for Julian Champagnie on 2025-12-16 - will retry later[0m
[96m  Checking Keldon Johnson (San Antonio Spurs) on 2025-12-16...[0m
[93m  ⚠ Could not find stats for Keldon Johnson on 2025-12-16 - will retry later[0m
[96m  Checking Victor Wembanyama (San Antonio Spurs) on 2025-12-16...[0m
[93m  ⚠ Could not find stats for Victor Wembanyama on 2025-12-16 - will retry later[0m
  Fetching team stats to verify completed games for 2025-12-20...

[93mNo picks ready for grading yet[0m

[96mFetching REAL NBA player rebounding statistics...[0m
[96m  Fetching season rebounding stats...[0m
[96m  Fetching recent form (last 10 games)...[0m
[92m✓ Fetched REAL rebounding stats for 501 players[0m

[96mFetching opponent rebounding factors...[0m
[92m✓ Fetched rebounding factors for 30 teams[0m

[96mFetching player rebounds prop odds...[0m
[96m  Found 10 upcoming games[0m
[96m  Filtered to 10 upcoming games[0m
[96m  Game 1/10: Houston Rockets @ Denver Nuggets[0m
[96m  Game 2/10: Boston Celtics @ Toronto Raptors[0m
[96m  Game 3/10: Dallas Mavericks @ Philadelphia 76ers[0m
[96m  Game 4/10: Indiana Pacers @ New Orleans Pelicans[0m
[96m  Game 5/10: Charlotte Hornets @ Detroit Pistons[0m
[96m  Game 6/10: Washington Wizards @ Memphis Grizzlies[0m
[96m  Game 7/10: Phoenix Suns @ Golden State Warriors[0m
[96m  Game 8/10: Orlando Magic @ Utah Jazz[0m
[96m  Game 9/10: Portland Trail Blazers @ Sacramento Kings[0m
[96m  Game 10/10: Los Angeles Lakers @ Los Angeles Clippers[0m
[92m✓ Fetched 98 player rebounds props (grouped)[0m

[96mAnalyzing 98 player props with REAL stats...[0m
[92m✓ Found 0 top OVER plays (A.I. Score >= 10.0)[0m
[92m✓ Found 3 top UNDER plays (A.I. Score >= 10.0)[0m
[93m  Skipped 3 props (no player stats found)[0m
[93m  Skipped 187 props (score below 10.0 or failed checks)[0m

[96m==========================================================================================[0m
[96m📊 TRACKING NEW PICKS[0m
[96m==========================================================================================[0m
[96mNo new picks to track[0m

[1m[92m================================================================================[0m
[1m[92mTOP OVER PLAYS[0m
[1m[92m================================================================================[0m

[1m[91m================================================================================[0m
[1m[91mTOP UNDER PLAYS[0m
[1m[91m================================================================================[0m
  [96m 1. Mark Williams            [0m | [91mUNDER 9.5 REB  [0m | Golden State Warriors     vs Phoenix Suns              | [1mA.I.: 10.00[0m | Rating: 4.9 ⭐⭐
  [96m 2. Jay Huff                 [0m | [91mUNDER 6.5 REB  [0m | New Orleans Pelicans      vs Indiana Pacers            | [1mA.I.: 10.00[0m | Rating: 3.8 ⭐
  [96m 3. Ace Bailey               [0m | [91mUNDER 4.5 REB  [0m | Utah Jazz                 vs Orlando Magic             | [1mA.I.: 10.00[0m | Rating: 3.6 ⭐

[96mGenerating HTML report...[0m

[92m✓ HTML report saved: /Users/rico/sports-models/nba/nba_rebounds_props.html[0m

[1m[92m================================================================================[0m
[1m[92m✓ Model execution complete![0m
[1m[92m================================================================================[0m


==========================================
✅ Model completed successfully!
==========================================

📤 Pushing updates to GitHub...
No changes to commit
==========================================
NBA Rebounds Props Model Run: Sun Dec 21 06:00:00 EST 2025
==========================================
Running NBA Rebounds Props model...

[1m[96m================================================================================[0m
[1m[96mNBA REBOUNDS PROPS A.I. MODEL[0m
[1m[96m================================================================================[0m

[96m==========================================================================================[0m
[96m🎯 GRADING PENDING PICKS[0m
[96m==========================================================================================[0m

[93m📋 Found 9 pending picks...[0m

  Fetching team stats to verify completed games for 2025-12-16...
[96m  Checking Mitchell Robinson (New York Knicks) on 2025-12-16...[0m
[93m  ⚠ Could not find stats for Mitchell Robinson on 2025-12-16 - will retry later[0m
[96m  Checking Julian Champagnie (San Antonio Spurs) on 2025-12-16...[0m
[93m  ⚠ Could not find stats for Julian Champagnie on 2025-12-16 - will retry later[0m
[96m  Checking Keldon Johnson (San Antonio Spurs) on 2025-12-16...[0m
[93m  ⚠ Could not find stats for Keldon Johnson on 2025-12-16 - will retry later[0m
[96m  Checking Victor Wembanyama (San Antonio Spurs) on 2025-12-16...[0m
[93m  ⚠ Could not find stats for Victor Wembanyama on 2025-12-16 - will retry later[0m
  Fetching team stats to verify completed games for 2025-12-21...

[93mNo picks ready for grading yet[0m

[96mFetching REAL NBA player rebounding statistics...[0m
[96m  Fetching season rebounding stats...[0m
[96m  Fetching recent form (last 10 games)...[0m
[92m✓ Fetched REAL rebounding stats for 501 players[0m

[96mFetching opponent rebounding factors...[0m
[92m✓ Fetched rebounding factors for 30 teams[0m

[96mFetching player rebounds prop odds...[0m
[96m  Found 11 upcoming games[0m
[96m  Filtered to 11 upcoming games[0m
[96m  Game 1/10: Chicago Bulls @ Atlanta Hawks[0m
[96m  Game 2/10: Toronto Raptors @ Brooklyn Nets[0m
[96m  Game 3/10: Miami Heat @ New York Knicks[0m
[96m  Game 4/10: Milwaukee Bucks @ Minnesota Timberwolves[0m
[96m  Game 5/10: San Antonio Spurs @ Washington Wizards[0m
[96m  Game 6/10: Houston Rockets @ Sacramento Kings[0m
[96m  Game 7/10: Cleveland Cavaliers @ New York Knicks[0m
[96m  Game 8/10: San Antonio Spurs @ Oklahoma City Thunder[0m
[96m  Game 9/10: Dallas Mavericks @ Golden State Warriors[0m
[96m  Game 10/10: Houston Rockets @ Los Angeles Lakers[0m
[92m✓ Fetched 71 player rebounds props (grouped)[0m

[96mAnalyzing 71 player props with REAL stats...[0m
[92m✓ Found 1 top OVER plays (A.I. Score >= 10.0)[0m
[92m✓ Found 1 top UNDER plays (A.I. Score >= 10.0)[0m
[93m  Skipped 3 props (no player stats found)[0m
[93m  Skipped 134 props (score below 10.0 or failed checks)[0m

[96m==========================================================================================[0m
[96m📊 TRACKING NEW PICKS[0m
[96m==========================================================================================[0m
[93m✓ Updated odds for 1 existing picks[0m

[1m[92m================================================================================[0m
[1m[92mTOP OVER PLAYS[0m
[1m[92m================================================================================[0m
  [96m 1. Alex Sarr                [0m | [92mOVER 6.5 REB   [0m | Washington Wizards        vs San Antonio Spurs         | [1mA.I.: 10.00[0m | Rating: 4.7 ⭐⭐

[1m[91m================================================================================[0m
[1m[91mTOP UNDER PLAYS[0m
[1m[91m================================================================================[0m
  [96m 1. Bobby Portis             [0m | [91mUNDER 7.5 REB  [0m | Milwaukee Bucks           vs Minnesota Timberwolves    | [1mA.I.: 10.00[0m | Rating: 4.6 ⭐⭐

[96mGenerating HTML report...[0m

[92m✓ HTML report saved: /Users/rico/sports-models/nba/nba_rebounds_props.html[0m

[1m[92m================================================================================[0m
[1m[92m✓ Model execution complete![0m
[1m[92m================================================================================[0m


==========================================
✅ Model completed successfully!
==========================================

📤 Pushing updates to GitHub...
[main 0481831] Update model outputs - 2025-12-21 06:00:27
 Committer: Ricardo Hill <rico@Ricos-M1-Mac-2.local>
Your name and email address were configured automatically based
on your username and hostname. Please check that they are accurate.
You can suppress this message by setting them explicitly. Run the
following command and follow the instructions in your editor to edit
your configuration file:

    git config --global --edit

After doing this, you may fix the identity used for this commit with:

    git commit --amend --reset-author

 15 files changed, 5750 insertions(+), 3494 deletions(-)
To https://github.com/BangLetsGetIt/NBA-NCAA-Betting-Models.git
   9ff7d23..0481831  main -> main
✅ Successfully pushed to GitHub!
==========================================
NBA Rebounds Props Model Run: Mon Dec 22 06:00:04 EST 2025
==========================================
Running NBA Rebounds Props model...

[1m[96m================================================================================[0m
[1m[96mNBA REBOUNDS PROPS A.I. MODEL[0m
[1m[96m================================================================================[0m

[96m==========================================================================================[0m
[96m🎯 GRADING PENDING PICKS[0m
[96m==========================================================================================[0m

[93m📋 Found 11 pending picks...[0m

  Fetching team stats to verify completed games for 2025-12-16...
[96m  Checking Mitchell Robinson (New York Knicks) on 2025-12-16...[0m
[93m  ⚠ Could not find stats for Mitchell Robinson on 2025-12-16 - will retry later[0m
[96m  Checking Julian Champagnie (San Antonio Spurs) on 2025-12-16...[0m
[93m  ⚠ Could not find stats for Julian Champagnie on 2025-12-16 - will retry later[0m
[96m  Checking Keldon Johnson (San Antonio Spurs) on 2025-12-16...[0m
[93m  ⚠ Could not find stats for Keldon Johnson on 2025-12-16 - will retry later[0m
[96m  Checking Victor Wembanyama (San Antonio Spurs) on 2025-12-16...[0m
[93m  ⚠ Could not find stats for Victor Wembanyama on 2025-12-16 - will retry later[0m
  Fetching team stats to verify completed games for 2025-12-22...

[93mNo picks ready for grading yet[0m

[96mFetching REAL NBA player rebounding statistics...[0m
[96m  Fetching season rebounding stats...[0m
[96m  Fetching recent form (last 10 games)...[0m
[92m✓ Fetched REAL rebounding stats for 501 players[0m

[96mFetching opponent rebounding factors...[0m
[92m✓ Fetched rebounding factors for 30 teams[0m

[96mFetching player rebounds prop odds...[0m
[96m  Found 12 upcoming games[0m
[96m  Filtered to 12 upcoming games[0m
[96m  Game 1/10: Charlotte Hornets @ Cleveland Cavaliers[0m
[96m  Game 2/10: Indiana Pacers @ Boston Celtics[0m
[96m  Game 3/10: Dallas Mavericks @ New Orleans Pelicans[0m
[96m  Game 4/10: Utah Jazz @ Denver Nuggets[0m
[96m  Game 5/10: Memphis Grizzlies @ Oklahoma City Thunder[0m
[96m  Game 6/10: Detroit Pistons @ Portland Trail Blazers[0m
[96m  Game 7/10: Orlando Magic @ Golden State Warriors[0m
[96m  Game 8/10: Cleveland Cavaliers @ New York Knicks[0m
[96m  Game 9/10: San Antonio Spurs @ Oklahoma City Thunder[0m
[96m  Game 10/10: Dallas Mavericks @ Golden State Warriors[0m
[92m✓ Fetched 84 player rebounds props (grouped)[0m

[96mAnalyzing 84 player props with REAL stats...[0m
[92m✓ Found 0 top OVER plays (A.I. Score >= 10.0)[0m
[92m✓ Found 4 top UNDER plays (A.I. Score >= 10.0)[0m
[93m  Skipped 2 props (no player stats found)[0m
[93m  Skipped 160 props (score below 10.0 or failed checks)[0m

[96m==========================================================================================[0m
[96m📊 TRACKING NEW PICKS[0m
[96m==========================================================================================[0m
[93m✓ Updated odds for 4 existing picks[0m

[1m[92m================================================================================[0m
[1m[92mTOP OVER PLAYS[0m
[1m[92m================================================================================[0m

[1m[91m================================================================================[0m
[1m[91mTOP UNDER PLAYS[0m
[1m[91m================================================================================[0m
  [96m 1. Jock Landale             [0m | [91mUNDER 7.5 REB  [0m | Oklahoma City Thunder     vs Memphis Grizzlies         | [1mA.I.: 10.00[0m | Rating: 4.9 ⭐⭐
  [96m 2. Jarrett Allen            [0m | [91mUNDER 9.5 REB  [0m | Cleveland Cavaliers       vs Charlotte Hornets         | [1mA.I.: 10.00[0m | Rating: 4.9 ⭐⭐
  [96m 3. Cam Spencer              [0m | [91mUNDER 3.5 REB  [0m | Oklahoma City Thunder     vs Memphis Grizzlies         | [1mA.I.: 10.00[0m | Rating: 4.9 ⭐⭐
  [96m 4. Dean Wade                [0m | [91mUNDER 5.5 REB  [0m | Cleveland Cavaliers       vs Charlotte Hornets         | [1mA.I.: 10.00[0m | Rating: 4.2 ⭐⭐

[96mGenerating HTML report...[0m

[92m✓ HTML report saved: /Users/rico/sports-models/nba/nba_rebounds_props.html[0m

[1m[92m================================================================================[0m
[1m[92m✓ Model execution complete![0m
[1m[92m================================================================================[0m


==========================================
✅ Model completed successfully!
==========================================

📤 Pushing updates to GitHub...
[main 6c4e21e] Update model outputs - 2025-12-22 06:00:43
 Committer: Ricardo Hill <rico@Ricos-M1-Mac-2.local>
Your name and email address were configured automatically based
on your username and hostname. Please check that they are accurate.
You can suppress this message by setting them explicitly. Run the
following command and follow the instructions in your editor to edit
your configuration file:

    git config --global --edit

After doing this, you may fix the identity used for this commit with:

    git commit --amend --reset-author

 2 files changed, 44 insertions(+), 144 deletions(-)
To https://github.com/BangLetsGetIt/NBA-NCAA-Betting-Models.git
   64a4670..6c4e21e  main -> main
✅ Successfully pushed to GitHub!
==========================================
NBA Rebounds Props Model Run: Tue Dec 23 06:00:04 EST 2025
==========================================
Running NBA Rebounds Props model...

[1m[96m================================================================================[0m
[1m[96mNBA REBOUNDS PROPS A.I. MODEL[0m
[1m[96m================================================================================[0m

[96m==========================================================================================[0m
[96m🎯 GRADING PENDING PICKS[0m
[96m==========================================================================================[0m

[93m📋 Found 8 pending picks...[0m

  Fetching team stats to verify completed games for 2025-12-16...
[96m  Checking Mitchell Robinson (New York Knicks) on 2025-12-16...[0m
[93m  ⚠ Could not find stats for Mitchell Robinson on 2025-12-16 - will retry later[0m
[96m  Checking Julian Champagnie (San Antonio Spurs) on 2025-12-16...[0m
[93m  ⚠ Could not find stats for Julian Champagnie on 2025-12-16 - will retry later[0m
[96m  Checking Keldon Johnson (San Antonio Spurs) on 2025-12-16...[0m
[93m  ⚠ Could not find stats for Keldon Johnson on 2025-12-16 - will retry later[0m
[96m  Checking Victor Wembanyama (San Antonio Spurs) on 2025-12-16...[0m
[93m  ⚠ Could not find stats for Victor Wembanyama on 2025-12-16 - will retry later[0m
  Fetching team stats to verify completed games for 2025-12-23...

[93mNo picks ready for grading yet[0m

[96mFetching REAL NBA player rebounding statistics...[0m
[92m✓ Using cached player rebounding stats (less than 6 hours old)[0m

[96mFetching opponent rebounding factors...[0m
[92m✓ Using cached rebounding factors[0m

[96mFetching player rebounds prop odds...[0m
[96m  Found 19 upcoming games[0m
[96m  Filtered to 19 upcoming games[0m
[96m  Game 1/10: Brooklyn Nets @ Philadelphia 76ers[0m
[96m  Game 2/10: Washington Wizards @ Charlotte Hornets[0m
[96m  Game 3/10: Chicago Bulls @ Atlanta Hawks[0m
[96m  Game 4/10: New Orleans Pelicans @ Cleveland Cavaliers[0m
[96m  Game 5/10: Milwaukee Bucks @ Indiana Pacers[0m
[96m  Game 6/10: Toronto Raptors @ Miami Heat[0m
[96m  Game 7/10: Denver Nuggets @ Dallas Mavericks[0m
[96m  Game 8/10: New York Knicks @ Minnesota Timberwolves[0m
[96m  Game 9/10: Oklahoma City Thunder @ San Antonio Spurs[0m
[96m  Game 10/10: Los Angeles Lakers @ Phoenix Suns[0m
[92m✓ Fetched 122 player rebounds props (grouped)[0m

[96mAnalyzing 122 player props with REAL stats...[0m
[92m✓ Found 1 top OVER plays (A.I. Score >= 10.0)[0m
[92m✓ Found 3 top UNDER plays (A.I. Score >= 10.0)[0m
[93m  Skipped 5 props (no player stats found)[0m
[93m  Skipped 230 props (score below 10.0 or failed checks)[0m

[96m==========================================================================================[0m
[96m📊 TRACKING NEW PICKS[0m
[96m==========================================================================================[0m
[93m✓ Updated odds for 3 existing picks[0m

[1m[92m================================================================================[0m
[1m[92mTOP OVER PLAYS[0m
[1m[92m================================================================================[0m
  [96m 1. Victor Wembanyama        [0m | [92mOVER 8.5 REB   [0m | San Antonio Spurs         vs Oklahoma City Thunder     | [1mA.I.: 10.00[0m | Rating: 4.9 ⭐⭐

[1m[91m================================================================================[0m
[1m[91mTOP UNDER PLAYS[0m
[1m[91m================================================================================[0m
  [96m 1. Sandro Mamukelashvili    [0m | [91mUNDER 7.5 REB  [0m | Miami Heat                vs Toronto Raptors           | [1mA.I.: 10.00[0m | Rating: 4.9 ⭐⭐
  [96m 2. Kyle Kuzma               [0m | [91mUNDER 6.5 REB  [0m | Indiana Pacers            vs Milwaukee Bucks           | [1mA.I.: 10.00[0m | Rating: 4.9 ⭐⭐
  [96m 3. Kel'el Ware              [0m | [91mUNDER 12.5 REB [0m | Miami Heat                vs Toronto Raptors           | [1mA.I.: 10.00[0m | Rating: 4.9 ⭐⭐

[96mGenerating HTML report...[0m

[92m✓ HTML report saved: /Users/rico/sports-models/nba/nba_rebounds_props.html[0m

[1m[92m================================================================================[0m
[1m[92m✓ Model execution complete![0m
[1m[92m================================================================================[0m


==========================================
✅ Model completed successfully!
==========================================

📤 Pushing updates to GitHub...
[main 7135759] Update model outputs - 2025-12-23 06:00:10
 Committer: Ricardo Hill <rico@Ricos-M1-Mac-2.local>
Your name and email address were configured automatically based
on your username and hostname. Please check that they are accurate.
You can suppress this message by setting them explicitly. Run the
following command and follow the instructions in your editor to edit
your configuration file:

    git config --global --edit

After doing this, you may fix the identity used for this commit with:

    git commit --amend --reset-author

 2 files changed, 20 insertions(+), 12 deletions(-)
To https://github.com/BangLetsGetIt/NBA-NCAA-Betting-Models.git
   98ff21a..7135759  main -> main
✅ Successfully pushed to GitHub!
==========================================
NBA Rebounds Props Model Run: Wed Dec 24 06:00:04 EST 2025
==========================================
Running NBA Rebounds Props model...

[1m[96m================================================================================[0m
[1m[96mNBA REBOUNDS PROPS A.I. MODEL[0m
[1m[96m================================================================================[0m

[96m==========================================================================================[0m
[96m🎯 GRADING PENDING PICKS[0m
[96m==========================================================================================[0m

[93m📋 Found 9 pending picks...[0m

  Fetching team stats to verify completed games for 2025-12-16...
[96m  Checking Mitchell Robinson (New York Knicks) on 2025-12-16...[0m
[93m  ⚠ Could not find stats for Mitchell Robinson on 2025-12-16 - will retry later[0m
[96m  Checking Julian Champagnie (San Antonio Spurs) on 2025-12-16...[0m
[93m  ⚠ Could not find stats for Julian Champagnie on 2025-12-16 - will retry later[0m
[96m  Checking Keldon Johnson (San Antonio Spurs) on 2025-12-16...[0m
[93m  ⚠ Could not find stats for Keldon Johnson on 2025-12-16 - will retry later[0m
[96m  Checking Victor Wembanyama (San Antonio Spurs) on 2025-12-16...[0m
[93m  ⚠ Could not find stats for Victor Wembanyama on 2025-12-16 - will retry later[0m
  Fetching team stats to verify completed games for 2025-12-25...

[93mNo picks ready for grading yet[0m

[96mFetching REAL NBA player rebounding statistics...[0m
[92m✓ Using cached player rebounding stats (less than 6 hours old)[0m

[96mFetching opponent rebounding factors...[0m
[92m✓ Using cached rebounding factors[0m

[96mFetching player rebounds prop odds...[0m
[96m  Found 5 upcoming games[0m
[96m  Filtered to 5 upcoming games[0m
[96m  Game 1/5: Cleveland Cavaliers @ New York Knicks[0m
[96m  Game 2/5: San Antonio Spurs @ Oklahoma City Thunder[0m
[96m  Game 3/5: Dallas Mavericks @ Golden State Warriors[0m
[96m  Game 4/5: Houston Rockets @ Los Angeles Lakers[0m
[96m  Game 5/5: Minnesota Timberwolves @ Denver Nuggets[0m
[92m✓ Fetched 0 player rebounds props (grouped)[0m

[96mAnalyzing 0 player props with REAL stats...[0m
[92m✓ Found 0 top OVER plays (A.I. Score >= 10.0)[0m
[92m✓ Found 0 top UNDER plays (A.I. Score >= 10.0)[0m

[96m==========================================================================================[0m
[96m📊 TRACKING NEW PICKS[0m
[96m==========================================================================================[0m
[96mNo new picks to track[0m

[1m[92m================================================================================[0m
[1m[92mTOP OVER PLAYS[0m
[1m[92m================================================================================[0m

[1m[91m================================================================================[0m
[1m[91mTOP UNDER PLAYS[0m
[1m[91m================================================================================[0m

[96mGenerating HTML report...[0m

[92m✓ HTML report saved: /Users/rico/sports-models/nba/nba_rebounds_props.html[0m

[1m[92m================================================================================[0m
[1m[92m✓ Model execution complete![0m
[1m[92m================================================================================[0m


==========================================
✅ Model completed successfully!
==========================================

📤 Pushing updates to GitHub...
No changes to commit
==========================================
NBA Rebounds Props Model Run: Thu Dec 25 06:00:05 EST 2025
==========================================
Running NBA Rebounds Props model...

[1m[96m================================================================================[0m
[1m[96mNBA REBOUNDS PROPS A.I. MODEL[0m
[1m[96m================================================================================[0m

[96m==========================================================================================[0m
[96m🎯 GRADING PENDING PICKS[0m
[96m==========================================================================================[0m

[93m📋 Found 9 pending picks...[0m

  Fetching team stats to verify completed games for 2025-12-16...
[96m  Checking Mitchell Robinson (New York Knicks) on 2025-12-16...[0m
[93m  ⚠ Could not find stats for Mitchell Robinson on 2025-12-16 - will retry later[0m
[96m  Checking Julian Champagnie (San Antonio Spurs) on 2025-12-16...[0m
[93m  ⚠ Could not find stats for Julian Champagnie on 2025-12-16 - will retry later[0m
[96m  Checking Keldon Johnson (San Antonio Spurs) on 2025-12-16...[0m
[93m  ⚠ Could not find stats for Keldon Johnson on 2025-12-16 - will retry later[0m
[96m  Checking Victor Wembanyama (San Antonio Spurs) on 2025-12-16...[0m
[93m  ⚠ Could not find stats for Victor Wembanyama on 2025-12-16 - will retry later[0m
  Fetching team stats to verify completed games for 2025-12-25...

[93mNo picks ready for grading yet[0m

[96mFetching REAL NBA player rebounding statistics...[0m
[92m✓ Using cached player rebounding stats (less than 6 hours old)[0m

[96mFetching opponent rebounding factors...[0m
[92m✓ Using cached rebounding factors[0m

[96mFetching player rebounds prop odds...[0m
[96m  Found 5 upcoming games[0m
[96m  Filtered to 5 upcoming games[0m
[96m  Game 1/5: Cleveland Cavaliers @ New York Knicks[0m
[96m  Game 2/5: San Antonio Spurs @ Oklahoma City Thunder[0m
[96m  Game 3/5: Dallas Mavericks @ Golden State Warriors[0m
[96m  Game 4/5: Houston Rockets @ Los Angeles Lakers[0m
[96m  Game 5/5: Minnesota Timberwolves @ Denver Nuggets[0m
[92m✓ Fetched 0 player rebounds props (grouped)[0m

[96mAnalyzing 0 player props with REAL stats...[0m
[92m✓ Found 0 top OVER plays (A.I. Score >= 10.0)[0m
[92m✓ Found 0 top UNDER plays (A.I. Score >= 10.0)[0m

[96m==========================================================================================[0m
[96m📊 TRACKING NEW PICKS[0m
[96m==========================================================================================[0m
[96mNo new picks to track[0m

[1m[92m================================================================================[0m
[1m[92mTOP OVER PLAYS[0m
[1m[92m================================================================================[0m

[1m[91m================================================================================[0m
[1m[91mTOP UNDER PLAYS[0m
[1m[91m================================================================================[0m

[96mGenerating HTML report...[0m

[92m✓ HTML report saved: /Users/rico/sports-models/nba/nba_rebounds_props.html[0m

[1m[92m================================================================================[0m
[1m[92m✓ Model execution complete![0m
[1m[92m================================================================================[0m


==========================================
✅ Model completed successfully!
==========================================

📤 Pushing updates to GitHub...
No changes to commit
==========================================
NBA Rebounds Props Model Run: Fri Dec 26 06:00:05 EST 2025
==========================================
Running NBA Rebounds Props model...

[1m[96m================================================================================[0m
[1m[96mNBA REBOUNDS PROPS A.I. MODEL[0m
[1m[96m================================================================================[0m

[96m==========================================================================================[0m
[96m🎯 GRADING PENDING PICKS[0m
[96m==========================================================================================[0m

[93m📋 Found 11 pending picks...[0m

  Fetching team stats to verify completed games for 2025-12-16...
[96m  Checking Mitchell Robinson (New York Knicks) on 2025-12-16...[0m
[93m  ⚠ Could not find stats for Mitchell Robinson on 2025-12-16 - will retry later[0m
[96m  Checking Julian Champagnie (San Antonio Spurs) on 2025-12-16...[0m
[93m  ⚠ Could not find stats for Julian Champagnie on 2025-12-16 - will retry later[0m
[96m  Checking Keldon Johnson (San Antonio Spurs) on 2025-12-16...[0m
[93m  ⚠ Could not find stats for Keldon Johnson on 2025-12-16 - will retry later[0m
[96m  Checking Victor Wembanyama (San Antonio Spurs) on 2025-12-16...[0m
[93m  ⚠ Could not find stats for Victor Wembanyama on 2025-12-16 - will retry later[0m
  Fetching team stats to verify completed games for 2025-12-26...

[93mNo picks ready for grading yet[0m

[96mFetching REAL NBA player rebounding statistics...[0m
[92m✓ Using cached player rebounding stats (less than 6 hours old)[0m

[96mFetching opponent rebounding factors...[0m
[92m✓ Using cached rebounding factors[0m

[96mFetching player rebounds prop odds...[0m
[96m  Found 9 upcoming games[0m
[96m  Filtered to 9 upcoming games[0m
[96m  Game 1/9: Miami Heat @ Atlanta Hawks[0m
[96m  Game 2/9: Boston Celtics @ Indiana Pacers[0m
[96m  Game 3/9: Charlotte Hornets @ Orlando Magic[0m
[96m  Game 4/9: Toronto Raptors @ Washington Wizards[0m
[96m  Game 5/9: Philadelphia 76ers @ Chicago Bulls[0m
[96m  Game 6/9: Phoenix Suns @ New Orleans Pelicans[0m
[96m  Game 7/9: Milwaukee Bucks @ Memphis Grizzlies[0m
[96m  Game 8/9: Detroit Pistons @ Utah Jazz[0m
[96m  Game 9/9: Los Angeles Clippers @ Portland Trail Blazers[0m
[92m✓ Fetched 94 player rebounds props (grouped)[0m

[96mAnalyzing 94 player props with REAL stats...[0m
[92m✓ Found 1 top OVER plays (A.I. Score >= 10.0)[0m
[92m✓ Found 4 top UNDER plays (A.I. Score >= 10.0)[0m
[93m  Skipped 4 props (no player stats found)[0m
[93m  Skipped 175 props (score below 10.0 or failed checks)[0m

[96m==========================================================================================[0m
[96m📊 TRACKING NEW PICKS[0m
[96m==========================================================================================[0m
[93m✓ Updated odds for 2 existing picks[0m

[1m[92m================================================================================[0m
[1m[92mTOP OVER PLAYS[0m
[1m[92m================================================================================[0m
  [96m 1. Trey Murphy III          [0m | [92mOVER 4.5 REB   [0m | New Orleans Pelicans      vs Phoenix Suns              | [1mA.I.: 10.00[0m | Rating: 4.9 ⭐⭐

[1m[91m================================================================================[0m
[1m[91mTOP UNDER PLAYS[0m
[1m[91m================================================================================[0m
  [96m 1. Brook Lopez              [0m | [91mUNDER 4.5 REB  [0m | Portland Trail Blazers    vs Los Angeles Clippers      | [1mA.I.: 10.00[0m | Rating: 4.9 ⭐⭐
  [96m 2. Scottie Barnes           [0m | [91mUNDER 9.5 REB  [0m | Washington Wizards        vs Toronto Raptors           | [1mA.I.: 10.00[0m | Rating: 4.2 ⭐⭐
  [96m 3. Sandro Mamukelashvili    [0m | [91mUNDER 7.5 REB  [0m | Washington Wizards        vs Toronto Raptors           | [1mA.I.: 10.00[0m | Rating: 3.8 ⭐
  [96m 4. John Collins             [0m | [91mUNDER 6.5 REB  [0m | Portland Trail Blazers    vs Los Angeles Clippers      | [1mA.I.: 10.00[0m | Rating: 3.6 ⭐

[96mGenerating HTML report...[0m

[92m✓ HTML report saved: /Users/rico/sports-models/nba/nba_rebounds_props.html[0m

[1m[92m================================================================================[0m
[1m[92m✓ Model execution complete![0m
[1m[92m================================================================================[0m


==========================================
✅ Model completed successfully!
==========================================

📤 Pushing updates to GitHub...
[main acc9b5a] Update model outputs - 2025-12-26 06:00:11
 Committer: Ricardo Hill <rico@Ricos-M1-Mac-2.local>
Your name and email address were configured automatically based
on your username and hostname. Please check that they are accurate.
You can suppress this message by setting them explicitly. Run the
following command and follow the instructions in your editor to edit
your configuration file:

    git config --global --edit

After doing this, you may fix the identity used for this commit with:

    git commit --amend --reset-author

 2 files changed, 12 insertions(+), 11 deletions(-)
To https://github.com/BangLetsGetIt/NBA-NCAA-Betting-Models.git
   22f0d34..acc9b5a  main -> main
✅ Successfully pushed to GitHub!
==========================================
NBA Rebounds Props Model Run: Sat Dec 27 06:00:03 EST 2025
==========================================
Running NBA Rebounds Props model...

[1m[96m================================================================================[0m
[1m[96mNBA REBOUNDS PROPS A.I. MODEL[0m
[1m[96m================================================================================[0m

[96m==========================================================================================[0m
[96m🎯 GRADING PENDING PICKS[0m
[96m==========================================================================================[0m

[93m📋 Found 10 pending picks...[0m

  Fetching team stats to verify completed games for 2025-12-16...
[96m  Fetching batch stats for 12/16/2025...[0m
  Fetching team stats to verify completed games for 2025-12-27...

[93mNo picks ready for grading yet[0m

[96mFetching REAL NBA player rebounding statistics...[0m
[92m✓ Using cached player rebounding stats (less than 6 hours old)[0m

[96mFetching opponent rebounding factors...[0m
[92m✓ Using cached rebounding factors[0m

[96mFetching player rebounds prop odds...[0m
[96m  Found 9 upcoming games[0m
[96m  Filtered to 9 upcoming games[0m
[96m  Game 1/9: Dallas Mavericks @ Sacramento Kings[0m
[96m  Game 2/9: Denver Nuggets @ Orlando Magic[0m
[96m  Game 3/9: Phoenix Suns @ New Orleans Pelicans[0m
[96m  Game 4/9: New York Knicks @ Atlanta Hawks[0m
[96m  Game 5/9: Brooklyn Nets @ Minnesota Timberwolves[0m
[96m  Game 6/9: Milwaukee Bucks @ Chicago Bulls[0m
[96m  Game 7/9: Cleveland Cavaliers @ Houston Rockets[0m
[96m  Game 8/9: Indiana Pacers @ Miami Heat[0m
[96m  Game 9/9: Utah Jazz @ San Antonio Spurs[0m
[92m✓ Fetched 115 player rebounds props (grouped)[0m

[96mAnalyzing 115 player props with REAL stats...[0m
[92m✓ Found 1 top OVER plays (A.I. Score >= 10.0)[0m
[92m✓ Found 3 top UNDER plays (A.I. Score >= 10.0)[0m
[93m  Skipped 5 props (no player stats found)[0m
[93m  Skipped 216 props (score below 10.0 or failed checks)[0m

[96m==========================================================================================[0m
[96m📊 TRACKING NEW PICKS[0m
[96m==========================================================================================[0m
[92m✓ Tracked 1 new picks[0m
[93m✓ Updated odds for 2 existing picks[0m

[1m[92m================================================================================[0m
[1m[92mTOP OVER PLAYS[0m
[1m[92m================================================================================[0m
  [96m 1. Jaylon Tyson             [0m | [92mOVER 3.5 REB   [0m | Houston Rockets           vs Cleveland Cavaliers       | [1mA.I.: 10.00[0m | Rating: 4.4 ⭐⭐

[1m[91m================================================================================[0m
[1m[91mTOP UNDER PLAYS[0m
[1m[91m================================================================================[0m
  [96m 1. Brice Sensabaugh         [0m | [91mUNDER 4.5 REB  [0m | San Antonio Spurs         vs Utah Jazz                 | [1mA.I.: 10.00[0m | Rating: 4.9 ⭐⭐
  [96m 2. Cooper Flagg             [0m | [91mUNDER 7.5 REB  [0m | Sacramento Kings          vs Dallas Mavericks          | [1mA.I.: 10.00[0m | Rating: 4.9 ⭐⭐
  [96m 3. Nique Clifford           [0m | [91mUNDER 4.5 REB  [0m | Sacramento Kings          vs Dallas Mavericks          | [1mA.I.: 10.00[0m | Rating: 4.7 ⭐⭐

[96mGenerating HTML report...[0m

[92m✓ HTML report saved: /Users/rico/sports-models/nba/nba_rebounds_props.html[0m

[1m[92m================================================================================[0m
[1m[92m✓ Model execution complete![0m
[1m[92m================================================================================[0m


==========================================
✅ Model completed successfully!
==========================================

📤 Pushing updates to GitHub...
[main da676ab] Update model outputs - 2025-12-27 06:00:11
 Committer: Ricardo Hill <rico@Ricos-M1-Mac-2.local>
Your name and email address were configured automatically based
on your username and hostname. Please check that they are accurate.
You can suppress this message by setting them explicitly. Run the
following command and follow the instructions in your editor to edit
your configuration file:

    git config --global --edit

After doing this, you may fix the identity used for this commit with:

    git commit --amend --reset-author

 2 files changed, 54 insertions(+), 101 deletions(-)
To https://github.com/BangLetsGetIt/NBA-NCAA-Betting-Models.git
   c5ba20b..da676ab  main -> main
✅ Successfully pushed to GitHub!
==========================================
NBA Rebounds Props Model Run: Sun Dec 28 06:00:02 EST 2025
==========================================
Running NBA Rebounds Props model...

[1m[96m================================================================================[0m
[1m[96mNBA REBOUNDS PROPS A.I. MODEL[0m
[1m[96m================================================================================[0m

[96m==========================================================================================[0m
[96m🎯 GRADING PENDING PICKS[0m
[96m==========================================================================================[0m

[93m📋 Found 10 pending picks...[0m

  Fetching team stats to verify completed games for 2025-12-16...
[96m  Fetching batch stats for 12/16/2025...[0m
  Fetching team stats to verify completed games for 2025-12-28...

[93mNo picks ready for grading yet[0m

[96mFetching REAL NBA player rebounding statistics...[0m
[92m✓ Using cached player rebounding stats (less than 6 hours old)[0m

[96mFetching opponent rebounding factors...[0m
[92m✓ Using cached rebounding factors[0m

[96mFetching player rebounds prop odds...[0m
[96m  Found 7 upcoming games[0m
[96m  Filtered to 7 upcoming games[0m
[96m  Game 1/7: Golden State Warriors @ Toronto Raptors[0m
[96m  Game 2/7: Philadelphia 76ers @ Oklahoma City Thunder[0m
[96m  Game 3/7: Boston Celtics @ Portland Trail Blazers[0m
[96m  Game 4/7: Memphis Grizzlies @ Washington Wizards[0m
[96m  Game 5/7: Detroit Pistons @ Los Angeles Clippers[0m
[96m  Game 6/7: Sacramento Kings @ Los Angeles Lakers[0m
[96m  Game 7/7: Cleveland Cavaliers @ San Antonio Spurs[0m
[92m✓ Fetched 79 player rebounds props (grouped)[0m

[96mAnalyzing 79 player props with REAL stats...[0m
[92m✓ Found 1 top OVER plays (A.I. Score >= 10.0)[0m
[92m✓ Found 4 top UNDER plays (A.I. Score >= 10.0)[0m
[93m  Skipped 1 props (no player stats found)[0m
[93m  Skipped 151 props (score below 10.0 or failed checks)[0m

[96m==========================================================================================[0m
[96m📊 TRACKING NEW PICKS[0m
[96m==========================================================================================[0m
[92m✓ Tracked 1 new picks[0m
[93m✓ Updated odds for 4 existing picks[0m

[1m[92m================================================================================[0m
[1m[92mTOP OVER PLAYS[0m
[1m[92m================================================================================[0m
  [96m 1. Isaiah Hartenstein       [0m | [92mOVER 9.5 REB   [0m | Oklahoma City Thunder     vs Philadelphia 76ers        | [1mA.I.: 10.00[0m | Rating: 4.9 ⭐⭐

[1m[91m================================================================================[0m
[1m[91mTOP UNDER PLAYS[0m
[1m[91m================================================================================[0m
  [96m 1. Brook Lopez              [0m | [91mUNDER 4.5 REB  [0m | Los Angeles Clippers      vs Detroit Pistons           | [1mA.I.: 10.00[0m | Rating: 4.9 ⭐⭐
  [96m 2. Andre Drummond           [0m | [91mUNDER 10.5 REB [0m | Philadelphia 76ers        vs Oklahoma City Thunder     | [1mA.I.: 10.00[0m | Rating: 4.9 ⭐⭐
  [96m 3. Sandro Mamukelashvili    [0m | [91mUNDER 8.5 REB  [0m | Toronto Raptors           vs Golden State Warriors     | [1mA.I.: 10.00[0m | Rating: 4.6 ⭐⭐
  [96m 4. Keon Ellis               [0m | [91mUNDER 2.5 REB  [0m | Los Angeles Lakers        vs Sacramento Kings          | [1mA.I.: 10.00[0m | Rating: 4.2 ⭐⭐

[96mGenerating HTML report...[0m

[92m✓ HTML report saved: /Users/rico/sports-models/nba/nba_rebounds_props.html[0m

[1m[92m================================================================================[0m
[1m[92m✓ Model execution complete![0m
[1m[92m================================================================================[0m


==========================================
✅ Model completed successfully!
==========================================

📤 Pushing updates to GitHub...
[main 6690070] Update model outputs - 2025-12-28 06:00:07
 Committer: Ricardo Hill <rico@Ricos-M1-Mac-2.local>
Your name and email address were configured automatically based
on your username and hostname. Please check that they are accurate.
You can suppress this message by setting them explicitly. Run the
following command and follow the instructions in your editor to edit
your configuration file:

    git config --global --edit

After doing this, you may fix the identity used for this commit with:

    git commit --amend --reset-author

 2 files changed, 98 insertions(+), 19 deletions(-)
To https://github.com/BangLetsGetIt/NBA-NCAA-Betting-Models.git
   134b9df..6690070  main -> main
✅ Successfully pushed to GitHub!
==========================================
NBA Rebounds Props Model Run: Mon Dec 29 06:00:05 EST 2025
==========================================
Running NBA Rebounds Props model...

[1m[96m================================================================================[0m
[1m[96mNBA REBOUNDS PROPS A.I. MODEL[0m
[1m[96m================================================================================[0m

[96m==========================================================================================[0m
[96m🎯 GRADING PENDING PICKS[0m
[96m==========================================================================================[0m

[93m📋 Found 13 pending picks...[0m

  Fetching team stats to verify completed games for 2025-12-16...
[96m  Fetching batch stats for 12/16/2025...[0m
  Fetching team stats to verify completed games for 2025-12-29...

[93mNo picks ready for grading yet[0m

[96mFetching REAL NBA player rebounding statistics...[0m
[92m✓ Using cached player rebounding stats (less than 6 hours old)[0m

[96mFetching opponent rebounding factors...[0m
[92m✓ Using cached rebounding factors[0m

[96mFetching player rebounds prop odds...[0m
[96m  Found 11 upcoming games[0m
[96m  Filtered to 11 upcoming games[0m
[96m  Game 1/10: Milwaukee Bucks @ Charlotte Hornets[0m
[96m  Game 2/10: Phoenix Suns @ Washington Wizards[0m
[96m  Game 3/10: Golden State Warriors @ Brooklyn Nets[0m
[96m  Game 4/10: Denver Nuggets @ Miami Heat[0m
[96m  Game 5/10: Orlando Magic @ Toronto Raptors[0m
[96m  Game 6/10: Atlanta Hawks @ Oklahoma City Thunder[0m
[96m  Game 7/10: Minnesota Timberwolves @ Chicago Bulls[0m
[96m  Game 8/10: Cleveland Cavaliers @ San Antonio Spurs[0m
[96m  Game 9/10: Indiana Pacers @ Houston Rockets[0m
[96m  Game 10/10: New York Knicks @ New Orleans Pelicans[0m
[92m✓ Fetched 119 player rebounds props (grouped)[0m

[96mAnalyzing 119 player props with REAL stats...[0m
[92m✓ Found 1 top OVER plays (A.I. Score >= 10.0)[0m
[92m✓ Found 5 top UNDER plays (A.I. Score >= 10.0)[0m
[93m  Skipped 6 props (no player stats found)[0m
[93m  Skipped 220 props (score below 10.0 or failed checks)[0m

[96m==========================================================================================[0m
[96m📊 TRACKING NEW PICKS[0m
[96m==========================================================================================[0m
[93m✓ Updated odds for 2 existing picks[0m

[1m[92m================================================================================[0m
[1m[92mTOP OVER PLAYS[0m
[1m[92m================================================================================[0m
  [96m 1. Evan Mobley              [0m | [92mOVER 7.5 REB   [0m | Cleveland Cavaliers       vs San Antonio Spurs         | [1mA.I.: 10.00[0m | Rating: 4.9 ⭐⭐

[1m[91m================================================================================[0m
[1m[91mTOP UNDER PLAYS[0m
[1m[91m================================================================================[0m
  [96m 1. Mouhamed Gueye           [0m | [91mUNDER 5.5 REB  [0m | Atlanta Hawks             vs Oklahoma City Thunder     | [1mA.I.: 10.00[0m | Rating: 4.9 ⭐⭐
  [96m 2. Onyeka Okongwu           [0m | [91mUNDER 9.5 REB  [0m | Atlanta Hawks             vs Oklahoma City Thunder     | [1mA.I.: 10.00[0m | Rating: 4.9 ⭐⭐
  [96m 3. Sandro Mamukelashvili    [0m | [91mUNDER 7.5 REB  [0m | Toronto Raptors           vs Orlando Magic             | [1mA.I.: 10.00[0m | Rating: 4.4 ⭐⭐
  [96m 4. Ja'Kobe Walter           [0m | [91mUNDER 3.5 REB  [0m | Toronto Raptors           vs Orlando Magic             | [1mA.I.: 10.00[0m | Rating: 3.6 ⭐
  [96m 5. Trae Young               [0m | [91mUNDER 2.5 REB  [0m | Atlanta Hawks             vs Oklahoma City Thunder     | [1mA.I.: 10.00[0m | Rating: 3.1 ⭐

[96mGenerating HTML report...[0m

[92m✓ HTML report saved: /Users/rico/sports-models/nba/nba_rebounds_props.html[0m

[1m[92m================================================================================[0m
[1m[92m✓ Model execution complete![0m
[1m[92m================================================================================[0m


==========================================
✅ Model completed successfully!
==========================================

📤 Pushing updates to GitHub...
[main f9211db] Update model outputs - 2025-12-29 06:00:11
 Committer: Ricardo Hill <rico@Ricos-M1-Mac-2.local>
Your name and email address were configured automatically based
on your username and hostname. Please check that they are accurate.
You can suppress this message by setting them explicitly. Run the
following command and follow the instructions in your editor to edit
your configuration file:

    git config --global --edit

After doing this, you may fix the identity used for this commit with:

    git commit --amend --reset-author

 2 files changed, 12 insertions(+), 10 deletions(-)
To https://github.com/BangLetsGetIt/NBA-NCAA-Betting-Models.git
   071de66..f9211db  main -> main
✅ Successfully pushed to GitHub!
==========================================
NBA Rebounds Props Model Run: Tue Dec 30 06:00:05 EST 2025
==========================================
Running NBA Rebounds Props model...

[1m[96m================================================================================[0m
[1m[96mNBA REBOUNDS PROPS A.I. MODEL[0m
[1m[96m================================================================================[0m

[96m==========================================================================================[0m
[96m🎯 GRADING PENDING PICKS[0m
[96m==========================================================================================[0m

[93m📋 Found 7 pending picks...[0m

  Fetching team stats to verify completed games for 2025-12-16...
[96m  Fetching batch stats for 12/16/2025...[0m
  Fetching team stats to verify completed games for 2025-12-30...

[93mNo picks ready for grading yet[0m

[96mFetching REAL NBA player rebounding statistics...[0m
[92m✓ Using cached player rebounding stats (less than 6 hours old)[0m

[96mFetching opponent rebounding factors...[0m
[92m✓ Using cached rebounding factors[0m

[96mFetching player rebounds prop odds...[0m
[96m  Found 4 upcoming games[0m
[96m  Filtered to 4 upcoming games[0m
[96m  Game 1/4: Philadelphia 76ers @ Memphis Grizzlies[0m
[96m  Game 2/4: Boston Celtics @ Utah Jazz[0m
[96m  Game 3/4: Detroit Pistons @ Los Angeles Lakers[0m
[96m  Game 4/4: Sacramento Kings @ Los Angeles Clippers[0m
[92m✓ Fetched 54 player rebounds props (grouped)[0m

[96mAnalyzing 54 player props with REAL stats...[0m
[92m✓ Found 0 top OVER plays (A.I. Score >= 10.0)[0m
[92m✓ Found 3 top UNDER plays (A.I. Score >= 10.0)[0m
[93m  Skipped 3 props (no player stats found)[0m
[93m  Skipped 99 props (score below 10.0 or failed checks)[0m

[96m==========================================================================================[0m
[96m📊 TRACKING NEW PICKS[0m
[96m==========================================================================================[0m
[93m✓ Updated odds for 1 existing picks[0m

[1m[92m================================================================================[0m
[1m[92mTOP OVER PLAYS[0m
[1m[92m================================================================================[0m

[1m[91m================================================================================[0m
[1m[91mTOP UNDER PLAYS[0m
[1m[91m================================================================================[0m
  [96m 1. Brook Lopez              [0m | [91mUNDER 5.5 REB  [0m | Los Angeles Clippers      vs Sacramento Kings          | [1mA.I.: 10.00[0m | Rating: 4.9 ⭐⭐
  [96m 2. John Collins             [0m | [91mUNDER 6.5 REB  [0m | Los Angeles Clippers      vs Sacramento Kings          | [1mA.I.: 10.00[0m | Rating: 4.7 ⭐⭐
  [96m 3. Brice Sensabaugh         [0m | [91mUNDER 4.5 REB  [0m | Utah Jazz                 vs Boston Celtics            | [1mA.I.: 10.00[0m | Rating: 4.1 ⭐⭐

[96mGenerating HTML report...[0m

[92m✓ HTML report saved: /Users/rico/sports-models/nba/nba_rebounds_props.html[0m

[1m[92m================================================================================[0m
[1m[92m✓ Model execution complete![0m
[1m[92m================================================================================[0m


==========================================
✅ Model completed successfully!
==========================================

📤 Pushing updates to GitHub...
[main e767d68] Update model outputs - 2025-12-30 06:00:08
 Committer: Ricardo Hill <rico@Ricos-M1-Mac-2.local>
Your name and email address were configured automatically based
on your username and hostname. Please check that they are accurate.
You can suppress this message by setting them explicitly. Run the
following command and follow the instructions in your editor to edit
your configuration file:

    git config --global --edit

After doing this, you may fix the identity used for this commit with:

    git commit --amend --reset-author

 2 files changed, 6 insertions(+), 5 deletions(-)
To https://github.com/BangLetsGetIt/NBA-NCAA-Betting-Models.git
   02c12cd..e767d68  main -> main
✅ Successfully pushed to GitHub!
==========================================
NBA Rebounds Props Model Run: Thu Jan  1 06:00:02 EST 2026
==========================================
Running NBA Rebounds Props model...

[1m[96m================================================================================[0m
[1m[96mNBA REBOUNDS PROPS A.I. MODEL[0m
[1m[96m================================================================================[0m

[96m==========================================================================================[0m
[96m🎯 GRADING PENDING PICKS[0m
[96m==========================================================================================[0m

[93m📋 Found 10 pending picks...[0m

  Fetching team stats to verify completed games for 2025-12-16...
[96m  Fetching batch stats for 12/16/2025...[0m
  Fetching team stats to verify completed games for 2025-12-30...
[96m  Fetching batch stats for 12/30/2025...[0m
  Fetching team stats to verify completed games for 2026-01-01...

[93mNo picks ready for grading yet[0m

[96mFetching REAL NBA player rebounding statistics...[0m
[96m  Fetching season rebounding stats...[0m
[96m  Fetching recent form (last 10 games)...[0m
[92m✓ Fetched REAL rebounding stats for 505 players[0m

[96mFetching opponent rebounding factors...[0m
[92m✓ Fetched rebounding factors for 30 teams[0m

[96mFetching player rebounds prop odds...[0m
[96m  Found 5 upcoming games[0m
[96m  Filtered to 5 upcoming games[0m
[96m  Game 1/5: Houston Rockets @ Brooklyn Nets[0m
[96m  Game 2/5: Miami Heat @ Detroit Pistons[0m
[96m  Game 3/5: Philadelphia 76ers @ Dallas Mavericks[0m
[96m  Game 4/5: Boston Celtics @ Sacramento Kings[0m
[96m  Game 5/5: Utah Jazz @ Los Angeles Clippers[0m
[92m✓ Fetched 56 player rebounds props (grouped)[0m

[96mAnalyzing 56 player props with REAL stats...[0m
[92m✓ Found 0 top OVER plays (A.I. Score >= 10.0)[0m
[92m✓ Found 5 top UNDER plays (A.I. Score >= 10.0)[0m
[93m  Skipped 1 props (no player stats found)[0m
[93m  Skipped 105 props (score below 10.0 or failed checks)[0m

[96m==========================================================================================[0m
[96m📊 TRACKING NEW PICKS[0m
[96m==========================================================================================[0m
[92m✓ Tracked 2 new picks[0m
[93m✓ Updated odds for 2 existing picks[0m

[1m[92m================================================================================[0m
[1m[92mTOP OVER PLAYS[0m
[1m[92m================================================================================[0m

[1m[91m================================================================================[0m
[1m[91mTOP UNDER PLAYS[0m
[1m[91m================================================================================[0m
  [96m 1. Brice Sensabaugh         [0m | [91mUNDER 4.5 REB  [0m | Utah Jazz                 vs Los Angeles Clippers      | [1mA.I.: 10.00[0m | Rating: 4.9 ⭐⭐
  [96m 2. Brook Lopez              [0m | [91mUNDER 5.5 REB  [0m | Los Angeles Clippers      vs Utah Jazz                 | [1mA.I.: 10.00[0m | Rating: 4.9 ⭐⭐
  [96m 3. John Collins             [0m | [91mUNDER 6.5 REB  [0m | Los Angeles Clippers      vs Utah Jazz                 | [1mA.I.: 10.00[0m | Rating: 4.4 ⭐⭐
  [96m 4. Taylor Hendricks         [0m | [91mUNDER 4.5 REB  [0m | Utah Jazz                 vs Los Angeles Clippers      | [1mA.I.: 10.00[0m | Rating: 4.2 ⭐⭐
  [96m 5. Kyle Filipowski          [0m | [91mUNDER 9.5 REB  [0m | Utah Jazz                 vs Los Angeles Clippers      | [1mA.I.: 10.00[0m | Rating: 4.2 ⭐⭐

[96mGenerating HTML report...[0m

[92m✓ HTML report saved: /Users/rico/sports-models/nba/nba_rebounds_props.html[0m

[1m[92m================================================================================[0m
[1m[92m✓ Model execution complete![0m
[1m[92m================================================================================[0m


==========================================
✅ Model completed successfully!
==========================================

📤 Pushing updates to GitHub...
[main bca0b9a] Update model outputs - 2026-01-01 06:00:30
 Committer: Ricardo Hill <rico@Ricos-M1-Mac-2.local>
Your name and email address were configured automatically based
on your username and hostname. Please check that they are accurate.
You can suppress this message by setting them explicitly. Run the
following command and follow the instructions in your editor to edit
your configuration file:

    git config --global --edit

After doing this, you may fix the identity used for this commit with:

    git commit --amend --reset-author

 2 files changed, 88 insertions(+), 42 deletions(-)
To https://github.com/BangLetsGetIt/NBA-NCAA-Betting-Models.git
   04c1b46..bca0b9a  main -> main
✅ Successfully pushed to GitHub!
==========================================
NBA Rebounds Props Model Run: Fri Jan  2 06:00:05 EST 2026
==========================================
Running NBA Rebounds Props model...

[1m[96m================================================================================[0m
[1m[96mNBA REBOUNDS PROPS A.I. MODEL[0m
[1m[96m================================================================================[0m

[96m==========================================================================================[0m
[96m🎯 GRADING PENDING PICKS[0m
[96m==========================================================================================[0m

[93m📋 Found 15 pending picks...[0m

  Fetching team stats to verify completed games for 2025-12-16...
[96m  Fetching batch stats for 12/16/2025...[0m
  Fetching team stats to verify completed games for 2025-12-30...
[96m  Fetching batch stats for 12/30/2025...[0m
  Fetching team stats to verify completed games for 2026-01-01...
[96m  Fetching batch stats for 01/01/2026...[0m
  Fetching team stats to verify completed games for 2026-01-02...

[93mNo picks ready for grading yet[0m

[96mFetching REAL NBA player rebounding statistics...[0m
[92m✓ Using cached player rebounding stats (less than 6 hours old)[0m

[96mFetching opponent rebounding factors...[0m
[92m✓ Using cached rebounding factors[0m

[96mFetching player rebounds prop odds...[0m
[96m  Found 10 upcoming games[0m
[96m  Filtered to 10 upcoming games[0m
[96m  Game 1/10: Brooklyn Nets @ Washington Wizards[0m
[96m  Game 2/10: San Antonio Spurs @ Indiana Pacers[0m
[96m  Game 3/10: Atlanta Hawks @ New York Knicks[0m
[96m  Game 4/10: Denver Nuggets @ Cleveland Cavaliers[0m
[96m  Game 5/10: Charlotte Hornets @ Milwaukee Bucks[0m
[96m  Game 6/10: Orlando Magic @ Chicago Bulls[0m
[96m  Game 7/10: Portland Trail Blazers @ New Orleans Pelicans[0m
[96m  Game 8/10: Sacramento Kings @ Phoenix Suns[0m
[96m  Game 9/10: Oklahoma City Thunder @ Golden State Warriors[0m
[96m  Game 10/10: Memphis Grizzlies @ Los Angeles Lakers[0m
[92m✓ Fetched 119 player rebounds props (grouped)[0m

[96mAnalyzing 119 player props with REAL stats...[0m
[92m✓ Found 0 top OVER plays (A.I. Score >= 10.0)[0m
[92m✓ Found 6 top UNDER plays (A.I. Score >= 10.0)[0m
[93m  Skipped 5 props (no player stats found)[0m
[93m  Skipped 222 props (score below 10.0 or failed checks)[0m

[96m==========================================================================================[0m
[96m📊 TRACKING NEW PICKS[0m
[96m==========================================================================================[0m
[93m✓ Updated odds for 3 existing picks[0m

[1m[92m================================================================================[0m
[1m[92mTOP OVER PLAYS[0m
[1m[92m================================================================================[0m

[1m[91m================================================================================[0m
[1m[91mTOP UNDER PLAYS[0m
[1m[91m================================================================================[0m
  [96m 1. Jalen Smith              [0m | [91mUNDER 8.5 REB  [0m | Chicago Bulls             vs Orlando Magic             | [1mA.I.: 10.00[0m | Rating: 4.9 ⭐⭐
  [96m 2. Al Horford               [0m | [91mUNDER 5.5 REB  [0m | Golden State Warriors     vs Oklahoma City Thunder     | [1mA.I.: 10.00[0m | Rating: 4.9 ⭐⭐
  [96m 3. Chet Holmgren            [0m | [91mUNDER 9.5 REB  [0m | Oklahoma City Thunder     vs Golden State Warriors     | [1mA.I.: 10.00[0m | Rating: 4.7 ⭐⭐
  [96m 4. Jay Huff                 [0m | [91mUNDER 5.5 REB  [0m | Indiana Pacers            vs San Antonio Spurs         | [1mA.I.: 10.00[0m | Rating: 4.4 ⭐⭐
  [96m 5. Sam Merrill              [0m | [91mUNDER 3.5 REB  [0m | Cleveland Cavaliers       vs Denver Nuggets            | [1mA.I.: 10.00[0m | Rating: 4.1 ⭐⭐
  [96m 6. Andrew Nembhard          [0m | [91mUNDER 3.5 REB  [0m | Indiana Pacers            vs San Antonio Spurs         | [1mA.I.: 10.00[0m | Rating: 2.7 

[96mGenerating HTML report...[0m

[92m✓ HTML report saved: /Users/rico/sports-models/nba/nba_rebounds_props.html[0m

[1m[92m================================================================================[0m
[1m[92m✓ Model execution complete![0m
[1m[92m================================================================================[0m


==========================================
✅ Model completed successfully!
==========================================

📤 Pushing updates to GitHub...
[main c369a27] Update model outputs - 2026-01-02 06:00:44
 Committer: Ricardo Hill <rico@Ricos-M1-Mac-2.local>
Your name and email address were configured automatically based
on your username and hostname. Please check that they are accurate.
You can suppress this message by setting them explicitly. Run the
following command and follow the instructions in your editor to edit
your configuration file:

    git config --global --edit

After doing this, you may fix the identity used for this commit with:

    git commit --amend --reset-author

 2 files changed, 29 insertions(+), 160 deletions(-)
To https://github.com/BangLetsGetIt/NBA-NCAA-Betting-Models.git
   9c3a3be..c369a27  main -> main
✅ Successfully pushed to GitHub!
==========================================
NBA Rebounds Props Model Run: Sat Jan  3 06:00:04 EST 2026
==========================================
Running NBA Rebounds Props model...

[1m[96m================================================================================[0m
[1m[96mNBA REBOUNDS PROPS A.I. MODEL[0m
[1m[96m================================================================================[0m

[96m==========================================================================================[0m
[96m🎯 GRADING PENDING PICKS[0m
[96m==========================================================================================[0m

[93m📋 Found 12 pending picks...[0m

  Fetching team stats to verify completed games for 2025-12-16...
[96m  Fetching batch stats for 12/16/2025...[0m
  Fetching team stats to verify completed games for 2025-12-30...
[96m  Fetching batch stats for 12/30/2025...[0m
  Fetching team stats to verify completed games for 2026-01-01...
[96m  Fetching batch stats for 01/01/2026...[0m
  Fetching team stats to verify completed games for 2026-01-03...

[93mNo picks ready for grading yet[0m

[96mFetching REAL NBA player rebounding statistics...[0m
[92m✓ Using cached player rebounding stats (less than 6 hours old)[0m

[96mFetching opponent rebounding factors...[0m
[92m✓ Using cached rebounding factors[0m

[96mFetching player rebounds prop odds...[0m
[96m  Found 8 upcoming games[0m
[96m  Filtered to 8 upcoming games[0m
[96m  Game 1/8: Minnesota Timberwolves @ Miami Heat[0m
[96m  Game 2/8: Atlanta Hawks @ Toronto Raptors[0m
[96m  Game 3/8: Philadelphia 76ers @ New York Knicks[0m
[96m  Game 4/8: Charlotte Hornets @ Chicago Bulls[0m
[96m  Game 5/8: Portland Trail Blazers @ San Antonio Spurs[0m
[96m  Game 6/8: Houston Rockets @ Dallas Mavericks[0m
[96m  Game 7/8: Utah Jazz @ Golden State Warriors[0m
[96m  Game 8/8: Boston Celtics @ Los Angeles Clippers[0m
[92m✓ Fetched 99 player rebounds props (grouped)[0m

[96mAnalyzing 99 player props with REAL stats...[0m
[92m✓ Found 3 top OVER plays (A.I. Score >= 10.0)[0m
[92m✓ Found 2 top UNDER plays (A.I. Score >= 10.0)[0m
[93m  Skipped 3 props (no player stats found)[0m
[93m  Skipped 187 props (score below 10.0 or failed checks)[0m

[96m==========================================================================================[0m
[96m📊 TRACKING NEW PICKS[0m
[96m==========================================================================================[0m
[92m✓ Tracked 1 new picks[0m
[93m✓ Updated odds for 3 existing picks[0m

[1m[92m================================================================================[0m
[1m[92mTOP OVER PLAYS[0m
[1m[92m================================================================================[0m
  [96m 1. Victor Wembanyama        [0m | [92mOVER 9.5 REB   [0m | San Antonio Spurs         vs Portland Trail Blazers    | [1mA.I.: 10.00[0m | Rating: 4.9 ⭐⭐
  [96m 2. Steven Adams             [0m | [92mOVER 6.5 REB   [0m | Houston Rockets           vs Dallas Mavericks          | [1mA.I.: 10.00[0m | Rating: 4.9 ⭐⭐
  [96m 3. P.J. Washington          [0m | [92mOVER 5.5 REB   [0m | Dallas Mavericks          vs Houston Rockets           | [1mA.I.: 10.00[0m | Rating: 3.3 ⭐

[1m[91m================================================================================[0m
[1m[91mTOP UNDER PLAYS[0m
[1m[91m================================================================================[0m
  [96m 1. Jalen Smith              [0m | [91mUNDER 8.5 REB  [0m | Chicago Bulls             vs Charlotte Hornets         | [1mA.I.: 10.00[0m | Rating: 4.9 ⭐⭐
  [96m 2. Trae Young               [0m | [91mUNDER 2.5 REB  [0m | Atlanta Hawks             vs Toronto Raptors           | [1mA.I.: 10.00[0m | Rating: 3.2 ⭐

[96mGenerating HTML report...[0m

[92m✓ HTML report saved: /Users/rico/sports-models/nba/nba_rebounds_props.html[0m

[1m[92m================================================================================[0m
[1m[92m✓ Model execution complete![0m
[1m[92m================================================================================[0m


==========================================
✅ Model completed successfully!
==========================================

📤 Pushing updates to GitHub...
[main 10e0b7a] Update model outputs - 2026-01-03 06:00:37
 Committer: Ricardo Hill <rico@Ricos-M1-Mac-2.local>
Your name and email address were configured automatically based
on your username and hostname. Please check that they are accurate.
You can suppress this message by setting them explicitly. Run the
following command and follow the instructions in your editor to edit
your configuration file:

    git config --global --edit

After doing this, you may fix the identity used for this commit with:

    git commit --amend --reset-author

 2 files changed, 69 insertions(+), 44 deletions(-)
To https://github.com/BangLetsGetIt/NBA-NCAA-Betting-Models.git
   eaba1e8..10e0b7a  main -> main
✅ Successfully pushed to GitHub!
==========================================
NBA Rebounds Props Model Run: Sun Jan  4 06:00:01 EST 2026
==========================================
Running NBA Rebounds Props model...

[1m[96m================================================================================[0m
[1m[96mNBA REBOUNDS PROPS A.I. MODEL[0m
[1m[96m================================================================================[0m

[96m==========================================================================================[0m
[96m🎯 GRADING PENDING PICKS[0m
[96m==========================================================================================[0m

[93m📋 Found 10 pending picks...[0m

  Fetching team stats to verify completed games for 2025-12-16...
[96m  Fetching batch stats for 12/16/2025...[0m
  Fetching team stats to verify completed games for 2025-12-30...
[96m  Fetching batch stats for 12/30/2025...[0m
  Fetching team stats to verify completed games for 2026-01-01...
  Error fetching completed teams: HTTPSConnectionPool(host='stats.nba.com', port=443): Read timed out. (read timeout=30)
[96m  Fetching batch stats for 01/01/2026...[0m
  Fetching team stats to verify completed games for 2026-01-04...

[93mNo picks ready for grading yet[0m

[96mFetching REAL NBA player rebounding statistics...[0m
[92m✓ Using cached player rebounding stats (less than 6 hours old)[0m

[96mFetching opponent rebounding factors...[0m
[92m✓ Using cached rebounding factors[0m

[96mFetching player rebounds prop odds...[0m
[96m  Found 8 upcoming games[0m
[96m  Filtered to 8 upcoming games[0m
[96m  Game 1/8: Detroit Pistons @ Cleveland Cavaliers[0m
[96m  Game 2/8: Indiana Pacers @ Orlando Magic[0m
[96m  Game 3/8: Denver Nuggets @ Brooklyn Nets[0m
[96m  Game 4/8: New Orleans Pelicans @ Miami Heat[0m
[96m  Game 5/8: Minnesota Timberwolves @ Washington Wizards[0m
[96m  Game 6/8: Oklahoma City Thunder @ Phoenix Suns[0m
[96m  Game 7/8: Milwaukee Bucks @ Sacramento Kings[0m
[96m  Game 8/8: Memphis Grizzlies @ Los Angeles Lakers[0m
[92m✓ Fetched 96 player rebounds props (grouped)[0m

[96mAnalyzing 96 player props with REAL stats...[0m
[92m✓ Found 0 top OVER plays (A.I. Score >= 10.0)[0m
[92m✓ Found 3 top UNDER plays (A.I. Score >= 10.0)[0m
[93m  Skipped 2 props (no player stats found)[0m
[93m  Skipped 185 props (score below 10.0 or failed checks)[0m

[96m==========================================================================================[0m
[96m📊 TRACKING NEW PICKS[0m
[96m==========================================================================================[0m
[92m✓ Tracked 1 new picks[0m
[93m✓ Updated odds for 2 existing picks[0m

[1m[92m================================================================================[0m
[1m[92mTOP OVER PLAYS[0m
[1m[92m================================================================================[0m

[1m[91m================================================================================[0m
[1m[91mTOP UNDER PLAYS[0m
[1m[91m================================================================================[0m
  [96m 1. Peyton Watson            [0m | [91mUNDER 5.5 REB  [0m | Denver Nuggets            vs Brooklyn Nets             | [1mA.I.: 10.00[0m | Rating: 4.9 ⭐⭐
  [96m 2. Micah Potter             [0m | [91mUNDER 5.5 REB  [0m | Indiana Pacers            vs Orlando Magic             | [1mA.I.: 10.00[0m | Rating: 4.9 ⭐⭐
  [96m 3. Cam Thomas               [0m | [91mUNDER 2.5 REB  [0m | Brooklyn Nets             vs Denver Nuggets            | [1mA.I.: 10.00[0m | Rating: 4.9 ⭐⭐

[96mGenerating HTML report...[0m

[92m✓ HTML report saved: /Users/rico/sports-models/nba/nba_rebounds_props.html[0m

[1m[92m================================================================================[0m
[1m[92m✓ Model execution complete![0m
[1m[92m================================================================================[0m


==========================================
✅ Model completed successfully!
==========================================

📤 Pushing updates to GitHub...
[main 8d6d6f3] Update model outputs - 2026-01-04 06:00:59
 Committer: Ricardo Hill <rico@Ricos-M1-Mac-2.local>
Your name and email address were configured automatically based
on your username and hostname. Please check that they are accurate.
You can suppress this message by setting them explicitly. Run the
following command and follow the instructions in your editor to edit
your configuration file:

    git config --global --edit

After doing this, you may fix the identity used for this commit with:

    git commit --amend --reset-author

 2 files changed, 63 insertions(+), 40 deletions(-)
To https://github.com/BangLetsGetIt/NBA-NCAA-Betting-Models.git
   c0ac016..8d6d6f3  main -> main
✅ Successfully pushed to GitHub!
==========================================
NBA Rebounds Props Model Run: Mon Jan  5 06:00:04 EST 2026
==========================================
Running NBA Rebounds Props model...

[1m[96m================================================================================[0m
[1m[96mNBA REBOUNDS PROPS A.I. MODEL[0m
[1m[96m================================================================================[0m

[96m==========================================================================================[0m
[96m🎯 GRADING PENDING PICKS[0m
[96m==========================================================================================[0m

[93m📋 Found 8 pending picks...[0m

  Fetching team stats to verify completed games for 2025-12-16...
[96m  Fetching batch stats for 12/16/2025...[0m
  Fetching team stats to verify completed games for 2025-12-30...
[96m  Fetching batch stats for 12/30/2025...[0m
  Fetching team stats to verify completed games for 2026-01-01...
[96m  Fetching batch stats for 01/01/2026...[0m
  Fetching team stats to verify completed games for 2026-01-05...

[93mNo picks ready for grading yet[0m

[96mFetching REAL NBA player rebounding statistics...[0m
[92m✓ Using cached player rebounding stats (less than 6 hours old)[0m

[96mFetching opponent rebounding factors...[0m
[92m✓ Using cached rebounding factors[0m

[96mFetching player rebounds prop odds...[0m
[96m  Found 8 upcoming games[0m
[96m  Filtered to 8 upcoming games[0m
[96m  Game 1/8: New York Knicks @ Detroit Pistons[0m
[96m  Game 2/8: Atlanta Hawks @ Toronto Raptors[0m
[96m  Game 3/8: Chicago Bulls @ Boston Celtics[0m
[96m  Game 4/8: Charlotte Hornets @ Oklahoma City Thunder[0m
[96m  Game 5/8: Phoenix Suns @ Houston Rockets[0m
[96m  Game 6/8: Denver Nuggets @ Philadelphia 76ers[0m
[96m  Game 7/8: Golden State Warriors @ Los Angeles Clippers[0m
[96m  Game 8/8: Utah Jazz @ Portland Trail Blazers[0m
[92m✓ Fetched 86 player rebounds props (grouped)[0m

[96mAnalyzing 86 player props with REAL stats...[0m
[92m✓ Found 1 top OVER plays (A.I. Score >= 10.0)[0m
[92m✓ Found 0 top UNDER plays (A.I. Score >= 10.0)[0m
[93m  Skipped 5 props (no player stats found)[0m
[93m  Skipped 161 props (score below 10.0 or failed checks)[0m

[96m==========================================================================================[0m
[96m📊 TRACKING NEW PICKS[0m
[96m==========================================================================================[0m
[93m✓ Updated odds for 1 existing picks[0m

[1m[92m================================================================================[0m
[1m[92mTOP OVER PLAYS[0m
[1m[92m================================================================================[0m
  [96m 1. Mitchell Robinson        [0m | [92mOVER 7.5 REB   [0m | New York Knicks           vs Detroit Pistons           | [1mA.I.: 10.00[0m | Rating: 4.7 ⭐⭐

[1m[91m================================================================================[0m
[1m[91mTOP UNDER PLAYS[0m
[1m[91m================================================================================[0m

[96mGenerating HTML report...[0m

[92m✓ HTML report saved: /Users/rico/sports-models/nba/nba_rebounds_props.html[0m

[1m[92m================================================================================[0m
[1m[92m✓ Model execution complete![0m
[1m[92m================================================================================[0m


==========================================
✅ Model completed successfully!
==========================================

📤 Pushing updates to GitHub...
[main b0b5c94] Update model outputs - 2026-01-05 06:00:41
 Committer: Ricardo Hill <rico@Ricos-M1-Mac-2.local>
Your name and email address were configured automatically based
on your username and hostname. Please check that they are accurate.
You can suppress this message by setting them explicitly. Run the
following command and follow the instructions in your editor to edit
your configuration file:

    git config --global --edit

After doing this, you may fix the identity used for this commit with:

    git commit --amend --reset-author

 2 files changed, 6 insertions(+), 5 deletions(-)
To https://github.com/BangLetsGetIt/NBA-NCAA-Betting-Models.git
   9dedcc3..b0b5c94  main -> main
✅ Successfully pushed to GitHub!
==========================================
NBA Rebounds Props Model Run: Tue Jan  6 06:00:02 EST 2026
==========================================
Running NBA Rebounds Props model...

[1m[96m================================================================================[0m
[1m[96mNBA REBOUNDS PROPS A.I. MODEL[0m
[1m[96m================================================================================[0m

[96m==========================================================================================[0m
[96m🎯 GRADING PENDING PICKS[0m
[96m==========================================================================================[0m

[93m📋 Found 10 pending picks...[0m

  Fetching team stats to verify completed games for 2025-12-16...
[96m  Fetching batch stats for 12/16/2025...[0m
  Fetching team stats to verify completed games for 2025-12-30...
[96m  Fetching batch stats for 12/30/2025...[0m
  Fetching team stats to verify completed games for 2026-01-01...
[96m  Fetching batch stats for 01/01/2026...[0m
  Fetching team stats to verify completed games for 2026-01-06...

[93mNo picks ready for grading yet[0m

[96mFetching REAL NBA player rebounding statistics...[0m
[92m✓ Using cached player rebounding stats (less than 6 hours old)[0m

[96mFetching opponent rebounding factors...[0m
[92m✓ Using cached rebounding factors[0m

[96mFetching player rebounds prop odds...[0m
[96m  Found 6 upcoming games[0m
[96m  Filtered to 6 upcoming games[0m
[96m  Game 1/6: Cleveland Cavaliers @ Indiana Pacers[0m
[96m  Game 2/6: Orlando Magic @ Washington Wizards[0m
[96m  Game 3/6: Los Angeles Lakers @ New Orleans Pelicans[0m
[96m  Game 4/6: San Antonio Spurs @ Memphis Grizzlies[0m
[96m  Game 5/6: Miami Heat @ Minnesota Timberwolves[0m
[96m  Game 6/6: Dallas Mavericks @ Sacramento Kings[0m
[92m✓ Fetched 80 player rebounds props (grouped)[0m

[96mAnalyzing 80 player props with REAL stats...[0m
[92m✓ Found 2 top OVER plays (A.I. Score >= 10.0)[0m
[92m✓ Found 1 top UNDER plays (A.I. Score >= 10.0)[0m
[93m  Skipped 1 props (no player stats found)[0m
[93m  Skipped 155 props (score below 10.0 or failed checks)[0m

[96m==========================================================================================[0m
[96m📊 TRACKING NEW PICKS[0m
[96m==========================================================================================[0m
[93m✓ Updated odds for 2 existing picks[0m

[1m[92m================================================================================[0m
[1m[92mTOP OVER PLAYS[0m
[1m[92m================================================================================[0m
  [96m 1. Kel'el Ware              [0m | [92mOVER 9.5 REB   [0m | Miami Heat                vs Minnesota Timberwolves    | [1mA.I.: 10.00[0m | Rating: 4.9 ⭐⭐
  [96m 2. Tyler Herro              [0m | [92mOVER 3.5 REB   [0m | Miami Heat                vs Minnesota Timberwolves    | [1mA.I.: 10.00[0m | Rating: 3.5 ⭐

[1m[91m================================================================================[0m
[1m[91mTOP UNDER PLAYS[0m
[1m[91m================================================================================[0m
  [96m 1. Micah Potter             [0m | [91mUNDER 6.5 REB  [0m | Indiana Pacers            vs Cleveland Cavaliers       | [1mA.I.: 10.00[0m | Rating: 4.9 ⭐⭐

[96mGenerating HTML report...[0m

[92m✓ HTML report saved: /Users/rico/sports-models/nba/nba_rebounds_props.html[0m

[1m[92m================================================================================[0m
[1m[92m✓ Model execution complete![0m
[1m[92m================================================================================[0m


==========================================
✅ Model completed successfully!
==========================================

📤 Pushing updates to GitHub...
[main 41a71b3] Update model outputs - 2026-01-06 06:00:45
 Committer: Ricardo Hill <rico@Ricos-M1-Mac-2.local>
Your name and email address were configured automatically based
on your username and hostname. Please check that they are accurate.
You can suppress this message by setting them explicitly. Run the
following command and follow the instructions in your editor to edit
your configuration file:

    git config --global --edit

After doing this, you may fix the identity used for this commit with:

    git commit --amend --reset-author

 2 files changed, 12 insertions(+), 10 deletions(-)
To https://github.com/BangLetsGetIt/NBA-NCAA-Betting-Models.git
   cbe1587..41a71b3  main -> main
✅ Successfully pushed to GitHub!
==========================================
NBA Rebounds Props Model Run: Wed Jan  7 06:00:05 EST 2026
==========================================
Running NBA Rebounds Props model...

[1m[96m================================================================================[0m
[1m[96mNBA REBOUNDS PROPS A.I. MODEL[0m
[1m[96m================================================================================[0m

[96m==========================================================================================[0m
[96m🎯 GRADING PENDING PICKS[0m
[96m==========================================================================================[0m

[93m📋 Found 10 pending picks...[0m

  Fetching team stats to verify completed games for 2025-12-16...
[96m  Fetching batch stats for 12/16/2025...[0m
  Fetching team stats to verify completed games for 2025-12-30...
[96m  Fetching batch stats for 12/30/2025...[0m
  Fetching team stats to verify completed games for 2026-01-01...
[96m  Fetching batch stats for 01/01/2026...[0m
  Fetching team stats to verify completed games for 2026-01-07...

[93mNo picks ready for grading yet[0m

[96mFetching REAL NBA player rebounding statistics...[0m
[92m✓ Using cached player rebounding stats (less than 6 hours old)[0m

[96mFetching opponent rebounding factors...[0m
[92m✓ Using cached rebounding factors[0m

[96mFetching player rebounds prop odds...[0m
[96m  Found 12 upcoming games[0m
[96m  Filtered to 12 upcoming games[0m
[96m  Game 1/10: Denver Nuggets @ Boston Celtics[0m
[96m  Game 2/10: Toronto Raptors @ Charlotte Hornets[0m
[96m  Game 3/10: Chicago Bulls @ Detroit Pistons[0m
[96m  Game 4/10: Washington Wizards @ Philadelphia 76ers[0m
[96m  Game 5/10: New Orleans Pelicans @ Atlanta Hawks[0m
[96m  Game 6/10: Orlando Magic @ Brooklyn Nets[0m
[96m  Game 7/10: Los Angeles Clippers @ New York Knicks[0m
[96m  Game 8/10: Phoenix Suns @ Memphis Grizzlies[0m
[96m  Game 9/10: Utah Jazz @ Oklahoma City Thunder[0m
[96m  Game 10/10: Los Angeles Lakers @ San Antonio Spurs[0m
[92m✓ Fetched 123 player rebounds props (grouped)[0m

[96mAnalyzing 123 player props with REAL stats...[0m
[92m✓ Found 1 top OVER plays (A.I. Score >= 10.0)[0m
[92m✓ Found 1 top UNDER plays (A.I. Score >= 10.0)[0m
[93m  Skipped 6 props (no player stats found)[0m
[93m  Skipped 232 props (score below 10.0 or failed checks)[0m

[96m==========================================================================================[0m
[96m📊 TRACKING NEW PICKS[0m
[96m==========================================================================================[0m
[96mNo new picks to track[0m

[1m[92m================================================================================[0m
[1m[92mTOP OVER PLAYS[0m
[1m[92m================================================================================[0m
  [96m 1. Victor Wembanyama        [0m | [92mOVER 8.5 REB   [0m | San Antonio Spurs         vs Los Angeles Lakers        | [1mA.I.: 10.00[0m | Rating: 4.9 ⭐⭐

[1m[91m================================================================================[0m
[1m[91mTOP UNDER PLAYS[0m
[1m[91m================================================================================[0m
  [96m 1. Jaden Ivey               [0m | [91mUNDER 3.5 REB  [0m | Detroit Pistons           vs Chicago Bulls             | [1mA.I.: 10.00[0m | Rating: 4.4 ⭐⭐

[96mGenerating HTML report...[0m

[92m✓ HTML report saved: /Users/rico/sports-models/nba/nba_rebounds_props.html[0m

[1m[92m================================================================================[0m
[1m[92m✓ Model execution complete![0m
[1m[92m================================================================================[0m


==========================================
✅ Model completed successfully!
==========================================

📤 Pushing updates to GitHub...
No changes to commit
==========================================
NBA Rebounds Props Model Run: Thu Jan  8 06:00:04 EST 2026
==========================================
Running NBA Rebounds Props model...

[1m[96m================================================================================[0m
[1m[96mNBA REBOUNDS PROPS A.I. MODEL[0m
[1m[96m================================================================================[0m

[96m==========================================================================================[0m
[96m🎯 GRADING PENDING PICKS[0m
[96m==========================================================================================[0m

[93m📋 Found 9 pending picks...[0m

  Fetching team stats to verify completed games for 2025-12-16...
[96m  Fetching batch stats for 12/16/2025...[0m
  Fetching team stats to verify completed games for 2025-12-30...
  Error fetching completed teams: HTTPSConnectionPool(host='stats.nba.com', port=443): Read timed out. (read timeout=30)
[96m  Fetching batch stats for 12/30/2025...[0m
  Fetching team stats to verify completed games for 2026-01-01...
[96m  Fetching batch stats for 01/01/2026...[0m
  Fetching team stats to verify completed games for 2026-01-08...

[93mNo picks ready for grading yet[0m

[96mFetching REAL NBA player rebounding statistics...[0m
[92m✓ Using cached player rebounding stats (less than 6 hours old)[0m

[96mFetching opponent rebounding factors...[0m
[92m✓ Using cached rebounding factors[0m

[96mFetching player rebounds prop odds...[0m
[96m  Found 4 upcoming games[0m
[96m  Filtered to 4 upcoming games[0m
[96m  Game 1/4: Indiana Pacers @ Charlotte Hornets[0m
[96m  Game 2/4: Miami Heat @ Chicago Bulls[0m
[96m  Game 3/4: Cleveland Cavaliers @ Minnesota Timberwolves[0m
[96m  Game 4/4: Dallas Mavericks @ Utah Jazz[0m
[92m✓ Fetched 53 player rebounds props (grouped)[0m

[96mAnalyzing 53 player props with REAL stats...[0m
[92m✓ Found 1 top OVER plays (A.I. Score >= 10.0)[0m
[92m✓ Found 1 top UNDER plays (A.I. Score >= 10.0)[0m
[93m  Skipped 5 props (no player stats found)[0m
[93m  Skipped 94 props (score below 10.0 or failed checks)[0m

[96m==========================================================================================[0m
[96m📊 TRACKING NEW PICKS[0m
[96m==========================================================================================[0m
[92m✓ Tracked 1 new picks[0m
[93m✓ Updated odds for 1 existing picks[0m

[1m[92m================================================================================[0m
[1m[92mTOP OVER PLAYS[0m
[1m[92m================================================================================[0m
  [96m 1. Kel'el Ware              [0m | [92mOVER 9.5 REB   [0m | Miami Heat                vs Chicago Bulls             | [1mA.I.: 10.00[0m | Rating: 4.9 ⭐⭐

[1m[91m================================================================================[0m
[1m[91mTOP UNDER PLAYS[0m
[1m[91m================================================================================[0m
  [96m 1. Matas Buzelis            [0m | [91mUNDER 6.5 REB  [0m | Chicago Bulls             vs Miami Heat                | [1mA.I.: 10.00[0m | Rating: 4.6 ⭐⭐

[96mGenerating HTML report...[0m

[92m✓ HTML report saved: /Users/rico/sports-models/nba/nba_rebounds_props.html[0m

[1m[92m================================================================================[0m
[1m[92m✓ Model execution complete![0m
[1m[92m================================================================================[0m


==========================================
✅ Model completed successfully!
==========================================

📤 Pushing updates to GitHub...
[main 7f95dd3] Update model outputs - 2026-01-08 06:00:54
 Committer: Ricardo Hill <rico@Ricos-M1-Mac-2.local>
Your name and email address were configured automatically based
on your username and hostname. Please check that they are accurate.
You can suppress this message by setting them explicitly. Run the
following command and follow the instructions in your editor to edit
your configuration file:

    git config --global --edit

After doing this, you may fix the identity used for this commit with:

    git commit --amend --reset-author

 2 files changed, 31 insertions(+), 9 deletions(-)
To https://github.com/BangLetsGetIt/NBA-NCAA-Betting-Models.git
   cfe9d2f..7f95dd3  main -> main
✅ Successfully pushed to GitHub!
==========================================
NBA Rebounds Props Model Run: Fri Jan  9 06:08:53 EST 2026
==========================================
Running NBA Rebounds Props model...

[1m[96m================================================================================[0m
[1m[96mNBA REBOUNDS PROPS A.I. MODEL[0m
[1m[96m================================================================================[0m

[96m==========================================================================================[0m
[96m🎯 GRADING PENDING PICKS[0m
[96m==========================================================================================[0m

[93m📋 Found 16 pending picks...[0m

  Fetching team stats to verify completed games for 2025-12-16...
[96m  Fetching batch stats for 12/16/2025...[0m
  Fetching team stats to verify completed games for 2025-12-30...
  Error fetching completed teams: HTTPSConnectionPool(host='stats.nba.com', port=443): Read timed out. (read timeout=30)
[96m  Fetching batch stats for 12/30/2025...[0m
[93m  Error fetching batch stats for 2025-12-30: HTTPSConnectionPool(host='stats.nba.com', port=443): Read timed out. (read timeout=30)[0m
  Fetching team stats to verify completed games for 2026-01-01...
[96m  Fetching batch stats for 01/01/2026...[0m
  Fetching team stats to verify completed games for 2026-01-08...
[96m  Fetching batch stats for 01/08/2026...[0m
  Fetching team stats to verify completed games for 2026-01-09...

[93mNo picks ready for grading yet[0m

[96mFetching REAL NBA player rebounding statistics...[0m
[96m  Fetching season rebounding stats...[0m
[96m  Fetching recent form (last 10 games)...[0m
[92m✓ Fetched REAL rebounding stats for 506 players[0m

[96mFetching opponent rebounding factors...[0m
[93m⚠ Could not fetch rebounding factors: HTTPSConnectionPool(host='stats.nba.com', port=443): Read timed out. (read timeout=30)[0m

[96mFetching player rebounds prop odds...[0m
[96m  Found 10 upcoming games[0m
[96m  Filtered to 10 upcoming games[0m
[96m  Game 1/10: Toronto Raptors @ Boston Celtics[0m
[96m  Game 2/10: New Orleans Pelicans @ Washington Wizards[0m
[96m  Game 3/10: Philadelphia 76ers @ Orlando Magic[0m
[96m  Game 4/10: Los Angeles Clippers @ Brooklyn Nets[0m
[96m  Game 5/10: Oklahoma City Thunder @ Memphis Grizzlies[0m
[96m  Game 6/10: Atlanta Hawks @ Denver Nuggets[0m
[96m  Game 7/10: New York Knicks @ Phoenix Suns[0m
[96m  Game 8/10: Sacramento Kings @ Golden State Warriors[0m
[96m  Game 9/10: Houston Rockets @ Portland Trail Blazers[0m
[96m  Game 10/10: Milwaukee Bucks @ Los Angeles Lakers[0m
[92m✓ Fetched 137 player rebounds props (grouped)[0m

[96mAnalyzing 137 player props with REAL stats...[0m
[92m✓ Found 0 top OVER plays (A.I. Score >= 10.0)[0m
[92m✓ Found 5 top UNDER plays (A.I. Score >= 10.0)[0m
[93m  Skipped 4 props (no player stats found)[0m
[93m  Skipped 261 props (score below 10.0 or failed checks)[0m

[96m==========================================================================================[0m
[96m📊 TRACKING NEW PICKS[0m
[96m==========================================================================================[0m
[93m✓ Updated odds for 5 existing picks[0m

[1m[92m================================================================================[0m
[1m[92mTOP OVER PLAYS[0m
[1m[92m================================================================================[0m

[1m[91m================================================================================[0m
[1m[91mTOP UNDER PLAYS[0m
[1m[91m================================================================================[0m
  [96m 1. Aaron Wiggins            [0m | [91mUNDER 4.5 REB  [0m | Oklahoma City Thunder     vs Memphis Grizzlies         | [1mA.I.: 10.00[0m | Rating: 4.9 ⭐⭐
  [96m 2. Ajay Mitchell            [0m | [91mUNDER 4.5 REB  [0m | Oklahoma City Thunder     vs Memphis Grizzlies         | [1mA.I.: 10.00[0m | Rating: 4.9 ⭐⭐
  [96m 3. Peyton Watson            [0m | [91mUNDER 6.5 REB  [0m | Denver Nuggets            vs Atlanta Hawks             | [1mA.I.: 10.00[0m | Rating: 4.7 ⭐⭐
  [96m 4. Jalen Williams           [0m | [91mUNDER 6.5 REB  [0m | Oklahoma City Thunder     vs Memphis Grizzlies         | [1mA.I.: 10.00[0m | Rating: 3.9 ⭐
  [96m 5. Keon Ellis               [0m | [91mUNDER 2.5 REB  [0m | Sacramento Kings          vs Golden State Warriors     | [1mA.I.: 10.00[0m | Rating: 2.9 

[96mGenerating HTML report...[0m

[92m✓ HTML report saved: /Users/rico/sports-models/nba/nba_rebounds_props.html[0m

[1m[92m================================================================================[0m
[1m[92m✓ Model execution complete![0m
[1m[92m================================================================================[0m


==========================================
✅ Model completed successfully!
==========================================

📤 Pushing updates to GitHub...
[main cd97fbd] Update model outputs - 2026-01-09 06:30:29
 Committer: Ricardo Hill <rico@Ricos-M1-Mac-2.local>
Your name and email address were configured automatically based
on your username and hostname. Please check that they are accurate.
You can suppress this message by setting them explicitly. Run the
following command and follow the instructions in your editor to edit
your configuration file:

    git config --global --edit

After doing this, you may fix the identity used for this commit with:

    git commit --amend --reset-author

 2 files changed, 33 insertions(+), 41 deletions(-)
To https://github.com/BangLetsGetIt/NBA-NCAA-Betting-Models.git
   e4b2fe2..cd97fbd  main -> main
✅ Successfully pushed to GitHub!
==========================================
NBA Rebounds Props Model Run: Sat Jan 10 06:05:48 EST 2026
==========================================
Running NBA Rebounds Props model...

[1m[96m================================================================================[0m
[1m[96mNBA REBOUNDS PROPS A.I. MODEL[0m
[1m[96m================================================================================[0m

[96m==========================================================================================[0m
[96m🎯 GRADING PENDING PICKS[0m
[96m==========================================================================================[0m

[93m📋 Found 14 pending picks...[0m

  Fetching team stats to verify completed games for 2025-12-16...
[96m  Fetching batch stats for 12/16/2025...[0m
  Fetching team stats to verify completed games for 2025-12-30...
  Error fetching completed teams: HTTPSConnectionPool(host='stats.nba.com', port=443): Read timed out. (read timeout=30)
[96m  Fetching batch stats for 12/30/2025...[0m
  Fetching team stats to verify completed games for 2026-01-01...
[96m  Fetching batch stats for 01/01/2026...[0m
[93m  Error fetching batch stats for 2026-01-01: HTTPSConnectionPool(host='stats.nba.com', port=443): Read timed out. (read timeout=30)[0m
  Fetching team stats to verify completed games for 2026-01-08...
[96m  Fetching batch stats for 01/08/2026...[0m
  Fetching team stats to verify completed games for 2026-01-10...

[93mNo picks ready for grading yet[0m

[96mFetching REAL NBA player rebounding statistics...[0m
[96m  Fetching season rebounding stats...[0m
[96m  Fetching recent form (last 10 games)...[0m
[92m✓ Fetched REAL rebounding stats for 506 players[0m

[96mFetching opponent rebounding factors...[0m
[92m✓ Using cached rebounding factors[0m

[96mFetching player rebounds prop odds...[0m
[96m  Found 6 upcoming games[0m
[96m  Filtered to 6 upcoming games[0m
[96m  Game 1/6: Minnesota Timberwolves @ Cleveland Cavaliers[0m
[96m  Game 2/6: Miami Heat @ Indiana Pacers[0m
[96m  Game 3/6: Los Angeles Clippers @ Detroit Pistons[0m
[96m  Game 4/6: San Antonio Spurs @ Boston Celtics[0m
[96m  Game 5/6: Dallas Mavericks @ Chicago Bulls[0m
[96m  Game 6/6: Charlotte Hornets @ Utah Jazz[0m
[92m✓ Fetched 70 player rebounds props (grouped)[0m

[96mAnalyzing 70 player props with REAL stats...[0m
[92m✓ Found 1 top OVER plays (A.I. Score >= 10.0)[0m
[92m✓ Found 2 top UNDER plays (A.I. Score >= 10.0)[0m
[93m  Skipped 3 props (no player stats found)[0m
[93m  Skipped 131 props (score below 10.0 or failed checks)[0m

[96m==========================================================================================[0m
[96m📊 TRACKING NEW PICKS[0m
[96m==========================================================================================[0m
[93m✓ Updated odds for 2 existing picks[0m

[1m[92m================================================================================[0m
[1m[92mTOP OVER PLAYS[0m
[1m[92m================================================================================[0m
  [96m 1. Kel'el Ware              [0m | [92mOVER 9.5 REB   [0m | Miami Heat                vs Indiana Pacers            | [1mA.I.: 10.00[0m | Rating: 4.9 ⭐⭐

[1m[91m================================================================================[0m
[1m[91mTOP UNDER PLAYS[0m
[1m[91m================================================================================[0m
  [96m 1. Matas Buzelis            [0m | [91mUNDER 6.5 REB  [0m | Chicago Bulls             vs Dallas Mavericks          | [1mA.I.: 10.00[0m | Rating: 4.4 ⭐⭐
  [96m 2. Kyle Filipowski          [0m | [91mUNDER 8.5 REB  [0m | Utah Jazz                 vs Charlotte Hornets         | [1mA.I.: 10.00[0m | Rating: 4.4 ⭐⭐

[96mGenerating HTML report...[0m

[92m✓ HTML report saved: /Users/rico/sports-models/nba/nba_rebounds_props.html[0m

[1m[92m================================================================================[0m
[1m[92m✓ Model execution complete![0m
[1m[92m================================================================================[0m


==========================================
✅ Model completed successfully!
==========================================

📤 Pushing updates to GitHub...
[main 3f2dd51] Update model outputs - 2026-01-10 07:51:33
 Committer: Ricardo Hill <rico@Ricos-M1-Mac-2.local>
Your name and email address were configured automatically based
on your username and hostname. Please check that they are accurate.
You can suppress this message by setting them explicitly. Run the
following command and follow the instructions in your editor to edit
your configuration file:

    git config --global --edit

After doing this, you may fix the identity used for this commit with:

    git commit --amend --reset-author

 2 files changed, 12 insertions(+), 70 deletions(-)
To https://github.com/BangLetsGetIt/NBA-NCAA-Betting-Models.git
   8db0205..3f2dd51  main -> main
✅ Successfully pushed to GitHub!
==========================================
NBA Rebounds Props Model Run: Sun Jan 11 06:11:38 EST 2026
==========================================
Running NBA Rebounds Props model...

[1m[96m================================================================================[0m
[1m[96mNBA REBOUNDS PROPS A.I. MODEL[0m
[1m[96m================================================================================[0m

[96m==========================================================================================[0m
[96m🎯 GRADING PENDING PICKS[0m
[96m==========================================================================================[0m

[93m📋 Found 12 pending picks...[0m

  Fetching team stats to verify completed games for 2025-12-16...
[96m  Fetching batch stats for 12/16/2025...[0m
  Fetching team stats to verify completed games for 2025-12-30...
  Error fetching completed teams: HTTPSConnectionPool(host='stats.nba.com', port=443): Read timed out. (read timeout=30)
[96m  Fetching batch stats for 12/30/2025...[0m
  Fetching team stats to verify completed games for 2026-01-01...
  Error fetching completed teams: HTTPSConnectionPool(host='stats.nba.com', port=443): Read timed out. (read timeout=30)
[96m  Fetching batch stats for 01/01/2026...[0m
  Fetching team stats to verify completed games for 2026-01-08...
[96m  Fetching batch stats for 01/08/2026...[0m
  Fetching team stats to verify completed games for 2026-01-11...

[93mNo picks ready for grading yet[0m

[96mFetching REAL NBA player rebounding statistics...[0m
[96m  Fetching season rebounding stats...[0m
[96m  Fetching recent form (last 10 games)...[0m
[92m✓ Fetched REAL rebounding stats for 507 players[0m

[96mFetching opponent rebounding factors...[0m
[93m⚠ Could not fetch rebounding factors: ('Connection aborted.', ConnectionResetError(54, 'Connection reset by peer'))[0m

[96mFetching player rebounds prop odds...[0m
[96m  Found 10 upcoming games[0m
[96m  Filtered to 10 upcoming games[0m
[96m  Game 1/10: New Orleans Pelicans @ Orlando Magic[0m
[96m  Game 2/10: Brooklyn Nets @ Memphis Grizzlies[0m
[96m  Game 3/10: New York Knicks @ Portland Trail Blazers[0m
[96m  Game 4/10: Philadelphia 76ers @ Toronto Raptors[0m
[96m  Game 5/10: Miami Heat @ Oklahoma City Thunder[0m
[96m  Game 6/10: San Antonio Spurs @ Minnesota Timberwolves[0m
[96m  Game 7/10: Milwaukee Bucks @ Denver Nuggets[0m
[96m  Game 8/10: Washington Wizards @ Phoenix Suns[0m
[96m  Game 9/10: Atlanta Hawks @ Golden State Warriors[0m
[96m  Game 10/10: Houston Rockets @ Sacramento Kings[0m
[92m✓ Fetched 112 player rebounds props (grouped)[0m

[96mAnalyzing 112 player props with REAL stats...[0m
[92m✓ Found 2 top OVER plays (A.I. Score >= 10.0)[0m
[92m✓ Found 1 top UNDER plays (A.I. Score >= 10.0)[0m
[93m  Skipped 4 props (no player stats found)[0m
[93m  Skipped 213 props (score below 10.0 or failed checks)[0m

[96m==========================================================================================[0m
[96m📊 TRACKING NEW PICKS[0m
[96m==========================================================================================[0m
[92m✓ Tracked 1 new picks[0m
[93m✓ Updated odds for 1 existing picks[0m

[1m[92m================================================================================[0m
[1m[92mTOP OVER PLAYS[0m
[1m[92m================================================================================[0m
  [96m 1. Josh Hart                [0m | [92mOVER 6.5 REB   [0m | New York Knicks           vs Portland Trail Blazers    | [1mA.I.: 10.00[0m | Rating: 4.7 ⭐⭐
  [96m 2. Victor Wembanyama        [0m | [92mOVER 8.5 REB   [0m | San Antonio Spurs         vs Minnesota Timberwolves    | [1mA.I.: 10.00[0m | Rating: 4.6 ⭐⭐

[1m[91m================================================================================[0m
[1m[91mTOP UNDER PLAYS[0m
[1m[91m================================================================================[0m
  [96m 1. Aaron Wiggins            [0m | [91mUNDER 4.5 REB  [0m | Oklahoma City Thunder     vs Miami Heat                | [1mA.I.: 10.00[0m | Rating: 4.9 ⭐⭐

[96mGenerating HTML report...[0m

[92m✓ HTML report saved: /Users/rico/sports-models/nba/nba_rebounds_props.html[0m

[1m[92m================================================================================[0m
[1m[92m✓ Model execution complete![0m
[1m[92m================================================================================[0m


==========================================
✅ Model completed successfully!
==========================================

📤 Pushing updates to GitHub...
[main 541a8b8] Update model outputs - 2026-01-11 08:29:35
 Committer: Ricardo Hill <rico@MacBookAir.lan>
Your name and email address were configured automatically based
on your username and hostname. Please check that they are accurate.
You can suppress this message by setting them explicitly. Run the
following command and follow the instructions in your editor to edit
your configuration file:

    git config --global --edit

After doing this, you may fix the identity used for this commit with:

    git commit --amend --reset-author

 2 files changed, 100 insertions(+), 6 deletions(-)
fatal: unable to access 'https://github.com/BangLetsGetIt/NBA-NCAA-Betting-Models.git/': Resolving timed out after 655682 milliseconds
⚠️  Push failed - you may need to set up the GitHub remote first
==========================================
NBA Rebounds Props Model Run: Mon Jan 12 06:03:28 EST 2026
==========================================
Running NBA Rebounds Props model...

[1m[96m================================================================================[0m
[1m[96mNBA REBOUNDS PROPS A.I. MODEL[0m
[1m[96m================================================================================[0m

[96m==========================================================================================[0m
[96m🎯 GRADING PENDING PICKS[0m
[96m==========================================================================================[0m

[93m📋 Found 12 pending picks...[0m

  Fetching team stats to verify completed games for 2025-12-16...
[96m  Fetching batch stats for 12/16/2025...[0m
  Fetching team stats to verify completed games for 2025-12-30...
[96m  Fetching batch stats for 12/30/2025...[0m
  Fetching team stats to verify completed games for 2026-01-01...
[96m  Fetching batch stats for 01/01/2026...[0m
  Fetching team stats to verify completed games for 2026-01-08...
[96m  Fetching batch stats for 01/08/2026...[0m
  Fetching team stats to verify completed games for 2026-01-12...

[93mNo picks ready for grading yet[0m

[96mFetching REAL NBA player rebounding statistics...[0m
[92m✓ Using cached player rebounding stats (less than 6 hours old)[0m

[96mFetching opponent rebounding factors...[0m
[92m✓ Using cached rebounding factors[0m

[96mFetching player rebounds prop odds...[0m
[96m  Found 6 upcoming games[0m
[96m  Filtered to 6 upcoming games[0m
[96m  Game 1/6: Utah Jazz @ Cleveland Cavaliers[0m
[96m  Game 2/6: Boston Celtics @ Indiana Pacers[0m
[96m  Game 3/6: Philadelphia 76ers @ Toronto Raptors[0m
[96m  Game 4/6: Brooklyn Nets @ Dallas Mavericks[0m
[96m  Game 5/6: Los Angeles Lakers @ Sacramento Kings[0m
[96m  Game 6/6: Charlotte Hornets @ Los Angeles Clippers[0m
[92m✓ Fetched 72 player rebounds props (grouped)[0m

[96mAnalyzing 72 player props with REAL stats...[0m
[92m✓ Found 0 top OVER plays (A.I. Score >= 10.0)[0m
[92m✓ Found 2 top UNDER plays (A.I. Score >= 10.0)[0m
[93m  Skipped 4 props (no player stats found)[0m
[93m  Skipped 134 props (score below 10.0 or failed checks)[0m

[96m==========================================================================================[0m
[96m📊 TRACKING NEW PICKS[0m
[96m==========================================================================================[0m
[96mNo new picks to track[0m

[1m[92m================================================================================[0m
[1m[92mTOP OVER PLAYS[0m
[1m[92m================================================================================[0m

[1m[91m================================================================================[0m
[1m[91mTOP UNDER PLAYS[0m
[1m[91m================================================================================[0m
  [96m 1. Naji Marshall            [0m | [91mUNDER 5.5 REB  [0m | Dallas Mavericks          vs Brooklyn Nets             | [1mA.I.: 10.00[0m | Rating: 4.7 ⭐⭐
  [96m 2. Sam Hauser               [0m | [91mUNDER 4.5 REB  [0m | Boston Celtics            vs Indiana Pacers            | [1mA.I.: 10.00[0m | Rating: 4.1 ⭐⭐

[96mGenerating HTML report...[0m

[92m✓ HTML report saved: /Users/rico/sports-models/nba/nba_rebounds_props.html[0m

[1m[92m================================================================================[0m
[1m[92m✓ Model execution complete![0m
[1m[92m================================================================================[0m


==========================================
✅ Model completed successfully!
==========================================

📤 Pushing updates to GitHub...
No changes to commit
==========================================
NBA Rebounds Props Model Run: Tue Jan 13 06:12:04 EST 2026
==========================================
Running NBA Rebounds Props model...

[1m[96m================================================================================[0m
[1m[96mNBA REBOUNDS PROPS A.I. MODEL[0m
[1m[96m================================================================================[0m

[96m==========================================================================================[0m
[96m🎯 GRADING PENDING PICKS[0m
[96m==========================================================================================[0m

[93m📋 Found 15 pending picks...[0m

  Fetching team stats to verify completed games for 2025-12-16...
  Error fetching completed teams: HTTPSConnectionPool(host='stats.nba.com', port=443): Max retries exceeded with url: /stats/leaguedashteamstats?Conference=&DateFrom=2025-12-16&DateTo=2025-12-16&Division=&GameScope=&GameSegment=&LastNGames=0&LeagueID=&Location=&MeasureType=Base&Month=0&OpponentTeamID=0&Outcome=&PORound=&PaceAdjust=N&PerMode=Totals&Period=0&PlayerExperience=&PlayerPosition=&PlusMinus=N&Rank=N&Season=2025-26&SeasonSegment=&SeasonType=Regular+Season&ShotClockRange=&StarterBench=&TeamID=&TwoWay=&VsConference=&VsDivision= (Caused by NameResolutionError("<urllib3.connection.HTTPSConnection object at 0x11b2882f0>: Failed to resolve 'stats.nba.com' ([Errno 8] nodename nor servname provided, or not known)"))
[96m  Fetching batch stats for 12/16/2025...[0m
[93m  Error fetching batch stats for 2025-12-16: HTTPSConnectionPool(host='stats.nba.com', port=443): Max retries exceeded with url: /stats/leaguedashplayerstats?College=&Conference=&Country=&DateFrom=12%2F16%2F2025&DateTo=12%2F16%2F2025&Division=&DraftPick=&DraftYear=&GameScope=&GameSegment=&Height=&LastNGames=0&LeagueID=&Location=&MeasureType=Base&Month=0&OpponentTeamID=0&Outcome=&PORound=&PaceAdjust=N&PerMode=PerGame&Period=0&PlayerExperience=&PlayerPosition=&PlusMinus=N&Rank=N&Season=2025-26&SeasonSegment=&SeasonType=Regular+Season&ShotClockRange=&StarterBench=&TeamID=&TwoWay=&VsConference=&VsDivision=&Weight= (Caused by NameResolutionError("<urllib3.connection.HTTPSConnection object at 0x11aff39d0>: Failed to resolve 'stats.nba.com' ([Errno 8] nodename nor servname provided, or not known)"))[0m
  Fetching team stats to verify completed games for 2025-12-30...
  Error fetching completed teams: HTTPSConnectionPool(host='stats.nba.com', port=443): Max retries exceeded with url: /stats/leaguedashteamstats?Conference=&DateFrom=2025-12-30&DateTo=2025-12-30&Division=&GameScope=&GameSegment=&LastNGames=0&LeagueID=&Location=&MeasureType=Base&Month=0&OpponentTeamID=0&Outcome=&PORound=&PaceAdjust=N&PerMode=Totals&Period=0&PlayerExperience=&PlayerPosition=&PlusMinus=N&Rank=N&Season=2025-26&SeasonSegment=&SeasonType=Regular+Season&ShotClockRange=&StarterBench=&TeamID=&TwoWay=&VsConference=&VsDivision= (Caused by NameResolutionError("<urllib3.connection.HTTPSConnection object at 0x11b2902d0>: Failed to resolve 'stats.nba.com' ([Errno 8] nodename nor servname provided, or not known)"))
[96m  Fetching batch stats for 12/30/2025...[0m
[93m  Error fetching batch stats for 2025-12-30: HTTPSConnectionPool(host='stats.nba.com', port=443): Max retries exceeded with url: /stats/leaguedashplayerstats?College=&Conference=&Country=&DateFrom=12%2F30%2F2025&DateTo=12%2F30%2F2025&Division=&DraftPick=&DraftYear=&GameScope=&GameSegment=&Height=&LastNGames=0&LeagueID=&Location=&MeasureType=Base&Month=0&OpponentTeamID=0&Outcome=&PORound=&PaceAdjust=N&PerMode=PerGame&Period=0&PlayerExperience=&PlayerPosition=&PlusMinus=N&Rank=N&Season=2025-26&SeasonSegment=&SeasonType=Regular+Season&ShotClockRange=&StarterBench=&TeamID=&TwoWay=&VsConference=&VsDivision=&Weight= (Caused by NameResolutionError("<urllib3.connection.HTTPSConnection object at 0x11b2907d0>: Failed to resolve 'stats.nba.com' ([Errno 8] nodename nor servname provided, or not known)"))[0m
  Fetching team stats to verify completed games for 2026-01-01...
  Error fetching completed teams: HTTPSConnectionPool(host='stats.nba.com', port=443): Max retries exceeded with url: /stats/leaguedashteamstats?Conference=&DateFrom=2026-01-01&DateTo=2026-01-01&Division=&GameScope=&GameSegment=&LastNGames=0&LeagueID=&Location=&MeasureType=Base&Month=0&OpponentTeamID=0&Outcome=&PORound=&PaceAdjust=N&PerMode=Totals&Period=0&PlayerExperience=&PlayerPosition=&PlusMinus=N&Rank=N&Season=2025-26&SeasonSegment=&SeasonType=Regular+Season&ShotClockRange=&StarterBench=&TeamID=&TwoWay=&VsConference=&VsDivision= (Caused by NameResolutionError("<urllib3.connection.HTTPSConnection object at 0x11b290cd0>: Failed to resolve 'stats.nba.com' ([Errno 8] nodename nor servname provided, or not known)"))
[96m  Fetching batch stats for 01/01/2026...[0m
[93m  Error fetching batch stats for 2026-01-01: HTTPSConnectionPool(host='stats.nba.com', port=443): Max retries exceeded with url: /stats/leaguedashplayerstats?College=&Conference=&Country=&DateFrom=01%2F01%2F2026&DateTo=01%2F01%2F2026&Division=&DraftPick=&DraftYear=&GameScope=&GameSegment=&Height=&LastNGames=0&LeagueID=&Location=&MeasureType=Base&Month=0&OpponentTeamID=0&Outcome=&PORound=&PaceAdjust=N&PerMode=PerGame&Period=0&PlayerExperience=&PlayerPosition=&PlusMinus=N&Rank=N&Season=2025-26&SeasonSegment=&SeasonType=Regular+Season&ShotClockRange=&StarterBench=&TeamID=&TwoWay=&VsConference=&VsDivision=&Weight= (Caused by NameResolutionError("<urllib3.connection.HTTPSConnection object at 0x11b291310>: Failed to resolve 'stats.nba.com' ([Errno 8] nodename nor servname provided, or not known)"))[0m
  Fetching team stats to verify completed games for 2026-01-08...
  Error fetching completed teams: HTTPSConnectionPool(host='stats.nba.com', port=443): Max retries exceeded with url: /stats/leaguedashteamstats?Conference=&DateFrom=2026-01-08&DateTo=2026-01-08&Division=&GameScope=&GameSegment=&LastNGames=0&LeagueID=&Location=&MeasureType=Base&Month=0&OpponentTeamID=0&Outcome=&PORound=&PaceAdjust=N&PerMode=Totals&Period=0&PlayerExperience=&PlayerPosition=&PlusMinus=N&Rank=N&Season=2025-26&SeasonSegment=&SeasonType=Regular+Season&ShotClockRange=&StarterBench=&TeamID=&TwoWay=&VsConference=&VsDivision= (Caused by NameResolutionError("<urllib3.connection.HTTPSConnection object at 0x11b2916d0>: Failed to resolve 'stats.nba.com' ([Errno 8] nodename nor servname provided, or not known)"))
[96m  Fetching batch stats for 01/08/2026...[0m
[93m  Error fetching batch stats for 2026-01-08: HTTPSConnectionPool(host='stats.nba.com', port=443): Max retries exceeded with url: /stats/leaguedashplayerstats?College=&Conference=&Country=&DateFrom=01%2F08%2F2026&DateTo=01%2F08%2F2026&Division=&DraftPick=&DraftYear=&GameScope=&GameSegment=&Height=&LastNGames=0&LeagueID=&Location=&MeasureType=Base&Month=0&OpponentTeamID=0&Outcome=&PORound=&PaceAdjust=N&PerMode=PerGame&Period=0&PlayerExperience=&PlayerPosition=&PlusMinus=N&Rank=N&Season=2025-26&SeasonSegment=&SeasonType=Regular+Season&ShotClockRange=&StarterBench=&TeamID=&TwoWay=&VsConference=&VsDivision=&Weight= (Caused by NameResolutionError("<urllib3.connection.HTTPSConnection object at 0x11b291090>: Failed to resolve 'stats.nba.com' ([Errno 8] nodename nor servname provided, or not known)"))[0m
  Fetching team stats to verify completed games for 2026-01-13...
  Error fetching completed teams: HTTPSConnectionPool(host='stats.nba.com', port=443): Max retries exceeded with url: /stats/leaguedashteamstats?Conference=&DateFrom=2026-01-13&DateTo=2026-01-13&Division=&GameScope=&GameSegment=&LastNGames=0&LeagueID=&Location=&MeasureType=Base&Month=0&OpponentTeamID=0&Outcome=&PORound=&PaceAdjust=N&PerMode=Totals&Period=0&PlayerExperience=&PlayerPosition=&PlusMinus=N&Rank=N&Season=2025-26&SeasonSegment=&SeasonType=Regular+Season&ShotClockRange=&StarterBench=&TeamID=&TwoWay=&VsConference=&VsDivision= (Caused by NameResolutionError("<urllib3.connection.HTTPSConnection object at 0x11b291d10>: Failed to resolve 'stats.nba.com' ([Errno 8] nodename nor servname provided, or not known)"))

[93mNo picks ready for grading yet[0m

[96mFetching REAL NBA player rebounding statistics...[0m
[92m✓ Using cached player rebounding stats (less than 6 hours old)[0m

[96mFetching opponent rebounding factors...[0m
[93m⚠ Could not fetch rebounding factors: HTTPSConnectionPool(host='stats.nba.com', port=443): Max retries exceeded with url: /stats/leaguedashteamstats?Conference=&DateFrom=&DateTo=&Division=&GameScope=&GameSegment=&LastNGames=0&LeagueID=&Location=&MeasureType=Opponent&Month=0&OpponentTeamID=0&Outcome=&PORound=&PaceAdjust=N&PerMode=Totals&Period=0&PlayerExperience=&PlayerPosition=&PlusMinus=N&Rank=N&Season=2025-26&SeasonSegment=&SeasonType=Regular+Season&ShotClockRange=&StarterBench=&TeamID=&TwoWay=&VsConference=&VsDivision= (Caused by NameResolutionError("<urllib3.connection.HTTPSConnection object at 0x11aff3d90>: Failed to resolve 'stats.nba.com' ([Errno 8] nodename nor servname provided, or not known)"))[0m

[96mFetching player rebounds prop odds...[0m
[91m✗ Error fetching props: HTTPSConnectionPool(host='api.the-odds-api.com', port=443): Max retries exceeded with url: /v4/sports/basketball_nba/events?apiKey=cf796adc9ac20a6df2247368d40fe0a0 (Caused by NameResolutionError("<urllib3.connection.HTTPSConnection object at 0x11aff3c50>: Failed to resolve 'api.the-odds-api.com' ([Errno 8] nodename nor servname provided, or not known)"))[0m

[96mAnalyzing 0 player props with REAL stats...[0m
[92m✓ Found 0 top OVER plays (A.I. Score >= 10.0)[0m
[92m✓ Found 0 top UNDER plays (A.I. Score >= 10.0)[0m

[96m==========================================================================================[0m
[96m📊 TRACKING NEW PICKS[0m
[96m==========================================================================================[0m
[96mNo new picks to track[0m

[1m[92m================================================================================[0m
[1m[92mTOP OVER PLAYS[0m
[1m[92m================================================================================[0m

[1m[91m================================================================================[0m
[1m[91mTOP UNDER PLAYS[0m
[1m[91m================================================================================[0m

[96mGenerating HTML report...[0m

[92m✓ HTML report saved: /Users/rico/sports-models/nba/nba_rebounds_props.html[0m

[1m[92m================================================================================[0m
[1m[92m✓ Model execution complete![0m
[1m[92m================================================================================[0m


==========================================
✅ Model completed successfully!
==========================================

📤 Pushing updates to GitHub...
[main 802d4dd] Update model outputs - 2026-01-13 06:12:06
 Committer: Ricardo Hill <rico@Ricos-M1-Mac-2.local>
Your name and email address were configured automatically based
on your username and hostname. Please check that they are accurate.
You can suppress this message by setting them explicitly. Run the
following command and follow the instructions in your editor to edit
your configuration file:

    git config --global --edit

After doing this, you may fix the identity used for this commit with:

    git commit --amend --reset-author

 1 file changed, 335 deletions(-)
fatal: unable to access 'https://github.com/BangLetsGetIt/NBA-NCAA-Betting-Models.git/': Could not resolve host: github.com
⚠️  Push failed - you may need to set up the GitHub remote first
==========================================
NBA Rebounds Props Model Run: Wed Jan 14 06:00:03 EST 2026
==========================================
Running NBA Rebounds Props model...

[1m[96m================================================================================[0m
[1m[96mNBA REBOUNDS PROPS A.I. MODEL[0m
[1m[96m================================================================================[0m

[96m==========================================================================================[0m
[96m🎯 GRADING PENDING PICKS[0m
[96m==========================================================================================[0m

[93m📋 Found 12 pending picks...[0m

  Fetching team stats to verify completed games for 2025-12-16...
[96m  Fetching batch stats for 12/16/2025...[0m
  Fetching team stats to verify completed games for 2025-12-30...
[96m  Fetching batch stats for 12/30/2025...[0m
  Fetching team stats to verify completed games for 2026-01-01...
[96m  Fetching batch stats for 01/01/2026...[0m
  Fetching team stats to verify completed games for 2026-01-08...
[96m  Fetching batch stats for 01/08/2026...[0m
  Fetching team stats to verify completed games for 2026-01-14...

[93mNo picks ready for grading yet[0m

[96mFetching REAL NBA player rebounding statistics...[0m
[96m  Fetching season rebounding stats...[0m
[96m  Fetching recent form (last 10 games)...[0m
[92m✓ Fetched REAL rebounding stats for 509 players[0m

[96mFetching opponent rebounding factors...[0m
[92m✓ Fetched rebounding factors for 30 teams[0m

[96mFetching player rebounds prop odds...[0m
[96m  Found 7 upcoming games[0m
[96m  Filtered to 7 upcoming games[0m
[96m  Game 1/7: Cleveland Cavaliers @ Philadelphia 76ers[0m
[96m  Game 2/7: Toronto Raptors @ Indiana Pacers[0m
[96m  Game 3/7: Brooklyn Nets @ New Orleans Pelicans[0m
[96m  Game 4/7: Utah Jazz @ Chicago Bulls[0m
[96m  Game 5/7: Denver Nuggets @ Dallas Mavericks[0m
[96m  Game 6/7: New York Knicks @ Sacramento Kings[0m
[96m  Game 7/7: Washington Wizards @ Los Angeles Clippers[0m
[92m✓ Fetched 82 player rebounds props (grouped)[0m

[96mAnalyzing 82 player props with REAL stats...[0m
[92m✓ Found 0 top OVER plays (A.I. Score >= 10.0)[0m
[92m✓ Found 2 top UNDER plays (A.I. Score >= 10.0)[0m
[93m  Skipped 3 props (no player stats found)[0m
[93m  Skipped 156 props (score below 10.0 or failed checks)[0m

[96m==========================================================================================[0m
[96m📊 TRACKING NEW PICKS[0m
[96m==========================================================================================[0m
[92m✓ Tracked 1 new picks[0m

[1m[92m================================================================================[0m
[1m[92mTOP OVER PLAYS[0m
[1m[92m================================================================================[0m

[1m[91m================================================================================[0m
[1m[91mTOP UNDER PLAYS[0m
[1m[91m================================================================================[0m
  [96m 1. Peyton Watson            [0m | [91mUNDER 7.5 REB  [0m | Denver Nuggets            vs Dallas Mavericks          | [1mA.I.: 10.00[0m | Rating: 4.2 ⭐⭐
  [96m 2. Precious Achiuwa         [0m | [91mUNDER 6.5 REB  [0m | Sacramento Kings          vs New York Knicks           | [1mA.I.: 10.00[0m | Rating: 4.1 ⭐⭐

[96mGenerating HTML report...[0m

[92m✓ HTML report saved: /Users/rico/sports-models/nba/nba_rebounds_props.html[0m

[1m[92m================================================================================[0m
[1m[92m✓ Model execution complete![0m
[1m[92m================================================================================[0m


==========================================
✅ Model completed successfully!
==========================================

📤 Pushing updates to GitHub...
[main 7b149be] Update model outputs - 2026-01-14 06:00:43
 Committer: Ricardo Hill <rico@Ricos-M1-Mac-2.local>
Your name and email address were configured automatically based
on your username and hostname. Please check that they are accurate.
You can suppress this message by setting them explicitly. Run the
following command and follow the instructions in your editor to edit
your configuration file:

    git config --global --edit

After doing this, you may fix the identity used for this commit with:

    git commit --amend --reset-author

 2 files changed, 38 insertions(+), 16 deletions(-)
To https://github.com/BangLetsGetIt/NBA-NCAA-Betting-Models.git
   b5cc2dd..7b149be  main -> main
✅ Successfully pushed to GitHub!
==========================================
NBA Rebounds Props Model Run: Thu Jan 15 06:00:04 EST 2026
==========================================
Running NBA Rebounds Props model...

[1m[96m================================================================================[0m
[1m[96mNBA REBOUNDS PROPS A.I. MODEL[0m
[1m[96m================================================================================[0m

[96m==========================================================================================[0m
[96m🎯 GRADING PENDING PICKS[0m
[96m==========================================================================================[0m

[93m📋 Found 13 pending picks...[0m

  Fetching team stats to verify completed games for 2025-12-16...
[96m  Fetching batch stats for 12/16/2025...[0m
  Fetching team stats to verify completed games for 2025-12-30...
[96m  Fetching batch stats for 12/30/2025...[0m
  Fetching team stats to verify completed games for 2026-01-01...
[96m  Fetching batch stats for 01/01/2026...[0m
  Fetching team stats to verify completed games for 2026-01-08...
[96m  Fetching batch stats for 01/08/2026...[0m
  Fetching team stats to verify completed games for 2026-01-15...

[93mNo picks ready for grading yet[0m

[96mFetching REAL NBA player rebounding statistics...[0m
[92m✓ Using cached player rebounding stats (less than 6 hours old)[0m

[96mFetching opponent rebounding factors...[0m
[92m✓ Using cached rebounding factors[0m

[96mFetching player rebounds prop odds...[0m
[96m  Found 9 upcoming games[0m
[96m  Filtered to 9 upcoming games[0m
[96m  Game 1/9: Memphis Grizzlies @ Orlando Magic[0m
[96m  Game 2/9: Phoenix Suns @ Detroit Pistons[0m
[96m  Game 3/9: Boston Celtics @ Miami Heat[0m
[96m  Game 4/9: Oklahoma City Thunder @ Houston Rockets[0m
[96m  Game 5/9: Milwaukee Bucks @ San Antonio Spurs[0m
[96m  Game 6/9: Utah Jazz @ Dallas Mavericks[0m
[96m  Game 7/9: Atlanta Hawks @ Portland Trail Blazers[0m
[96m  Game 8/9: New York Knicks @ Golden State Warriors[0m
[96m  Game 9/9: Charlotte Hornets @ Los Angeles Lakers[0m
[92m✓ Fetched 121 player rebounds props (grouped)[0m

[96mAnalyzing 121 player props with REAL stats...[0m
[92m✓ Found 3 top OVER plays (A.I. Score >= 10.0)[0m
[92m✓ Found 0 top UNDER plays (A.I. Score >= 10.0)[0m
[93m  Skipped 4 props (no player stats found)[0m
[93m  Skipped 231 props (score below 10.0 or failed checks)[0m

[96m==========================================================================================[0m
[96m📊 TRACKING NEW PICKS[0m
[96m==========================================================================================[0m
[93m✓ Updated odds for 2 existing picks[0m

[1m[92m================================================================================[0m
[1m[92mTOP OVER PLAYS[0m
[1m[92m================================================================================[0m
  [96m 1. Franz Wagner             [0m | [92mOVER 4.5 REB   [0m | Orlando Magic             vs Memphis Grizzlies         | [1mA.I.: 10.00[0m | Rating: 4.9 ⭐⭐
  [96m 2. Moe Wagner               [0m | [92mOVER 3.5 REB   [0m | Orlando Magic             vs Memphis Grizzlies         | [1mA.I.: 10.00[0m | Rating: 4.9 ⭐⭐
  [96m 3. Mitchell Robinson        [0m | [92mOVER 7.5 REB   [0m | New York Knicks           vs Golden State Warriors     | [1mA.I.: 10.00[0m | Rating: 4.4 ⭐⭐

[1m[91m================================================================================[0m
[1m[91mTOP UNDER PLAYS[0m
[1m[91m================================================================================[0m

[96mGenerating HTML report...[0m

[92m✓ HTML report saved: /Users/rico/sports-models/nba/nba_rebounds_props.html[0m

[1m[92m================================================================================[0m
[1m[92m✓ Model execution complete![0m
[1m[92m================================================================================[0m


==========================================
✅ Model completed successfully!
==========================================

📤 Pushing updates to GitHub...
[main 3e7d260] Update model outputs - 2026-01-15 06:00:38
 Committer: Ricardo Hill <rico@Ricos-M1-Mac-2.local>
Your name and email address were configured automatically based
on your username and hostname. Please check that they are accurate.
You can suppress this message by setting them explicitly. Run the
following command and follow the instructions in your editor to edit
your configuration file:

    git config --global --edit

After doing this, you may fix the identity used for this commit with:

    git commit --amend --reset-author

 2 files changed, 12 insertions(+), 11 deletions(-)
To https://github.com/BangLetsGetIt/NBA-NCAA-Betting-Models.git
   ed00bb9..3e7d260  main -> main
✅ Successfully pushed to GitHub!
==========================================
NBA Rebounds Props Model Run: Fri Jan 16 06:00:05 EST 2026
==========================================
Running NBA Rebounds Props model...

[1m[96m================================================================================[0m
[1m[96mNBA REBOUNDS PROPS A.I. MODEL[0m
[1m[96m================================================================================[0m

[96m==========================================================================================[0m
[96m🎯 GRADING PENDING PICKS[0m
[96m==========================================================================================[0m

[93m📋 Found 11 pending picks...[0m

  Fetching team stats to verify completed games for 2025-12-16...
[96m  Fetching batch stats for 12/16/2025...[0m
  Fetching team stats to verify completed games for 2025-12-30...
[96m  Fetching batch stats for 12/30/2025...[0m
  Fetching team stats to verify completed games for 2026-01-01...
[96m  Fetching batch stats for 01/01/2026...[0m
  Fetching team stats to verify completed games for 2026-01-08...
[96m  Fetching batch stats for 01/08/2026...[0m
  Fetching team stats to verify completed games for 2026-01-16...

[93mNo picks ready for grading yet[0m

[96mFetching REAL NBA player rebounding statistics...[0m
[92m✓ Using cached player rebounding stats (less than 6 hours old)[0m

[96mFetching opponent rebounding factors...[0m
[92m✓ Using cached rebounding factors[0m

[96mFetching player rebounds prop odds...[0m
[96m  Found 7 upcoming games[0m
[96m  Filtered to 7 upcoming games[0m
[96m  Game 1/7: Cleveland Cavaliers @ Philadelphia 76ers[0m
[96m  Game 2/7: New Orleans Pelicans @ Indiana Pacers[0m
[96m  Game 3/7: Chicago Bulls @ Brooklyn Nets[0m
[96m  Game 4/7: Los Angeles Clippers @ Toronto Raptors[0m
[96m  Game 5/7: Minnesota Timberwolves @ Houston Rockets[0m
[96m  Game 6/7: Washington Wizards @ Sacramento Kings[0m
[96m  Game 7/7: Orlando Magic @ Memphis Grizzlies[0m
[92m✓ Fetched 71 player rebounds props (grouped)[0m

[96mAnalyzing 71 player props with REAL stats...[0m
[92m✓ Found 1 top OVER plays (A.I. Score >= 10.0)[0m
[92m✓ Found 0 top UNDER plays (A.I. Score >= 10.0)[0m
[93m  Skipped 3 props (no player stats found)[0m
[93m  Skipped 135 props (score below 10.0 or failed checks)[0m

[96m==========================================================================================[0m
[96m📊 TRACKING NEW PICKS[0m
[96m==========================================================================================[0m
[93m✓ Updated odds for 1 existing picks[0m

[1m[92m================================================================================[0m
[1m[92mTOP OVER PLAYS[0m
[1m[92m================================================================================[0m
  [96m 1. Domantas Sabonis         [0m | [92mOVER 9.5 REB   [0m | Sacramento Kings          vs Washington Wizards        | [1mA.I.: 10.00[0m | Rating: 4.9 ⭐⭐

[1m[91m================================================================================[0m
[1m[91mTOP UNDER PLAYS[0m
[1m[91m================================================================================[0m

[96mGenerating HTML report...[0m

[92m✓ HTML report saved: /Users/rico/sports-models/nba/nba_rebounds_props.html[0m

[1m[92m================================================================================[0m
[1m[92m✓ Model execution complete![0m
[1m[92m================================================================================[0m


==========================================
✅ Model completed successfully!
==========================================

📤 Pushing updates to GitHub...
[main 7685ea9] Update model outputs - 2026-01-16 06:00:35
 Committer: Ricardo Hill <rico@Ricos-M1-Mac-2.local>
Your name and email address were configured automatically based
on your username and hostname. Please check that they are accurate.
You can suppress this message by setting them explicitly. Run the
following command and follow the instructions in your editor to edit
your configuration file:

    git config --global --edit

After doing this, you may fix the identity used for this commit with:

    git commit --amend --reset-author

 2 files changed, 6 insertions(+), 5 deletions(-)
To https://github.com/BangLetsGetIt/NBA-NCAA-Betting-Models.git
   859c639..7685ea9  main -> main
✅ Successfully pushed to GitHub!
==========================================
NBA Rebounds Props Model Run: Sun Jan 18 06:00:04 EST 2026
==========================================
Running NBA Rebounds Props model...

[1m[96m================================================================================[0m
[1m[96mNBA REBOUNDS PROPS A.I. MODEL[0m
[1m[96m================================================================================[0m

[96m==========================================================================================[0m
[96m🎯 GRADING PENDING PICKS[0m
[96m==========================================================================================[0m

[93m📋 Found 13 pending picks...[0m

  Fetching team stats to verify completed games for 2025-12-16...
[96m  Fetching batch stats for 12/16/2025...[0m
  Fetching team stats to verify completed games for 2025-12-30...
[96m  Fetching batch stats for 12/30/2025...[0m
  Fetching team stats to verify completed games for 2026-01-01...
[96m  Fetching batch stats for 01/01/2026...[0m
  Fetching team stats to verify completed games for 2026-01-08...
[96m  Fetching batch stats for 01/08/2026...[0m
  Fetching team stats to verify completed games for 2026-01-18...

[93mNo picks ready for grading yet[0m

[96mFetching REAL NBA player rebounding statistics...[0m
[92m✓ Using cached player rebounding stats (less than 6 hours old)[0m

[96mFetching opponent rebounding factors...[0m
[92m✓ Using cached rebounding factors[0m

[96mFetching player rebounds prop odds...[0m
[96m  Found 6 upcoming games[0m
[96m  Filtered to 6 upcoming games[0m
[96m  Game 1/6: Orlando Magic @ Memphis Grizzlies[0m
[96m  Game 2/6: Brooklyn Nets @ Chicago Bulls[0m
[96m  Game 3/6: New Orleans Pelicans @ Houston Rockets[0m
[96m  Game 4/6: Charlotte Hornets @ Denver Nuggets[0m
[96m  Game 5/6: Portland Trail Blazers @ Sacramento Kings[0m
[96m  Game 6/6: Toronto Raptors @ Los Angeles Lakers[0m
[92m✓ Fetched 69 player rebounds props (grouped)[0m

[96mAnalyzing 69 player props with REAL stats...[0m
[92m✓ Found 3 top OVER plays (A.I. Score >= 10.0)[0m
[92m✓ Found 0 top UNDER plays (A.I. Score >= 10.0)[0m
[93m  Skipped 3 props (no player stats found)[0m
[93m  Skipped 129 props (score below 10.0 or failed checks)[0m

[96m==========================================================================================[0m
[96m📊 TRACKING NEW PICKS[0m
[96m==========================================================================================[0m
[93m✓ Updated odds for 2 existing picks[0m

[1m[92m================================================================================[0m
[1m[92mTOP OVER PLAYS[0m
[1m[92m================================================================================[0m
  [96m 1. Franz Wagner             [0m | [92mOVER 4.5 REB   [0m | Orlando Magic             vs Memphis Grizzlies         | [1mA.I.: 10.00[0m | Rating: 4.9 ⭐⭐
  [96m 2. Tari Eason               [0m | [92mOVER 4.5 REB   [0m | Houston Rockets           vs New Orleans Pelicans      | [1mA.I.: 10.00[0m | Rating: 4.9 ⭐⭐
  [96m 3. Steven Adams             [0m | [92mOVER 6.5 REB   [0m | Houston Rockets           vs New Orleans Pelicans      | [1mA.I.: 10.00[0m | Rating: 4.6 ⭐⭐

[1m[91m================================================================================[0m
[1m[91mTOP UNDER PLAYS[0m
[1m[91m================================================================================[0m

[96mGenerating HTML report...[0m

[92m✓ HTML report saved: /Users/rico/sports-models/nba/nba_rebounds_props.html[0m

[1m[92m================================================================================[0m
[1m[92m✓ Model execution complete![0m
[1m[92m================================================================================[0m


==========================================
✅ Model completed successfully!
==========================================

📤 Pushing updates to GitHub...
[main 6bf0e7a] Update model outputs - 2026-01-18 06:00:10
 Committer: Ricardo Hill <rico@Ricos-M1-Mac-2.local>
Your name and email address were configured automatically based
on your username and hostname. Please check that they are accurate.
You can suppress this message by setting them explicitly. Run the
following command and follow the instructions in your editor to edit
your configuration file:

    git config --global --edit

After doing this, you may fix the identity used for this commit with:

    git commit --amend --reset-author

 2 files changed, 12 insertions(+), 11 deletions(-)
To https://github.com/BangLetsGetIt/NBA-NCAA-Betting-Models.git
   e639e99..6bf0e7a  main -> main
✅ Successfully pushed to GitHub!
==========================================
NBA Rebounds Props Model Run: Mon Jan 19 06:00:04 EST 2026
==========================================
Running NBA Rebounds Props model...

[1m[96m================================================================================[0m
[1m[96mNBA REBOUNDS PROPS A.I. MODEL[0m
[1m[96m================================================================================[0m

[96m==========================================================================================[0m
[96m🎯 GRADING PENDING PICKS[0m
[96m==========================================================================================[0m

[93m📋 Found 12 pending picks...[0m

  Fetching team stats to verify completed games for 2025-12-16...
[96m  Fetching batch stats for 12/16/2025...[0m
  Fetching team stats to verify completed games for 2025-12-30...
[96m  Fetching batch stats for 12/30/2025...[0m
  Fetching team stats to verify completed games for 2026-01-01...
[96m  Fetching batch stats for 01/01/2026...[0m
  Fetching team stats to verify completed games for 2026-01-08...
[96m  Fetching batch stats for 01/08/2026...[0m
  Fetching team stats to verify completed games for 2026-01-19...

[93mNo picks ready for grading yet[0m

[96mFetching REAL NBA player rebounding statistics...[0m
[92m✓ Using cached player rebounding stats (less than 6 hours old)[0m

[96mFetching opponent rebounding factors...[0m
[92m✓ Using cached rebounding factors[0m

[96mFetching player rebounds prop odds...[0m
[96m  Found 9 upcoming games[0m
[96m  Filtered to 9 upcoming games[0m
[96m  Game 1/9: Milwaukee Bucks @ Atlanta Hawks[0m
[96m  Game 2/9: Oklahoma City Thunder @ Cleveland Cavaliers[0m
[96m  Game 3/9: Los Angeles Clippers @ Washington Wizards[0m
[96m  Game 4/9: Dallas Mavericks @ New York Knicks[0m
[96m  Game 5/9: Utah Jazz @ San Antonio Spurs[0m
[96m  Game 6/9: Indiana Pacers @ Philadelphia 76ers[0m
[96m  Game 7/9: Phoenix Suns @ Brooklyn Nets[0m
[96m  Game 8/9: Boston Celtics @ Detroit Pistons[0m
[96m  Game 9/9: Miami Heat @ Golden State Warriors[0m
[92m✓ Fetched 112 player rebounds props (grouped)[0m

[96mAnalyzing 112 player props with REAL stats...[0m
[92m✓ Found 0 top OVER plays (A.I. Score >= 10.0)[0m
[92m✓ Found 2 top UNDER plays (A.I. Score >= 10.0)[0m
[93m  Skipped 2 props (no player stats found)[0m
[93m  Skipped 218 props (score below 10.0 or failed checks)[0m

[96m==========================================================================================[0m
[96m📊 TRACKING NEW PICKS[0m
[96m==========================================================================================[0m
[93m✓ Updated odds for 1 existing picks[0m

[1m[92m================================================================================[0m
[1m[92mTOP OVER PLAYS[0m
[1m[92m================================================================================[0m

[1m[91m================================================================================[0m
[1m[91mTOP UNDER PLAYS[0m
[1m[91m================================================================================[0m
  [96m 1. Mark Williams            [0m | [91mUNDER 9.5 REB  [0m | Phoenix Suns              vs Brooklyn Nets             | [1mA.I.: 10.00[0m | Rating: 4.6 ⭐⭐
  [96m 2. Onyeka Okongwu           [0m | [91mUNDER 9.5 REB  [0m | Atlanta Hawks             vs Milwaukee Bucks           | [1mA.I.: 10.00[0m | Rating: 4.2 ⭐⭐

[96mGenerating HTML report...[0m

[92m✓ HTML report saved: /Users/rico/sports-models/nba/nba_rebounds_props.html[0m

[1m[92m================================================================================[0m
[1m[92m✓ Model execution complete![0m
[1m[92m================================================================================[0m


==========================================
✅ Model completed successfully!
==========================================

📤 Pushing updates to GitHub...
[main 36f71cd] Update model outputs - 2026-01-19 06:00:46
 Committer: Ricardo Hill <rico@Ricos-M1-Mac-2.local>
Your name and email address were configured automatically based
on your username and hostname. Please check that they are accurate.
You can suppress this message by setting them explicitly. Run the
following command and follow the instructions in your editor to edit
your configuration file:

    git config --global --edit

After doing this, you may fix the identity used for this commit with:

    git commit --amend --reset-author

 2 files changed, 29 insertions(+), 28 deletions(-)
To https://github.com/BangLetsGetIt/NBA-NCAA-Betting-Models.git
   5893d0f..36f71cd  main -> main
✅ Successfully pushed to GitHub!
==========================================
NBA Rebounds Props Model Run: Tue Jan 20 06:00:04 EST 2026
==========================================
Running NBA Rebounds Props model...

[1m[96m================================================================================[0m
[1m[96mNBA REBOUNDS PROPS A.I. MODEL[0m
[1m[96m================================================================================[0m

[96m==========================================================================================[0m
[96m🎯 GRADING PENDING PICKS[0m
[96m==========================================================================================[0m

[93m📋 Found 14 pending picks...[0m

  Fetching team stats to verify completed games for 2025-12-16...
[96m  Fetching batch stats for 12/16/2025...[0m
  Fetching team stats to verify completed games for 2025-12-30...
[96m  Fetching batch stats for 12/30/2025...[0m
  Fetching team stats to verify completed games for 2026-01-01...
[96m  Fetching batch stats for 01/01/2026...[0m
  Fetching team stats to verify completed games for 2026-01-08...
[96m  Fetching batch stats for 01/08/2026...[0m
  Fetching team stats to verify completed games for 2026-01-20...

[93mNo picks ready for grading yet[0m

[96mFetching REAL NBA player rebounding statistics...[0m
[92m✓ Using cached player rebounding stats (less than 6 hours old)[0m

[96mFetching opponent rebounding factors...[0m
[92m✓ Using cached rebounding factors[0m

[96mFetching player rebounds prop odds...[0m
[96m  Found 7 upcoming games[0m
[96m  Filtered to 7 upcoming games[0m
[96m  Game 1/7: Phoenix Suns @ Philadelphia 76ers[0m
[96m  Game 2/7: Los Angeles Clippers @ Chicago Bulls[0m
[96m  Game 3/7: San Antonio Spurs @ Houston Rockets[0m
[96m  Game 4/7: Minnesota Timberwolves @ Utah Jazz[0m
[96m  Game 5/7: Los Angeles Lakers @ Denver Nuggets[0m
[96m  Game 6/7: Toronto Raptors @ Golden State Warriors[0m
[96m  Game 7/7: Miami Heat @ Sacramento Kings[0m
[92m✓ Fetched 83 player rebounds props (grouped)[0m

[96mAnalyzing 83 player props with REAL stats...[0m
[92m✓ Found 0 top OVER plays (A.I. Score >= 10.0)[0m
[92m✓ Found 5 top UNDER plays (A.I. Score >= 10.0)[0m
[93m  Skipped 3 props (no player stats found)[0m
[93m  Skipped 155 props (score below 10.0 or failed checks)[0m

[96m==========================================================================================[0m
[96m📊 TRACKING NEW PICKS[0m
[96m==========================================================================================[0m
[92m✓ Tracked 1 new picks[0m
[93m✓ Updated odds for 4 existing picks[0m

[1m[92m================================================================================[0m
[1m[92mTOP OVER PLAYS[0m
[1m[92m================================================================================[0m

[1m[91m================================================================================[0m
[1m[91mTOP UNDER PLAYS[0m
[1m[91m================================================================================[0m
  [96m 1. Buddy Hield              [0m | [91mUNDER 3.5 REB  [0m | Golden State Warriors     vs Toronto Raptors           | [1mA.I.: 10.00[0m | Rating: 4.9 ⭐⭐
  [96m 2. Ochai Agbaji             [0m | [91mUNDER 3.5 REB  [0m | Toronto Raptors           vs Golden State Warriors     | [1mA.I.: 10.00[0m | Rating: 4.9 ⭐⭐
  [96m 3. Sandro Mamukelashvili    [0m | [91mUNDER 7.5 REB  [0m | Toronto Raptors           vs Golden State Warriors     | [1mA.I.: 10.00[0m | Rating: 4.6 ⭐⭐
  [96m 4. Will Richard             [0m | [91mUNDER 4.5 REB  [0m | Golden State Warriors     vs Toronto Raptors           | [1mA.I.: 10.00[0m | Rating: 3.8 ⭐
  [96m 5. Quinten Post             [0m | [91mUNDER 5.5 REB  [0m | Golden State Warriors     vs Toronto Raptors           | [1mA.I.: 10.00[0m | Rating: 3.6 ⭐

[96mGenerating HTML report...[0m

[92m✓ HTML report saved: /Users/rico/sports-models/nba/nba_rebounds_props.html[0m

[1m[92m================================================================================[0m
[1m[92m✓ Model execution complete![0m
[1m[92m================================================================================[0m


==========================================
✅ Model completed successfully!
==========================================

📤 Pushing updates to GitHub...
[main 414f17e] Update model outputs - 2026-01-20 06:00:35
 Committer: Ricardo Hill <rico@Ricos-M1-Mac-2.local>
Your name and email address were configured automatically based
on your username and hostname. Please check that they are accurate.
You can suppress this message by setting them explicitly. Run the
following command and follow the instructions in your editor to edit
your configuration file:

    git config --global --edit

After doing this, you may fix the identity used for this commit with:

    git commit --amend --reset-author

 2 files changed, 119 insertions(+), 34 deletions(-)
To https://github.com/BangLetsGetIt/NBA-NCAA-Betting-Models.git
   3dc5d8b..414f17e  main -> main
✅ Successfully pushed to GitHub!
==========================================
NBA Rebounds Props Model Run: Wed Jan 21 06:00:01 EST 2026
==========================================
Running NBA Rebounds Props model...

[1m[96m================================================================================[0m
[1m[96mNBA REBOUNDS PROPS A.I. MODEL[0m
[1m[96m================================================================================[0m

[96m==========================================================================================[0m
[96m🎯 GRADING PENDING PICKS[0m
[96m==========================================================================================[0m

[93m📋 Found 11 pending picks...[0m

  Fetching team stats to verify completed games for 2025-12-16...
[96m  Fetching batch stats for 12/16/2025...[0m
  Fetching team stats to verify completed games for 2025-12-30...
[96m  Fetching batch stats for 12/30/2025...[0m
  Fetching team stats to verify completed games for 2026-01-01...
[96m  Fetching batch stats for 01/01/2026...[0m
  Fetching team stats to verify completed games for 2026-01-08...
[96m  Fetching batch stats for 01/08/2026...[0m
  Fetching team stats to verify completed games for 2026-01-21...

[93mNo picks ready for grading yet[0m

[96mFetching REAL NBA player rebounding statistics...[0m
[92m✓ Using cached player rebounding stats (less than 6 hours old)[0m

[96mFetching opponent rebounding factors...[0m
[92m✓ Using cached rebounding factors[0m

[96mFetching player rebounds prop odds...[0m
[96m  Found 7 upcoming games[0m
[96m  Filtered to 7 upcoming games[0m
[96m  Game 1/7: Cleveland Cavaliers @ Charlotte Hornets[0m
[96m  Game 2/7: Indiana Pacers @ Boston Celtics[0m
[96m  Game 3/7: Brooklyn Nets @ New York Knicks[0m
[96m  Game 4/7: Atlanta Hawks @ Memphis Grizzlies[0m
[96m  Game 5/7: Detroit Pistons @ New Orleans Pelicans[0m
[96m  Game 6/7: Oklahoma City Thunder @ Milwaukee Bucks[0m
[96m  Game 7/7: Toronto Raptors @ Sacramento Kings[0m
[92m✓ Fetched 86 player rebounds props (grouped)[0m

[96mAnalyzing 86 player props with REAL stats...[0m
[92m✓ Found 1 top OVER plays (A.I. Score >= 10.0)[0m
[92m✓ Found 0 top UNDER plays (A.I. Score >= 10.0)[0m
[93m  Skipped 3 props (no player stats found)[0m
[93m  Skipped 165 props (score below 10.0 or failed checks)[0m

[96m==========================================================================================[0m
[96m📊 TRACKING NEW PICKS[0m
[96m==========================================================================================[0m
[96mNo new picks to track[0m

[1m[92m================================================================================[0m
[1m[92mTOP OVER PLAYS[0m
[1m[92m================================================================================[0m
  [96m 1. Trey Murphy III          [0m | [92mOVER 4.5 REB   [0m | New Orleans Pelicans      vs Detroit Pistons           | [1mA.I.: 10.00[0m | Rating: 4.9 ⭐⭐

[1m[91m================================================================================[0m
[1m[91mTOP UNDER PLAYS[0m
[1m[91m================================================================================[0m

[96mGenerating HTML report...[0m

[92m✓ HTML report saved: /Users/rico/sports-models/nba/nba_rebounds_props.html[0m

[1m[92m================================================================================[0m
[1m[92m✓ Model execution complete![0m
[1m[92m================================================================================[0m


==========================================
✅ Model completed successfully!
==========================================

📤 Pushing updates to GitHub...
No changes to commit
==========================================
NBA Rebounds Props Model Run: Fri Jan 23 06:00:05 EST 2026
==========================================
Running NBA Rebounds Props model...

[1m[96m================================================================================[0m
[1m[96mNBA REBOUNDS PROPS A.I. MODEL[0m
[1m[96m================================================================================[0m

[96m==========================================================================================[0m
[96m🎯 GRADING PENDING PICKS[0m
[96m==========================================================================================[0m

[93m📋 Found 16 pending picks...[0m

  Fetching team stats to verify completed games for 2025-12-16...
[96m  Fetching batch stats for 12/16/2025...[0m
  Fetching team stats to verify completed games for 2025-12-30...
[96m  Fetching batch stats for 12/30/2025...[0m
  Fetching team stats to verify completed games for 2026-01-01...
[96m  Fetching batch stats for 01/01/2026...[0m
  Fetching team stats to verify completed games for 2026-01-08...
[96m  Fetching batch stats for 01/08/2026...[0m
  Fetching team stats to verify completed games for 2026-01-23...

[93mNo picks ready for grading yet[0m

[96mFetching REAL NBA player rebounding statistics...[0m
[92m✓ Using cached player rebounding stats (less than 6 hours old)[0m

[96mFetching opponent rebounding factors...[0m
[92m✓ Using cached rebounding factors[0m

[96mFetching player rebounds prop odds...[0m
[96m  Found 8 upcoming games[0m
[96m  Filtered to 8 upcoming games[0m
[96m  Game 1/8: Houston Rockets @ Detroit Pistons[0m
[96m  Game 2/8: Phoenix Suns @ Atlanta Hawks[0m
[96m  Game 3/8: Boston Celtics @ Brooklyn Nets[0m
[96m  Game 4/8: Sacramento Kings @ Cleveland Cavaliers[0m
[96m  Game 5/8: Denver Nuggets @ Milwaukee Bucks[0m
[96m  Game 6/8: New Orleans Pelicans @ Memphis Grizzlies[0m
[96m  Game 7/8: Indiana Pacers @ Oklahoma City Thunder[0m
[96m  Game 8/8: Toronto Raptors @ Portland Trail Blazers[0m
[92m✓ Fetched 0 player rebounds props (grouped)[0m

[96mAnalyzing 0 player props with REAL stats...[0m
[92m✓ Found 0 top OVER plays (A.I. Score >= 10.0)[0m
[92m✓ Found 0 top UNDER plays (A.I. Score >= 10.0)[0m

[96m==========================================================================================[0m
[96m📊 TRACKING NEW PICKS[0m
[96m==========================================================================================[0m
[96mNo new picks to track[0m

[1m[92m================================================================================[0m
[1m[92mTOP OVER PLAYS[0m
[1m[92m================================================================================[0m

[1m[91m================================================================================[0m
[1m[91mTOP UNDER PLAYS[0m
[1m[91m================================================================================[0m

[96mGenerating HTML report...[0m

[92m✓ HTML report saved: /Users/rico/sports-models/nba/nba_rebounds_props.html[0m

[1m[92m================================================================================[0m
[1m[92m✓ Model execution complete![0m
[1m[92m================================================================================[0m


==========================================
✅ Model completed successfully!
==========================================

📤 Pushing updates to GitHub...
No changes to commit
==========================================
NBA Rebounds Props Model Run: Sat Jan 24 06:08:53 EST 2026
==========================================
Running NBA Rebounds Props model...

[1m[96m================================================================================[0m
[1m[96mNBA REBOUNDS PROPS A.I. MODEL[0m
[1m[96m================================================================================[0m

[96m==========================================================================================[0m
[96m🎯 GRADING PENDING PICKS[0m
[96m==========================================================================================[0m

[93m📋 Found 11 pending picks...[0m

  Fetching team stats to verify completed games for 2025-12-16...
[96m  Fetching batch stats for 12/16/2025...[0m
  Fetching team stats to verify completed games for 2025-12-30...
[96m  Fetching batch stats for 12/30/2025...[0m
[93m  Error fetching batch stats for 2025-12-30: HTTPSConnectionPool(host='stats.nba.com', port=443): Read timed out. (read timeout=30)[0m
  Fetching team stats to verify completed games for 2026-01-01...
[96m  Fetching batch stats for 01/01/2026...[0m
[93m  Error fetching batch stats for 2026-01-01: HTTPSConnectionPool(host='stats.nba.com', port=443): Read timed out. (read timeout=30)[0m
  Fetching team stats to verify completed games for 2026-01-08...
  Error fetching completed teams: HTTPSConnectionPool(host='stats.nba.com', port=443): Read timed out. (read timeout=30)
[96m  Fetching batch stats for 01/08/2026...[0m
[93m  Error fetching batch stats for 2026-01-08: HTTPSConnectionPool(host='stats.nba.com', port=443): Read timed out. (read timeout=30)[0m
  Fetching team stats to verify completed games for 2026-01-24...

[93mNo picks ready for grading yet[0m

[96mFetching REAL NBA player rebounding statistics...[0m
[96m  Fetching season rebounding stats...[0m
[96m  Fetching recent form (last 10 games)...[0m
[92m✓ Fetched REAL rebounding stats for 513 players[0m

[96mFetching opponent rebounding factors...[0m
[92m✓ Fetched rebounding factors for 30 teams[0m

[96mFetching player rebounds prop odds...[0m
[96m  Found 7 upcoming games[0m
[96m  Filtered to 7 upcoming games[0m
[96m  Game 1/7: Washington Wizards @ Charlotte Hornets[0m
[96m  Game 2/7: New York Knicks @ Philadelphia 76ers[0m
[96m  Game 3/7: Golden State Warriors @ Minnesota Timberwolves[0m
[96m  Game 4/7: Cleveland Cavaliers @ Orlando Magic[0m
[96m  Game 5/7: Boston Celtics @ Chicago Bulls[0m
[96m  Game 6/7: Los Angeles Lakers @ Dallas Mavericks[0m
[96m  Game 7/7: Miami Heat @ Utah Jazz[0m
[92m✓ Fetched 80 player rebounds props (grouped)[0m

[96mAnalyzing 80 player props with REAL stats...[0m
[92m✓ Found 0 top OVER plays (A.I. Score >= 10.0)[0m
[92m✓ Found 1 top UNDER plays (A.I. Score >= 10.0)[0m
[93m  Skipped 3 props (no player stats found)[0m
[93m  Skipped 153 props (score below 10.0 or failed checks)[0m

[96m==========================================================================================[0m
[96m📊 TRACKING NEW PICKS[0m
[96m==========================================================================================[0m
[92m✓ Tracked 1 new picks[0m

[1m[92m================================================================================[0m
[1m[92mTOP OVER PLAYS[0m
[1m[92m================================================================================[0m

[1m[91m================================================================================[0m
[1m[91mTOP UNDER PLAYS[0m
[1m[91m================================================================================[0m
  [96m 1. Justin Champagnie        [0m | [91mUNDER 7.5 REB  [0m | Washington Wizards        vs Charlotte Hornets         | [1mA.I.: 10.00[0m | Rating: 4.9 ⭐⭐

[96mGenerating HTML report...[0m

[92m✓ HTML report saved: /Users/rico/sports-models/nba/nba_rebounds_props.html[0m

[1m[92m================================================================================[0m
[1m[92m✓ Model execution complete![0m
[1m[92m================================================================================[0m


==========================================
✅ Model completed successfully!
==========================================

📤 Pushing updates to GitHub...
[main 2eb93d25] Update model outputs - 2026-01-24 08:53:15
 Committer: Ricardo Hill <rico@MacBookAir.lan>
Your name and email address were configured automatically based
on your username and hostname. Please check that they are accurate.
You can suppress this message by setting them explicitly. Run the
following command and follow the instructions in your editor to edit
your configuration file:

    git config --global --edit

After doing this, you may fix the identity used for this commit with:

    git commit --amend --reset-author

 2 files changed, 83 insertions(+)
To https://github.com/BangLetsGetIt/NBA-NCAA-Betting-Models.git
   07d60af8..2eb93d25  main -> main
✅ Successfully pushed to GitHub!
==========================================
NBA Rebounds Props Model Run: Sun Jan 25 06:00:00 EST 2026
==========================================
Running NBA Rebounds Props model...

[1m[96m================================================================================[0m
[1m[96mNBA REBOUNDS PROPS A.I. MODEL[0m
[1m[96m================================================================================[0m

[96m==========================================================================================[0m
[96m🎯 GRADING PENDING PICKS[0m
[96m==========================================================================================[0m

[93m📋 Found 16 pending picks...[0m

  Fetching team stats to verify completed games for 2025-12-16...
[96m  Fetching batch stats for 12/16/2025...[0m
  Fetching team stats to verify completed games for 2025-12-30...
[96m  Fetching batch stats for 12/30/2025...[0m
  Fetching team stats to verify completed games for 2026-01-01...
[96m  Fetching batch stats for 01/01/2026...[0m
  Fetching team stats to verify completed games for 2026-01-08...
[96m  Fetching batch stats for 01/08/2026...[0m
  Fetching team stats to verify completed games for 2026-01-25...

[93mNo picks ready for grading yet[0m

[96mFetching REAL NBA player rebounding statistics...[0m
[96m  Fetching season rebounding stats...[0m
[96m  Fetching recent form (last 10 games)...[0m
[92m✓ Fetched REAL rebounding stats for 513 players[0m

[96mFetching opponent rebounding factors...[0m
[92m✓ Fetched rebounding factors for 30 teams[0m

[96mFetching player rebounds prop odds...[0m
[96m  Found 8 upcoming games[0m
[96m  Filtered to 8 upcoming games[0m
[96m  Game 1/8: Sacramento Kings @ Detroit Pistons[0m
[96m  Game 2/8: Denver Nuggets @ Memphis Grizzlies[0m
[96m  Game 3/8: Golden State Warriors @ Minnesota Timberwolves[0m
[96m  Game 4/8: Dallas Mavericks @ Milwaukee Bucks[0m
[96m  Game 5/8: New Orleans Pelicans @ San Antonio Spurs[0m
[96m  Game 6/8: Toronto Raptors @ Oklahoma City Thunder[0m
[96m  Game 7/8: Miami Heat @ Phoenix Suns[0m
[96m  Game 8/8: Brooklyn Nets @ Los Angeles Clippers[0m
[92m✓ Fetched 96 player rebounds props (grouped)[0m

[96mAnalyzing 96 player props with REAL stats...[0m
[92m✓ Found 2 top OVER plays (A.I. Score >= 10.0)[0m
[92m✓ Found 4 top UNDER plays (A.I. Score >= 10.0)[0m
[93m  Skipped 2 props (no player stats found)[0m
[93m  Skipped 182 props (score below 10.0 or failed checks)[0m

[96m==========================================================================================[0m
[96m📊 TRACKING NEW PICKS[0m
[96m==========================================================================================[0m
[96mNo new picks to track[0m

[1m[92m================================================================================[0m
[1m[92mTOP OVER PLAYS[0m
[1m[92m================================================================================[0m
  [96m 1. Domantas Sabonis         [0m | [92mOVER 9.5 REB   [0m | Sacramento Kings          vs Detroit Pistons           | [1mA.I.: 10.00[0m | Rating: 4.3 ⭐⭐
  [96m 2. R.J. Barrett             [0m | [92mOVER 3.5 REB   [0m | Oklahoma City Thunder     vs Toronto Raptors           | [1mA.I.: 10.00[0m | Rating: 4.0 ⭐⭐

[1m[91m================================================================================[0m
[1m[91mTOP UNDER PLAYS[0m
[1m[91m================================================================================[0m
  [96m 1. Oso Ighodaro             [0m | [91mUNDER 5.5 REB  [0m | Phoenix Suns              vs Miami Heat                | [1mA.I.: 10.00[0m | Rating: 4.9 ⭐⭐
  [96m 2. Isaiah Joe               [0m | [91mUNDER 3.5 REB  [0m | Oklahoma City Thunder     vs Toronto Raptors           | [1mA.I.: 10.00[0m | Rating: 4.9 ⭐⭐
  [96m 3. Kyle Kuzma               [0m | [91mUNDER 6.5 REB  [0m | Milwaukee Bucks           vs Dallas Mavericks          | [1mA.I.: 10.00[0m | Rating: 4.8 ⭐⭐
  [96m 4. Brandin Podziemski       [0m | [91mUNDER 5.5 REB  [0m | Golden State Warriors     vs Minnesota Timberwolves    | [1mA.I.: 10.00[0m | Rating: 3.6 ⭐

[96mGenerating HTML report...[0m

[92m✓ HTML report saved: /Users/rico/sports-models/nba/nba_rebounds_props.html[0m

[1m[92m================================================================================[0m
[1m[92m✓ Model execution complete![0m
[1m[92m================================================================================[0m


==========================================
✅ Model completed successfully!
==========================================

📤 Pushing updates to GitHub...
[main 5337c4d1] Update model outputs - 2026-01-25 06:01:27
 Committer: Ricardo Hill <rico@MacBookAir.lan>
Your name and email address were configured automatically based
on your username and hostname. Please check that they are accurate.
You can suppress this message by setting them explicitly. Run the
following command and follow the instructions in your editor to edit
your configuration file:

    git config --global --edit

After doing this, you may fix the identity used for this commit with:

    git commit --amend --reset-author

 1 file changed, 1 insertion(+), 1 deletion(-)
To https://github.com/BangLetsGetIt/NBA-NCAA-Betting-Models.git
   2eeecb7a..5337c4d1  main -> main
✅ Successfully pushed to GitHub!
==========================================
NBA Rebounds Props Model Run: Mon Jan 26 06:00:00 EST 2026
==========================================
Running NBA Rebounds Props model...

[1m[96m================================================================================[0m
[1m[96mNBA REBOUNDS PROPS A.I. MODEL[0m
[1m[96m================================================================================[0m

[96m==========================================================================================[0m
[96m🎯 GRADING PENDING PICKS[0m
[96m==========================================================================================[0m

[93m📋 Found 14 pending picks...[0m

  Fetching team stats to verify completed games for 2025-12-16...
[96m  Fetching batch stats for 12/16/2025...[0m
  Fetching team stats to verify completed games for 2025-12-30...
[96m  Fetching batch stats for 12/30/2025...[0m
  Fetching team stats to verify completed games for 2026-01-01...
[96m  Fetching batch stats for 01/01/2026...[0m
  Fetching team stats to verify completed games for 2026-01-08...
[96m  Fetching batch stats for 01/08/2026...[0m
  Fetching team stats to verify completed games for 2026-01-25...
[96m  Fetching batch stats for 01/25/2026...[0m
  Fetching team stats to verify completed games for 2026-01-26...

[93mNo picks ready for grading yet[0m

[96mFetching REAL NBA player rebounding statistics...[0m
[92m✓ Using cached player rebounding stats (less than 6 hours old)[0m

[96mFetching opponent rebounding factors...[0m
[92m✓ Using cached rebounding factors[0m

[96mFetching player rebounds prop odds...[0m
[96m  Found 7 upcoming games[0m
[96m  Filtered to 7 upcoming games[0m
[96m  Game 1/7: Indiana Pacers @ Atlanta Hawks[0m
[96m  Game 2/7: Philadelphia 76ers @ Charlotte Hornets[0m
[96m  Game 3/7: Orlando Magic @ Cleveland Cavaliers[0m
[96m  Game 4/7: Portland Trail Blazers @ Boston Celtics[0m
[96m  Game 5/7: Los Angeles Lakers @ Chicago Bulls[0m
[96m  Game 6/7: Memphis Grizzlies @ Houston Rockets[0m
[96m  Game 7/7: Golden State Warriors @ Minnesota Timberwolves[0m
[92m✓ Fetched 80 player rebounds props (grouped)[0m

[96mAnalyzing 80 player props with REAL stats...[0m
[92m✓ Found 1 top OVER plays (A.I. Score >= 10.0)[0m
[92m✓ Found 2 top UNDER plays (A.I. Score >= 10.0)[0m
[93m  Skipped 3 props (no player stats found)[0m
[93m  Skipped 151 props (score below 10.0 or failed checks)[0m

[96m==========================================================================================[0m
[96m📊 TRACKING NEW PICKS[0m
[96m==========================================================================================[0m
[93m✓ Updated odds for 1 existing picks[0m

[1m[92m================================================================================[0m
[1m[92mTOP OVER PLAYS[0m
[1m[92m================================================================================[0m
  [96m 1. Moe Wagner               [0m | [92mOVER 3.5 REB   [0m | Orlando Magic             vs Cleveland Cavaliers       | [1mA.I.: 10.00[0m | Rating: 4.9 ⭐⭐

[1m[91m================================================================================[0m
[1m[91mTOP UNDER PLAYS[0m
[1m[91m================================================================================[0m
  [96m 1. Jarace Walker            [0m | [91mUNDER 5.5 REB  [0m | Indiana Pacers            vs Atlanta Hawks             | [1mA.I.: 10.00[0m | Rating: 4.9 ⭐⭐
  [96m 2. Adem Bona                [0m | [91mUNDER 6.5 REB  [0m | Philadelphia 76ers        vs Charlotte Hornets         | [1mA.I.: 10.00[0m | Rating: 4.8 ⭐⭐

[96mGenerating HTML report...[0m

[92m✓ HTML report saved: /Users/rico/sports-models/nba/nba_rebounds_props.html[0m

[1m[92m================================================================================[0m
[1m[92m✓ Model execution complete![0m
[1m[92m================================================================================[0m


==========================================
✅ Model completed successfully!
==========================================

📤 Pushing updates to GitHub...
[main 635cd829] Update model outputs - 2026-01-26 06:00:49
 Committer: Ricardo Hill <rico@MacBookAir.lan>
Your name and email address were configured automatically based
on your username and hostname. Please check that they are accurate.
You can suppress this message by setting them explicitly. Run the
following command and follow the instructions in your editor to edit
your configuration file:

    git config --global --edit

After doing this, you may fix the identity used for this commit with:

    git commit --amend --reset-author

 2 files changed, 6 insertions(+), 5 deletions(-)
To https://github.com/BangLetsGetIt/NBA-NCAA-Betting-Models.git
   faf865be..635cd829  main -> main
✅ Successfully pushed to GitHub!
